instance,policy,budget,seed,depth,backend,anchor_gap,incumbent_gap
air05,best_bound,10,0,0,plain,-0.01882121529341736,0.13323727913854555
air05,best_bound,10,0,9,plain,0.008062079452836095,0.01122317433836354
air05,best_bound,10,0,8,,0.007035403205351285,0.008986122696595131
air05,best_bound,10,0,0,plain,-0.01882121529341736,0.13323727913854555
air05,best_bound,10,0,10,plain,0.012461767902732535,0.06074163949344051
air05,best_bound,10,0,11,plain,0.01347286468997254,0.035679077879730035
air05,best_bound,10,0,12,local_branching,0.015299158261924623,0.015431864715249868
air05,best_bound,10,0,11,plain,0.012464927580192613,0.015204367938120876
air05,best_bound,10,0,10,plain,0.010085690452718173,0.01122317433836354
air05,best_bound,10,0,10,plain,0.007904054692558544,0.010692348525062562
air05,best_bound,10,0,10,plain,0.007303594449078638,0.008986122696595131
air05,best_bound,10,1,0,plain,-0.01882121529341736,0.13323727913854555
air05,best_bound,10,1,10,plain,0.012461767902732535,0.06074163949344051
air05,best_bound,10,1,11,plain,0.01347286468997254,0.035679077879730035
air05,best_bound,10,1,12,local_branching,0.015299158261924623,0.015431864715249868
air05,best_bound,10,1,11,plain,0.012464927580192613,0.015204367938120876
air05,best_bound,10,1,10,plain,0.010085690452718173,0.01122317433836354
air05,best_bound,10,1,10,plain,0.007904054692558544,0.010692348525062562
air05,best_bound,10,1,10,,0.007303594449078638,0.008986122696595131
air05,best_bound,10,2,0,plain,-0.01882121529341736,0.13323727913854555
air05,best_bound,10,2,10,plain,0.012461767902732535,0.06074163949344051
air05,best_bound,10,2,11,plain,0.01347286468997254,0.035679077879730035
air05,best_bound,10,2,12,local_branching,0.015299158261924623,0.015431864715249868
air05,best_bound,10,2,11,plain,0.012464927580192613,0.015204367938120876
air05,best_bound,10,2,10,plain,0.010085690452718173,0.01122317433836354
air05,best_bound,10,2,10,plain,0.007904054692558544,0.010692348525062562
air05,best_bound,10,2,10,,0.007303594449078638,0.008986122696595131
air05,best_bound,300,0,0,plain,-0.01882121529341736,0.13323727913854555
air05,best_bound,300,0,10,plain,0.012461767902732535,0.06074163949344051
air05,best_bound,300,0,11,plain,0.01347286468997254,0.035679077879730035
air05,best_bound,300,0,12,local_branching,0.015299158261924623,0.015431864715249868
air05,best_bound,300,0,11,plain,0.012464927580192613,0.015204367938120876
air05,best_bound,300,0,10,plain,0.010085690452718173,0.01122317433836354
air05,best_bound,300,0,10,plain,0.007904054692558544,0.010692348525062562
air05,best_bound,300,0,10,plain,0.007303594449078638,0.008986122696595131
air05,best_bound,300,1,0,plain,-0.01882121529341736,0.13323727913854555
air05,best_bound,300,1,10,plain,0.012461767902732535,0.06074163949344051
air05,best_bound,300,1,11,plain,0.01347286468997254,0.035679077879730035
air05,best_bound,300,1,12,local_branching,0.015299158261924623,0.015431864715249868
air05,best_bound,300,1,11,plain,0.012464927580192613,0.015204367938120876
air05,best_bound,300,1,10,plain,0.010085690452718173,0.01122317433836354
air05,best_bound,300,1,10,plain,0.007904054692558544,0.010692348525062562
air05,best_bound,300,1,10,plain,0.007303594449078638,0.008986122696595131
air05,best_bound,300,2,0,plain,-0.01882121529341736,0.13323727913854555
air05,best_bound,300,2,10,plain,0.012461767902732535,0.06074163949344051
air05,best_bound,300,2,11,plain,0.01347286468997254,0.035679077879730035
air05,best_bound,300,2,12,local_branching,0.015299158261924623,0.015431864715249868
air05,best_bound,300,2,11,plain,0.012464927580192613,0.015204367938120876
air05,best_bound,300,2,10,plain,0.010085690452718173,0.01122317433836354
air05,best_bound,300,2,10,plain,0.007904054692558544,0.010692348525062562
air05,best_bound,300,2,10,,0.007303594449078638,0.008986122696595131
air05,best_bound,60,0,0,plain,-0.01882121529341736,0.13323727913854555
air05,best_bound,60,0,10,plain,0.012461767902732535,0.06074163949344051
air05,best_bound,60,0,11,plain,0.01347286468997254,0.035679077879730035
air05,best_bound,60,0,12,local_branching,0.015299158261924623,0.015431864715249868
air05,best_bound,60,0,11,plain,0.012464927580192613,0.015204367938120876
air05,best_bound,60,0,10,plain,0.010085690452718173,0.01122317433836354
air05,best_bound,60,0,10,plain,0.007904054692558544,0.010692348525062562
air05,best_bound,60,0,10,,0.007303594449078638,0.008986122696595131
air05,best_bound,60,1,0,plain,-0.01882121529341736,0.13323727913854555
air05,best_bound,60,1,10,plain,0.012461767902732535,0.06074163949344051
air05,best_bound,60,1,11,plain,0.01347286468997254,0.035679077879730035
air05,best_bound,60,1,12,local_branching,0.015299158261924623,0.015431864715249868
air05,best_bound,60,1,11,plain,0.012464927580192613,0.015204367938120876
air05,best_bound,60,1,10,plain,0.010085690452718173,0.01122317433836354
air05,best_bound,60,1,10,plain,0.007904054692558544,0.010692348525062562
air05,best_bound,60,1,10,,0.007303594449078638,0.008986122696595131
air05,best_bound,60,2,0,plain,-0.01882121529341736,0.13323727913854555
air05,best_bound,60,2,10,plain,0.012461767902732535,0.06074163949344051
air05,best_bound,60,2,11,plain,0.01347286468997254,0.035679077879730035
air05,best_bound,60,2,12,local_branching,0.015299158261924623,0.015431864715249868
air05,best_bound,60,2,11,plain,0.012464927580192613,0.015204367938120876
air05,best_bound,60,2,10,plain,0.010085690452718173,0.01122317433836354
air05,best_bound,60,2,10,plain,0.007904054692558544,0.010692348525062562
air05,best_bound,60,2,10,plain,0.007303594449078638,0.008986122696595131
air05,best_bound,900,0,0,plain,-0.01882121529341736,0.13323727913854555
air05,best_bound,900,0,10,plain,0.012461767902732535,0.06074163949344051
air05,best_bound,900,0,11,plain,0.01347286468997254,0.035679077879730035
air05,best_bound,900,0,12,local_branching,0.015299158261924623,0.015431864715249868
air05,best_bound,900,0,11,plain,0.012464927580192613,0.015204367938120876
air05,best_bound,900,0,10,plain,0.010085690452718173,0.01122317433836354
air05,best_bound,900,0,10,plain,0.007904054692558544,0.010692348525062562
air05,best_bound,900,0,10,,0.007303594449078638,0.008986122696595131
air05,best_bound,900,1,0,plain,-0.01882121529341736,0.13323727913854555
air05,best_bound,900,1,10,plain,0.012461767902732535,0.06074163949344051
air05,best_bound,900,1,11,plain,0.01347286468997254,0.035679077879730035
air05,best_bound,900,1,12,local_branching,0.015299158261924623,0.015431864715249868
air05,best_bound,900,1,11,plain,0.012464927580192613,0.015204367938120876
air05,best_bound,900,1,10,plain,0.010085690452718173,0.01122317433836354
air05,best_bound,900,1,10,plain,0.007904054692558544,0.010692348525062562
air05,best_bound,900,1,10,plain,0.007303594449078638,0.008986122696595131
air05,best_bound,900,2,0,plain,-0.01882121529341736,0.13323727913854555
air05,best_bound,900,2,10,plain,0.012461767902732535,0.06074163949344051
air05,best_bound,900,2,11,plain,0.01347286468997254,0.035679077879730035
air05,best_bound,900,2,12,local_branching,0.015299158261924623,0.015431864715249868
air05,best_bound,900,2,11,plain,0.012464927580192613,0.015204367938120876
air05,best_bound,900,2,10,plain,0.010085690452718173,0.01122317433836354
air05,best_bound,900,2,10,plain,0.007904054692558544,0.010692348525062562
air05,best_bound,900,2,10,,0.007303594449078638,0.008986122696595131
air05,best_estimate,10,0,0,plain,-0.01882121529341736,0.13323727913854555
air05,best_estimate,10,0,10,plain,0.012461767902732535,0.06074163949344051
air05,best_estimate,10,0,11,plain,0.01347286468997254,0.035679077879730035
air05,best_estimate,10,0,12,local_branching,0.015299158261924623,0.015431864715249868
air05,best_estimate,10,0,11,plain,0.012464927580192613,0.015204367938120876
air05,best_estimate,10,0,10,plain,0.010085690452718173,0.01122317433836354
air05,best_estimate,10,0,10,plain,0.007904054692558544,0.010692348525062562
air05,best_estimate,10,0,10,plain,0.007303594449078638,0.008986122696595131
air05,best_estimate,10,1,0,plain,-0.01882121529341736,0.13323727913854555
air05,best_estimate,10,1,10,plain,0.012461767902732535,0.06074163949344051
air05,best_estimate,10,1,11,plain,0.01347286468997254,0.035679077879730035
air05,best_estimate,10,1,12,local_branching,0.015299158261924623,0.015431864715249868
air05,best_estimate,10,1,11,plain,0.012464927580192613,0.015204367938120876
air05,best_estimate,10,1,10,plain,0.010085690452718173,0.01122317433836354
air05,best_estimate,10,1,10,plain,0.007904054692558544,0.010692348525062562
air05,best_estimate,10,1,10,plain,0.007303594449078638,0.008986122696595131
air05,best_estimate,10,2,0,plain,-0.01882121529341736,0.13323727913854555
air05,best_estimate,10,2,10,plain,0.012461767902732535,0.06074163949344051
air05,best_estimate,10,2,11,plain,0.01347286468997254,0.035679077879730035
air05,best_estimate,10,2,12,local_branching,0.015299158261924623,0.015431864715249868
air05,best_estimate,10,2,11,plain,0.012464927580192613,0.015204367938120876
air05,best_estimate,10,2,10,plain,0.010085690452718173,0.01122317433836354
air05,best_estimate,10,2,10,plain,0.007904054692558544,0.010692348525062562
air05,best_estimate,10,2,10,plain,0.007303594449078638,0.008986122696595131
air05,best_estimate,300,0,0,plain,-0.01882121529341736,0.13323727913854555
air05,best_estimate,300,0,10,plain,0.012461767902732535,0.06074163949344051
air05,best_estimate,300,0,11,plain,0.01347286468997254,0.035679077879730035
air05,best_estimate,300,0,12,local_branching,0.015299158261924623,0.015431864715249868
air05,best_estimate,300,0,11,plain,0.012464927580192613,0.015204367938120876
air05,best_estimate,300,0,10,plain,0.010085690452718173,0.01122317433836354
air05,best_estimate,300,0,10,plain,0.007904054692558544,0.010692348525062562
air05,best_estimate,300,0,10,,0.007303594449078638,0.008986122696595131
air05,best_estimate,300,1,0,plain,-0.01882121529341736,0.13323727913854555
air05,best_estimate,300,1,10,plain,0.012461767902732535,0.06074163949344051
air05,best_estimate,300,1,11,plain,0.01347286468997254,0.035679077879730035
air05,best_estimate,300,1,12,local_branching,0.015299158261924623,0.015431864715249868
air05,best_estimate,300,1,11,plain,0.012464927580192613,0.015204367938120876
air05,best_estimate,300,1,10,plain,0.010085690452718173,0.01122317433836354
air05,best_estimate,300,1,10,plain,0.007904054692558544,0.010692348525062562
air05,best_estimate,300,1,10,,0.007303594449078638,0.008986122696595131
air05,best_estimate,300,2,0,plain,-0.01882121529341736,0.13323727913854555
air05,best_estimate,300,2,10,plain,0.012461767902732535,0.06074163949344051
air05,best_estimate,300,2,11,plain,0.01347286468997254,0.035679077879730035
air05,best_estimate,300,2,12,local_branching,0.015299158261924623,0.015431864715249868
air05,best_estimate,300,2,11,plain,0.012464927580192613,0.015204367938120876
air05,best_estimate,300,2,10,plain,0.010085690452718173,0.01122317433836354
air05,best_estimate,300,2,10,plain,0.007904054692558544,0.010692348525062562
air05,best_estimate,300,2,10,,0.007303594449078638,0.008986122696595131
air05,best_estimate,60,0,0,plain,-0.01882121529341736,0.13323727913854555
air05,best_estimate,60,0,10,plain,0.012461767902732535,0.06074163949344051
air05,best_estimate,60,0,11,plain,0.01347286468997254,0.035679077879730035
air05,best_estimate,60,0,12,local_branching,0.015299158261924623,0.015431864715249868
air05,best_estimate,60,0,11,plain,0.012464927580192613,0.015204367938120876
air05,best_estimate,60,0,10,plain,0.010085690452718173,0.01122317433836354
air05,best_estimate,60,0,10,plain,0.007904054692558544,0.010692348525062562
air05,best_estimate,60,0,10,,0.007303594449078638,0.008986122696595131
air05,best_estimate,60,1,0,plain,-0.01882121529341736,0.13323727913854555
air05,best_estimate,60,1,10,plain,0.012461767902732535,0.06074163949344051
air05,best_estimate,60,1,11,plain,0.01347286468997254,0.035679077879730035
air05,best_estimate,60,1,12,local_branching,0.015299158261924623,0.015431864715249868
air05,best_estimate,60,1,11,plain,0.012464927580192613,0.015204367938120876
air05,best_estimate,60,1,10,plain,0.010085690452718173,0.01122317433836354
air05,best_estimate,60,1,10,plain,0.007904054692558544,0.010692348525062562
air05,best_estimate,60,1,10,,0.007303594449078638,0.008986122696595131
air05,best_estimate,60,2,0,plain,-0.01882121529341736,0.13323727913854555
air05,best_estimate,60,2,10,plain,0.012461767902732535,0.06074163949344051
air05,best_estimate,60,2,11,plain,0.01347286468997254,0.035679077879730035
air05,best_estimate,60,2,12,local_branching,0.015299158261924623,0.015431864715249868
air05,best_estimate,60,2,11,plain,0.012464927580192613,0.015204367938120876
air05,best_estimate,60,2,10,plain,0.010085690452718173,0.01122317433836354
air05,best_estimate,60,2,10,plain,0.007904054692558544,0.010692348525062562
air05,best_estimate,60,2,10,,0.007303594449078638,0.008986122696595131
air05,best_estimate,900,0,0,plain,-0.01882121529341736,0.13323727913854555
air05,best_estimate,900,0,10,plain,0.012461767902732535,0.06074163949344051
air05,best_estimate,900,0,11,plain,0.01347286468997254,0.035679077879730035
air05,best_estimate,900,0,12,local_branching,0.015299158261924623,0.015431864715249868
air05,best_estimate,900,0,11,plain,0.012464927580192613,0.015204367938120876
air05,best_estimate,900,0,10,plain,0.010085690452718173,0.01122317433836354
air05,best_estimate,900,0,10,plain,0.007904054692558544,0.010692348525062562
air05,best_estimate,900,0,10,,0.007303594449078638,0.008986122696595131
air05,best_estimate,900,1,0,plain,-0.01882121529341736,0.13323727913854555
air05,best_estimate,900,1,10,plain,0.012461767902732535,0.06074163949344051
air05,best_estimate,900,1,11,plain,0.01347286468997254,0.035679077879730035
air05,best_estimate,900,1,12,local_branching,0.015299158261924623,0.015431864715249868
air05,best_estimate,900,1,11,plain,0.012464927580192613,0.015204367938120876
air05,best_estimate,900,1,10,plain,0.010085690452718173,0.01122317433836354
air05,best_estimate,900,1,10,plain,0.007904054692558544,0.010692348525062562
air05,best_estimate,900,1,10,,0.007303594449078638,0.008986122696595131
air05,best_estimate,900,2,0,plain,-0.01882121529341736,0.13323727913854555
air05,best_estimate,900,2,10,plain,0.012461767902732535,0.06074163949344051
air05,best_estimate,900,2,11,plain,0.01347286468997254,0.035679077879730035
air05,best_estimate,900,2,12,local_branching,0.015299158261924623,0.015431864715249868
air05,best_estimate,900,2,11,plain,0.012464927580192613,0.015204367938120876
air05,best_estimate,900,2,10,plain,0.010085690452718173,0.01122317433836354
air05,best_estimate,900,2,10,plain,0.007904054692558544,0.010692348525062562
air05,best_estimate,900,2,10,,0.007303594449078638,0.008986122696595131
air05,boltzmann_adaptive,10,0,0,plain,-0.01882121529341736,0.13323727913854555
air05,boltzmann_adaptive,10,1,0,plain,-0.01882121529341736,0.13323727913854555
air05,boltzmann_adaptive,10,2,0,plain,-0.01882121529341736,0.13323727913854555
air05,boltzmann_adaptive,10,2,5,plain,-0.00780350766990554,0.08709334951088193
air05,boltzmann_adaptive,300,0,0,plain,-0.01882121529341736,0.13323727913854555
air05,boltzmann_adaptive,300,0,13,plain,0.015727638507900394,0.10760597558201258
air05,boltzmann_adaptive,300,0,14,plain,0.01652837013618354,0.0903162205202093
air05,boltzmann_adaptive,300,0,14,plain,0.015543583177185696,0.07643891711534087
air05,boltzmann_adaptive,300,0,13,plain,0.02930994191867997,0.06642905892166527
air05,boltzmann_adaptive,300,0,18,plain,0.02918120118298324,0.054561310381436266
air05,boltzmann_adaptive,300,0,19,plain,0.03027775288334894,0.04705391673617957
air05,boltzmann_adaptive,300,1,0,plain,-0.01882121529341736,0.13323727913854555
air05,boltzmann_adaptive,300,1,9,plain,0.006205178726968335,0.11526503374535528
air05,boltzmann_adaptive,300,1,11,plain,0.0062940775005681905,0.023773413209979527
air05,boltzmann_adaptive,300,1,13,plain,0.010266002713109434,0.011374838856449533
air05,boltzmann_adaptive,300,1,13,plain,0.008965278751046793,0.00925153560324562
air05,boltzmann_adaptive,300,2,0,plain,-0.01882121529341736,0.13323727913854555
air05,boltzmann_adaptive,300,2,5,plain,-0.00780350766990554,0.08709334951088193
air05,boltzmann_adaptive,300,2,11,plain,0.007695751191911775,0.08220216880260862
air05,boltzmann_adaptive,300,2,17,plain,0.03830957429016338,0.06491241374080534
air05,boltzmann_adaptive,300,2,17,plain,0.04023375293849976,0.043072723136422235
air05,boltzmann_adaptive,60,0,0,plain,-0.01882121529341736,0.13323727913854555
air05,boltzmann_adaptive,60,0,13,plain,0.015727638507900394,0.10760597558201258
air05,boltzmann_adaptive,60,0,14,plain,0.01652837013618354,0.0903162205202093
air05,boltzmann_adaptive,60,0,14,plain,0.015543583177185696,0.07643891711534087
air05,boltzmann_adaptive,60,0,13,plain,0.02930994191867997,0.06642905892166527
air05,boltzmann_adaptive,60,0,18,plain,0.02918120118298324,0.054561310381436266
air05,boltzmann_adaptive,60,0,19,plain,0.03027775288334894,0.04705391673617957
air05,boltzmann_adaptive,60,1,0,plain,-0.01882121529341736,0.13323727913854555
air05,boltzmann_adaptive,60,1,9,plain,0.006205178726968335,0.11526503374535528
air05,boltzmann_adaptive,60,1,12,plain,0.006937466823386806,0.023773413209979527
air05,boltzmann_adaptive,60,1,11,plain,0.011218298689361857,0.013763555016303936
air05,boltzmann_adaptive,60,1,13,plain,0.008965278751046793,0.00925153560324562
air05,boltzmann_adaptive,60,2,0,plain,-0.01882121529341736,0.13323727913854555
air05,boltzmann_adaptive,60,2,5,plain,-0.00780350766990554,0.08709334951088193
air05,boltzmann_adaptive,60,2,11,plain,0.007695751191911775,0.08220216880260862
air05,boltzmann_adaptive,60,2,17,plain,0.03830957429016338,0.06491241374080534
air05,boltzmann_adaptive,60,2,17,plain,0.04023375293849976,0.043072723136422235
air05,boltzmann_adaptive,900,0,0,plain,-0.01882121529341736,0.13323727913854555
air05,boltzmann_adaptive,900,0,13,plain,0.015727638507900394,0.10760597558201258
air05,boltzmann_adaptive,900,0,14,plain,0.01652837013618354,0.0903162205202093
air05,boltzmann_adaptive,900,0,14,plain,0.015543583177185696,0.07643891711534087
air05,boltzmann_adaptive,900,0,13,plain,0.02930994191867997,0.06642905892166527
air05,boltzmann_adaptive,900,0,18,plain,0.02918120118298324,0.054561310381436266
air05,boltzmann_adaptive,900,0,19,plain,0.03027775288334894,0.04705391673617957
air05,boltzmann_adaptive,900,1,0,plain,-0.01882121529341736,0.13323727913854555
air05,boltzmann_adaptive,900,1,9,plain,0.006205178726968335,0.11526503374535528
air05,boltzmann_adaptive,900,1,10,plain,0.005490517576745458,0.06214453628573595
air05,boltzmann_adaptive,900,1,13,plain,0.008965278751046793,0.00925153560324562
air05,boltzmann_adaptive,900,2,0,plain,-0.01882121529341736,0.13323727913854555
air05,boltzmann_adaptive,900,2,5,plain,-0.00780350766990554,0.08709334951088193
air05,boltzmann_adaptive,900,2,11,plain,0.007695751191911775,0.08220216880260862
air05,boltzmann_adaptive,900,2,17,plain,0.03830957429016338,0.06491241374080534
air05,boltzmann_adaptive,900,2,17,plain,0.04023375293849976,0.043072723136422235
air05,depth_first,10,0,0,plain,-0.01882121529341736,0.13323727913854555
air05,depth_first,10,0,10,plain,0.012461767902732535,0.05983165238492455
air05,depth_first,10,0,11,plain,0.01347286468997254,0.032569955258967165
air05,depth_first,10,0,12,local_branching,0.015299158261924623,0.015431864715249868
air05,depth_first,10,0,11,plain,0.012464927580192613,0.015204367938120876
air05,depth_first,10,0,10,plain,0.010085690452718173,0.01122317433836354
air05,depth_first,10,0,9,plain,0.007836000101109587,0.010692348525062562
air05,depth_first,10,0,10,plain,0.007303594449078638,0.008986122696595131
air05,depth_first,10,0,0,plain,-0.01882121529341736,0.13323727913854555
air05,depth_first,10,0,10,plain,0.012461767902732535,0.06074163949344051
air05,depth_first,10,0,11,plain,0.01347286468997254,0.035679077879730035
air05,depth_first,10,0,12,local_branching,0.015299158261924623,0.015431864715249868
air05,depth_first,10,0,11,plain,0.012464927580192613,0.015204367938120876
air05,depth_first,10,0,10,plain,0.010085690452718173,0.01122317433836354
air05,depth_first,10,0,10,plain,0.007904054692558544,0.010692348525062562
air05,depth_first,10,0,10,plain,0.007303594449078638,0.008986122696595131
air05,depth_first,10,1,0,plain,-0.01882121529341736,0.13323727913854555
air05,depth_first,10,1,10,plain,0.012461767902732535,0.06074163949344051
air05,depth_first,10,1,11,plain,0.01347286468997254,0.035679077879730035
air05,depth_first,10,1,12,local_branching,0.015299158261924623,0.015431864715249868
air05,depth_first,10,1,11,plain,0.012464927580192613,0.015204367938120876
air05,depth_first,10,1,10,plain,0.010085690452718173,0.01122317433836354
air05,depth_first,10,1,10,plain,0.007904054692558544,0.010692348525062562
air05,depth_first,10,1,10,,0.007303594449078638,0.008986122696595131
air05,depth_first,10,2,0,plain,-0.01882121529341736,0.13323727913854555
air05,depth_first,10,2,10,plain,0.012461767902732535,0.06074163949344051
air05,depth_first,10,2,11,plain,0.01347286468997254,0.035679077879730035
air05,depth_first,10,2,12,local_branching,0.015299158261924623,0.015431864715249868
air05,depth_first,10,2,11,plain,0.012464927580192613,0.015204367938120876
air05,depth_first,10,2,10,plain,0.010085690452718173,0.01122317433836354
air05,depth_first,10,2,10,plain,0.007904054692558544,0.010692348525062562
air05,depth_first,10,2,10,,0.007303594449078638,0.008986122696595131
air05,depth_first,300,0,0,plain,-0.01882121529341736,0.13323727913854555
air05,depth_first,300,0,10,plain,0.012461767902732535,0.06074163949344051
air05,depth_first,300,0,11,plain,0.01347286468997254,0.035679077879730035
air05,depth_first,300,0,12,local_branching,0.015299158261924623,0.015431864715249868
air05,depth_first,300,0,11,plain,0.012464927580192613,0.015204367938120876
air05,depth_first,300,0,10,plain,0.010085690452718173,0.01122317433836354
air05,depth_first,300,0,10,plain,0.007904054692558544,0.010692348525062562
air05,depth_first,300,0,10,,0.007303594449078638,0.008986122696595131
air05,depth_first,300,1,0,plain,-0.01882121529341736,0.13323727913854555
air05,depth_first,300,1,10,plain,0.012461767902732535,0.06074163949344051
air05,depth_first,300,1,11,plain,0.01347286468997254,0.035679077879730035
air05,depth_first,300,1,12,local_branching,0.015299158261924623,0.015431864715249868
air05,depth_first,300,1,11,plain,0.012464927580192613,0.015204367938120876
air05,depth_first,300,1,10,plain,0.010085690452718173,0.01122317433836354
air05,depth_first,300,1,10,plain,0.007904054692558544,0.010692348525062562
air05,depth_first,300,1,10,plain,0.007303594449078638,0.008986122696595131
air05,depth_first,300,2,0,plain,-0.01882121529341736,0.13323727913854555
air05,depth_first,300,2,10,plain,0.012461767902732535,0.06074163949344051
air05,depth_first,300,2,11,plain,0.01347286468997254,0.035679077879730035
air05,depth_first,300,2,12,local_branching,0.015299158261924623,0.015431864715249868
air05,depth_first,300,2,11,plain,0.012464927580192613,0.015204367938120876
air05,depth_first,300,2,10,plain,0.010085690452718173,0.01122317433836354
air05,depth_first,300,2,10,plain,0.007904054692558544,0.010692348525062562
air05,depth_first,300,2,10,plain,0.007303594449078638,0.008986122696595131
air05,depth_first,60,0,0,plain,-0.01882121529341736,0.13323727913854555
air05,depth_first,60,0,10,plain,0.012461767902732535,0.06074163949344051
air05,depth_first,60,0,11,plain,0.01347286468997254,0.035679077879730035
air05,depth_first,60,0,12,local_branching,0.015299158261924623,0.015431864715249868
air05,depth_first,60,0,11,plain,0.012464927580192613,0.015204367938120876
air05,depth_first,60,0,10,plain,0.010085690452718173,0.01122317433836354
air05,depth_first,60,0,10,plain,0.007904054692558544,0.010692348525062562
air05,depth_first,60,0,10,plain,0.007303594449078638,0.008986122696595131
air05,depth_first,60,1,0,plain,-0.01882121529341736,0.13323727913854555
air05,depth_first,60,1,10,plain,0.012461767902732535,0.06074163949344051
air05,depth_first,60,1,11,plain,0.01347286468997254,0.035679077879730035
air05,depth_first,60,1,12,local_branching,0.015299158261924623,0.015431864715249868
air05,depth_first,60,1,11,plain,0.012464927580192613,0.015204367938120876
air05,depth_first,60,1,10,plain,0.010085690452718173,0.01122317433836354
air05,depth_first,60,1,10,plain,0.007904054692558544,0.010692348525062562
air05,depth_first,60,1,10,,0.007303594449078638,0.008986122696595131
air05,depth_first,60,2,0,plain,-0.01882121529341736,0.13323727913854555
air05,depth_first,60,2,10,plain,0.012461767902732535,0.06074163949344051
air05,depth_first,60,2,11,plain,0.01347286468997254,0.035679077879730035
air05,depth_first,60,2,12,local_branching,0.015299158261924623,0.015431864715249868
air05,depth_first,60,2,11,plain,0.012464927580192613,0.015204367938120876
air05,depth_first,60,2,10,plain,0.010085690452718173,0.01122317433836354
air05,depth_first,60,2,10,plain,0.007904054692558544,0.010692348525062562
air05,depth_first,60,2,10,,0.007303594449078638,0.008986122696595131
air05,depth_first,900,0,0,plain,-0.01882121529341736,0.13323727913854555
air05,depth_first,900,0,10,plain,0.012461767902732535,0.06074163949344051
air05,depth_first,900,0,11,plain,0.01347286468997254,0.035679077879730035
air05,depth_first,900,0,12,local_branching,0.015299158261924623,0.015431864715249868
air05,depth_first,900,0,11,plain,0.012464927580192613,0.015204367938120876
air05,depth_first,900,0,10,plain,0.010085690452718173,0.01122317433836354
air05,depth_first,900,0,10,plain,0.007904054692558544,0.010692348525062562
air05,depth_first,900,0,10,,0.007303594449078638,0.008986122696595131
air05,depth_first,900,1,0,plain,-0.01882121529341736,0.13323727913854555
air05,depth_first,900,1,10,plain,0.012461767902732535,0.06074163949344051
air05,depth_first,900,1,11,plain,0.01347286468997254,0.035679077879730035
air05,depth_first,900,1,12,local_branching,0.015299158261924623,0.015431864715249868
air05,depth_first,900,1,11,plain,0.012464927580192613,0.015204367938120876
air05,depth_first,900,1,10,plain,0.010085690452718173,0.01122317433836354
air05,depth_first,900,1,10,plain,0.007904054692558544,0.010692348525062562
air05,depth_first,900,1,10,,0.007303594449078638,0.008986122696595131
air05,depth_first,900,2,0,plain,-0.01882121529341736,0.13323727913854555
air05,depth_first,900,2,10,plain,0.012461767902732535,0.06074163949344051
air05,depth_first,900,2,11,plain,0.01347286468997254,0.035679077879730035
air05,depth_first,900,2,12,local_branching,0.015299158261924623,0.015431864715249868
air05,depth_first,900,2,11,plain,0.012464927580192613,0.015204367938120876
air05,depth_first,900,2,10,plain,0.010085690452718173,0.01122317433836354
air05,depth_first,900,2,10,plain,0.007904054692558544,0.010692348525062562
air05,depth_first,900,2,10,plain,0.007303594449078638,0.008986122696595131
air05,greedy_score,10,0,0,plain,-0.01882121529341736,0.13323727913854555
air05,greedy_score,10,0,8,plain,0.006808757442858491,0.03526200045499355
air05,greedy_score,10,0,9,,0.007538336693486649,0.012171077576401
air05,greedy_score,10,0,11,plain,0.009210838339529168,0.011602335633578525
air05,greedy_score,10,1,0,plain,-0.01882121529341736,0.13323727913854555
air05,greedy_score,10,1,8,plain,0.006808757442858491,0.03526200045499355
air05,greedy_score,10,1,9,,0.007538336693486649,0.012171077576401
air05,greedy_score,10,1,12,,0.009694766397850132,0.011602335633578525
air05,greedy_score,10,2,0,plain,-0.01882121529341736,0.13323727913854555
air05,greedy_score,10,2,8,plain,0.006808757442858491,0.03526200045499355
air05,greedy_score,10,2,9,,0.007538336693486649,0.012171077576401
air05,greedy_score,10,2,12,,0.009694766397850132,0.011602335633578525
air05,greedy_score,300,0,0,plain,-0.01882121529341736,0.13323727913854555
air05,greedy_score,300,0,4,plain,-0.010468615615120946,0.08371881398346857
air05,greedy_score,300,0,10,plain,0.010856200370494435,0.0146356259952984
air05,greedy_score,300,0,17,plain,0.013510780819493487,0.013725638886782437
air05,greedy_score,300,1,0,plain,-0.01882121529341736,0.13323727913854555
air05,greedy_score,300,1,8,plain,0.006808757442858491,0.03526200045499355
air05,greedy_score,300,1,9,,0.007538336693486649,0.012171077576401
air05,greedy_score,300,1,12,,0.009694766397850132,0.011602335633578525
air05,greedy_score,300,1,16,,0.011393796921210283,0.011412754985971033
air05,greedy_score,300,2,0,plain,-0.01882121529341736,0.13323727913854555
air05,greedy_score,300,2,8,plain,0.006808757442858491,0.03526200045499355
air05,greedy_score,300,2,9,,0.007538336693486649,0.012171077576401
air05,greedy_score,300,2,12,,0.009694766397850132,0.011602335633578525
air05,greedy_score,300,2,16,,0.011393796921210283,0.011412754985971033
air05,greedy_score,60,0,0,plain,-0.01882121529341736,0.13323727913854555
air05,greedy_score,60,0,8,plain,0.006808757442858491,0.03526200045499355
air05,greedy_score,60,0,9,,0.007538336693486649,0.012171077576401
air05,greedy_score,60,0,12,,0.009694766397850132,0.011602335633578525
air05,greedy_score,60,0,16,,0.011393796921210283,0.011412754985971033
air05,greedy_score,60,1,0,plain,-0.01882121529341736,0.13323727913854555
air05,greedy_score,60,1,8,plain,0.006808757442858491,0.03526200045499355
air05,greedy_score,60,1,9,,0.007538336693486649,0.012171077576401
air05,greedy_score,60,1,12,,0.009694766397850132,0.011602335633578525
air05,greedy_score,60,1,16,,0.011393796921210283,0.011412754985971033
air05,greedy_score,60,2,0,plain,-0.01882121529341736,0.13323727913854555
air05,greedy_score,60,2,8,plain,0.006808757442858491,0.03526200045499355
air05,greedy_score,60,2,9,,0.007538336693486649,0.012171077576401
air05,greedy_score,60,2,12,,0.009694766397850132,0.011602335633578525
air05,greedy_score,60,2,16,,0.011393796921210283,0.011412754985971033
air05,greedy_score,900,0,0,plain,-0.01882121529341736,0.13323727913854555
air05,greedy_score,900,0,8,plain,0.006808757442858491,0.03526200045499355
air05,greedy_score,900,0,9,,0.007538336693486649,0.012171077576401
air05,greedy_score,900,0,12,,0.009694766397850132,0.011602335633578525
air05,greedy_score,900,0,16,,0.011393796921210283,0.011412754985971033
air05,greedy_score,900,1,0,plain,-0.01882121529341736,0.13323727913854555
air05,greedy_score,900,1,8,plain,0.006808757442858491,0.03526200045499355
air05,greedy_score,900,1,9,,0.007538336693486649,0.012171077576401
air05,greedy_score,900,1,12,,0.009694766397850132,0.011602335633578525
air05,greedy_score,900,1,16,,0.011393796921210283,0.011412754985971033
air05,greedy_score,900,2,0,plain,-0.01882121529341736,0.13323727913854555
air05,greedy_score,900,2,8,plain,0.006808757442858491,0.03526200045499355
air05,greedy_score,900,2,9,,0.007538336693486649,0.012171077576401
air05,greedy_score,900,2,12,,0.009694766397850132,0.011602335633578525
air05,greedy_score,900,2,16,,0.011393796921210283,0.011412754985971033
air05,hybrid_best_bound_depth,10,0,0,plain,-0.01882121529341736,0.13323727913854555
air05,hybrid_best_bound_depth,10,0,10,plain,0.012461767902732535,0.05983165238492455
air05,hybrid_best_bound_depth,10,0,11,plain,0.01347286468997254,0.032569955258967165
air05,hybrid_best_bound_depth,10,0,12,local_branching,0.015299158261924623,0.015431864715249868
air05,hybrid_best_bound_depth,10,0,11,plain,0.012464927580192613,0.015204367938120876
air05,hybrid_best_bound_depth,10,0,10,plain,0.010085690452718173,0.01122317433836354
air05,hybrid_best_bound_depth,10,0,9,plain,0.007836000101109587,0.010692348525062562
air05,hybrid_best_bound_depth,10,0,10,plain,0.007303594449078638,0.008986122696595131
air05,hybrid_best_bound_depth,10,0,0,plain,-0.01882121529341736,0.13323727913854555
air05,hybrid_best_bound_depth,10,0,10,plain,0.012461767902732535,0.06074163949344051
air05,hybrid_best_bound_depth,10,0,11,plain,0.01347286468997254,0.035679077879730035
air05,hybrid_best_bound_depth,10,0,12,local_branching,0.015299158261924623,0.015431864715249868
air05,hybrid_best_bound_depth,10,0,11,plain,0.012464927580192613,0.015204367938120876
air05,hybrid_best_bound_depth,10,0,10,plain,0.010085690452718173,0.01122317433836354
air05,hybrid_best_bound_depth,10,0,10,plain,0.007904054692558544,0.010692348525062562
air05,hybrid_best_bound_depth,10,0,10,plain,0.007303594449078638,0.008986122696595131
air05,hybrid_best_bound_depth,10,1,0,plain,-0.01882121529341736,0.13323727913854555
air05,hybrid_best_bound_depth,10,1,10,plain,0.012461767902732535,0.06074163949344051
air05,hybrid_best_bound_depth,10,1,11,plain,0.01347286468997254,0.035679077879730035
air05,hybrid_best_bound_depth,10,1,12,local_branching,0.015299158261924623,0.015431864715249868
air05,hybrid_best_bound_depth,10,1,11,plain,0.012464927580192613,0.015204367938120876
air05,hybrid_best_bound_depth,10,1,10,plain,0.010085690452718173,0.01122317433836354
air05,hybrid_best_bound_depth,10,1,10,plain,0.007904054692558544,0.010692348525062562
air05,hybrid_best_bound_depth,10,1,10,,0.007303594449078638,0.008986122696595131
air05,hybrid_best_bound_depth,10,2,0,plain,-0.01882121529341736,0.13323727913854555
air05,hybrid_best_bound_depth,10,2,10,plain,0.012461767902732535,0.06074163949344051
air05,hybrid_best_bound_depth,10,2,11,plain,0.01347286468997254,0.035679077879730035
air05,hybrid_best_bound_depth,10,2,12,local_branching,0.015299158261924623,0.015431864715249868
air05,hybrid_best_bound_depth,10,2,11,plain,0.012464927580192613,0.015204367938120876
air05,hybrid_best_bound_depth,10,2,10,plain,0.010085690452718173,0.01122317433836354
air05,hybrid_best_bound_depth,10,2,10,plain,0.007904054692558544,0.010692348525062562
air05,hybrid_best_bound_depth,10,2,10,plain,0.007303594449078638,0.008986122696595131
air05,hybrid_best_bound_depth,300,0,0,plain,-0.01882121529341736,0.13323727913854555
air05,hybrid_best_bound_depth,300,0,10,plain,0.012461767902732535,0.06074163949344051
air05,hybrid_best_bound_depth,300,0,11,plain,0.01347286468997254,0.035679077879730035
air05,hybrid_best_bound_depth,300,0,12,local_branching,0.015299158261924623,0.015431864715249868
air05,hybrid_best_bound_depth,300,0,11,plain,0.012464927580192613,0.015204367938120876
air05,hybrid_best_bound_depth,300,0,10,plain,0.010085690452718173,0.01122317433836354
air05,hybrid_best_bound_depth,300,0,10,plain,0.007904054692558544,0.010692348525062562
air05,hybrid_best_bound_depth,300,0,10,plain,0.007303594449078638,0.008986122696595131
air05,hybrid_best_bound_depth,300,1,0,plain,-0.01882121529341736,0.13323727913854555
air05,hybrid_best_bound_depth,300,1,10,plain,0.012461767902732535,0.06074163949344051
air05,hybrid_best_bound_depth,300,1,11,plain,0.01347286468997254,0.035679077879730035
air05,hybrid_best_bound_depth,300,1,12,local_branching,0.015299158261924623,0.015431864715249868
air05,hybrid_best_bound_depth,300,1,11,plain,0.012464927580192613,0.015204367938120876
air05,hybrid_best_bound_depth,300,1,10,plain,0.010085690452718173,0.01122317433836354
air05,hybrid_best_bound_depth,300,1,10,plain,0.007904054692558544,0.010692348525062562
air05,hybrid_best_bound_depth,300,1,10,,0.007303594449078638,0.008986122696595131
air05,hybrid_best_bound_depth,300,2,0,plain,-0.01882121529341736,0.13323727913854555
air05,hybrid_best_bound_depth,300,2,10,plain,0.012461767902732535,0.06074163949344051
air05,hybrid_best_bound_depth,300,2,11,plain,0.01347286468997254,0.035679077879730035
air05,hybrid_best_bound_depth,300,2,12,local_branching,0.015299158261924623,0.015431864715249868
air05,hybrid_best_bound_depth,300,2,11,plain,0.012464927580192613,0.015204367938120876
air05,hybrid_best_bound_depth,300,2,10,plain,0.010085690452718173,0.01122317433836354
air05,hybrid_best_bound_depth,300,2,10,plain,0.007904054692558544,0.010692348525062562
air05,hybrid_best_bound_depth,300,2,10,plain,0.007303594449078638,0.008986122696595131
air05,hybrid_best_bound_depth,60,0,0,plain,-0.01882121529341736,0.13323727913854555
air05,hybrid_best_bound_depth,60,0,10,plain,0.012461767902732535,0.06074163949344051
air05,hybrid_best_bound_depth,60,0,11,plain,0.01347286468997254,0.035679077879730035
air05,hybrid_best_bound_depth,60,0,12,local_branching,0.015299158261924623,0.015431864715249868
air05,hybrid_best_bound_depth,60,0,11,plain,0.012464927580192613,0.015204367938120876
air05,hybrid_best_bound_depth,60,0,10,plain,0.010085690452718173,0.01122317433836354
air05,hybrid_best_bound_depth,60,0,10,plain,0.007904054692558544,0.010692348525062562
air05,hybrid_best_bound_depth,60,0,10,,0.007303594449078638,0.008986122696595131
air05,hybrid_best_bound_depth,60,1,0,plain,-0.01882121529341736,0.13323727913854555
air05,hybrid_best_bound_depth,60,1,10,plain,0.012461767902732535,0.06074163949344051
air05,hybrid_best_bound_depth,60,1,11,plain,0.01347286468997254,0.035679077879730035
air05,hybrid_best_bound_depth,60,1,12,local_branching,0.015299158261924623,0.015431864715249868
air05,hybrid_best_bound_depth,60,1,11,plain,0.012464927580192613,0.015204367938120876
air05,hybrid_best_bound_depth,60,1,10,plain,0.010085690452718173,0.01122317433836354
air05,hybrid_best_bound_depth,60,1,10,plain,0.007904054692558544,0.010692348525062562
air05,hybrid_best_bound_depth,60,1,10,,0.007303594449078638,0.008986122696595131
air05,hybrid_best_bound_depth,60,2,0,plain,-0.01882121529341736,0.13323727913854555
air05,hybrid_best_bound_depth,60,2,10,plain,0.012461767902732535,0.06074163949344051
air05,hybrid_best_bound_depth,60,2,11,plain,0.01347286468997254,0.035679077879730035
air05,hybrid_best_bound_depth,60,2,12,local_branching,0.015299158261924623,0.015431864715249868
air05,hybrid_best_bound_depth,60,2,11,plain,0.012464927580192613,0.015204367938120876
air05,hybrid_best_bound_depth,60,2,10,plain,0.010085690452718173,0.01122317433836354
air05,hybrid_best_bound_depth,60,2,10,plain,0.007904054692558544,0.010692348525062562
air05,hybrid_best_bound_depth,60,2,10,plain,0.007303594449078638,0.008986122696595131
air05,hybrid_best_bound_depth,900,0,0,plain,-0.01882121529341736,0.13323727913854555
air05,hybrid_best_bound_depth,900,0,10,plain,0.012461767902732535,0.06074163949344051
air05,hybrid_best_bound_depth,900,0,11,plain,0.01347286468997254,0.035679077879730035
air05,hybrid_best_bound_depth,900,0,12,local_branching,0.015299158261924623,0.015431864715249868
air05,hybrid_best_bound_depth,900,0,11,plain,0.012464927580192613,0.015204367938120876
air05,hybrid_best_bound_depth,900,0,10,plain,0.010085690452718173,0.01122317433836354
air05,hybrid_best_bound_depth,900,0,10,plain,0.007904054692558544,0.010692348525062562
air05,hybrid_best_bound_depth,900,0,10,plain,0.007303594449078638,0.008986122696595131
air05,hybrid_best_bound_depth,900,1,0,plain,-0.01882121529341736,0.13323727913854555
air05,hybrid_best_bound_depth,900,1,10,plain,0.012461767902732535,0.06074163949344051
air05,hybrid_best_bound_depth,900,1,11,plain,0.01347286468997254,0.035679077879730035
air05,hybrid_best_bound_depth,900,1,12,local_branching,0.015299158261924623,0.015431864715249868
air05,hybrid_best_bound_depth,900,1,11,plain,0.012464927580192613,0.015204367938120876
air05,hybrid_best_bound_depth,900,1,10,plain,0.010085690452718173,0.01122317433836354
air05,hybrid_best_bound_depth,900,1,10,plain,0.007904054692558544,0.010692348525062562
air05,hybrid_best_bound_depth,900,1,10,,0.007303594449078638,0.008986122696595131
air05,hybrid_best_bound_depth,900,2,0,plain,-0.01882121529341736,0.13323727913854555
air05,hybrid_best_bound_depth,900,2,10,plain,0.012461767902732535,0.06074163949344051
air05,hybrid_best_bound_depth,900,2,11,plain,0.01347286468997254,0.035679077879730035
air05,hybrid_best_bound_depth,900,2,12,local_branching,0.015299158261924623,0.015431864715249868
air05,hybrid_best_bound_depth,900,2,11,plain,0.012464927580192613,0.015204367938120876
air05,hybrid_best_bound_depth,900,2,10,plain,0.010085690452718173,0.01122317433836354
air05,hybrid_best_bound_depth,900,2,10,plain,0.007904054692558544,0.010692348525062562
air05,hybrid_best_bound_depth,900,2,10,plain,0.007303594449078638,0.008986122696595131
air05,learned_portfolio,10,0,0,plain,-0.01882121529341736,0.13323727913854555
air05,learned_portfolio,10,0,7,plain,-0.002727530804424199,0.05767043300219914
air05,learned_portfolio,10,1,0,plain,-0.01882121529341736,0.13323727913854555
air05,learned_portfolio,10,1,12,,0.016057480852354592,0.01759308409797528
air05,learned_portfolio,10,1,12,plain,0.01097679948830836,0.013801471145825434
air05,learned_portfolio,10,2,0,plain,-0.01882121529341736,0.13323727913854555
air05,learned_portfolio,10,2,11,plain,0.0187625364849815,0.1317585500872071
air05,learned_portfolio,300,0,0,plain,-0.01882121529341736,0.13323727913854555
air05,learned_portfolio,300,0,7,plain,-0.002727530804424199,0.05767043300219914
air05,learned_portfolio,300,0,16,plain,0.02056798362023174,0.04659892318192159
air05,learned_portfolio,300,0,15,,0.02295189707034729,0.02513839387275347
air05,learned_portfolio,300,0,15,plain,0.02041151639240648,0.02339425191476454
air05,learned_portfolio,300,0,18,plain,0.017721051035110336,0.020360961553044666
air05,learned_portfolio,300,1,0,plain,-0.01882121529341736,0.13323727913854555
air05,learned_portfolio,300,1,12,,0.016057480852354592,0.01759308409797528
air05,learned_portfolio,300,1,13,plain,0.013139404969541146,0.013801471145825434
air05,learned_portfolio,300,1,16,plain,0.013631982009930361,0.013725638886782437
air05,learned_portfolio,300,1,15,plain,0.013080018420272828,0.013308561462045954
air05,learned_portfolio,300,2,0,plain,-0.01882121529341736,0.13323727913854555
air05,learned_portfolio,300,2,11,plain,0.0187625364849815,0.1317585500872071
air05,learned_portfolio,300,2,15,plain,0.03832976002536938,0.045006445742018654
air05,learned_portfolio,300,2,16,plain,0.03998255858042011,0.04341396830211572
air05,learned_portfolio,300,2,16,plain,0.036684758077038755,0.04155607795556229
air05,learned_portfolio,300,2,16,plain,0.03508000303329053,0.0391673617957021
air05,learned_portfolio,60,0,0,plain,-0.01882121529341736,0.13323727913854555
air05,learned_portfolio,60,0,7,plain,-0.002727530804424199,0.05767043300219914
air05,learned_portfolio,60,0,16,plain,0.02056798362023174,0.04659892318192159
air05,learned_portfolio,60,0,15,,0.02295189707034729,0.02513839387275347
air05,learned_portfolio,60,0,15,,0.02041151639240648,0.023849245469022524
air05,learned_portfolio,60,0,16,plain,0.02044311316700768,0.02339425191476454
air05,learned_portfolio,60,0,18,plain,0.017721051035110336,0.020360961553044666
air05,learned_portfolio,60,1,0,plain,-0.01882121529341736,0.13323727913854555
air05,learned_portfolio,60,1,12,,0.016057480852354592,0.01759308409797528
air05,learned_portfolio,60,1,13,plain,0.013139404969541146,0.013801471145825434
air05,learned_portfolio,60,1,15,plain,0.013072634782653615,0.013725638886782437
air05,learned_portfolio,60,1,15,plain,0.013080018420272828,0.013308561462045954
air05,learned_portfolio,60,2,0,plain,-0.01882121529341736,0.13323727913854555
air05,learned_portfolio,60,2,11,plain,0.0187625364849815,0.1317585500872071
air05,learned_portfolio,60,2,15,plain,0.03832976002536938,0.045006445742018654
air05,learned_portfolio,60,2,16,plain,0.03998255858042011,0.04341396830211572
air05,learned_portfolio,60,2,16,plain,0.036684758077038755,0.04155607795556229
air05,learned_portfolio,60,2,16,plain,0.03508000303329053,0.0391673617957021
air05,learned_portfolio,900,0,0,plain,-0.01882121529341736,0.13323727913854555
air05,learned_portfolio,900,0,7,plain,-0.002727530804424199,0.05767043300219914
air05,learned_portfolio,900,0,16,plain,0.02056798362023174,0.04659892318192159
air05,learned_portfolio,900,0,15,,0.02295189707034729,0.02513839387275347
air05,learned_portfolio,900,0,15,,0.02041151639240648,0.023849245469022524
air05,learned_portfolio,900,0,16,plain,0.02044311316700768,0.02339425191476454
air05,learned_portfolio,900,0,18,plain,0.017721051035110336,0.020360961553044666
air05,learned_portfolio,900,1,0,plain,-0.01882121529341736,0.13323727913854555
air05,learned_portfolio,900,1,12,,0.016057480852354592,0.01759308409797528
air05,learned_portfolio,900,1,13,plain,0.013139404969541146,0.013801471145825434
air05,learned_portfolio,900,1,16,plain,0.013631982009930361,0.013725638886782437
air05,learned_portfolio,900,1,15,plain,0.013080018420272828,0.013308561462045954
air05,learned_portfolio,900,2,0,plain,-0.01882121529341736,0.13323727913854555
air05,learned_portfolio,900,2,11,plain,0.0187625364849815,0.1317585500872071
air05,learned_portfolio,900,2,15,plain,0.03832976002536938,0.045006445742018654
air05,learned_portfolio,900,2,16,plain,0.03998255858042011,0.04341396830211572
air05,learned_portfolio,900,2,16,plain,0.036684758077038755,0.04155607795556229
air05,learned_portfolio,900,2,16,plain,0.03508000303329053,0.0391673617957021
air05,random_uniform,10,0,0,plain,-0.01882121529341736,0.13323727913854555
air05,random_uniform,10,0,7,plain,-0.0011908473271943318,0.12891484037309472
air05,random_uniform,10,0,0,plain,-0.01882121529341736,0.13323727913854555
air05,random_uniform,10,1,0,plain,-0.01882121529341736,0.13323727913854555
air05,random_uniform,10,2,0,plain,-0.01882121529341736,0.13323727913854555
air05,random_uniform,10,2,11,plain,-0.0017448441085354748,0.05660878137559718
air05,random_uniform,300,0,0,plain,-0.01882121529341736,0.13323727913854555
air05,random_uniform,300,1,0,plain,-0.01882121529341736,0.13323727913854555
air05,random_uniform,300,1,5,plain,-0.00787060415336777,0.11181466595889891
air05,random_uniform,300,2,0,plain,-0.01882121529341736,0.13323727913854555
air05,random_uniform,300,2,12,plain,-0.00014522593005368987,0.13316144687950254
air05,random_uniform,300,2,7,plain,-0.0036871511673747712,0.08944414954121484
air05,random_uniform,300,2,13,plain,0.0013768412430906827,0.07958595586562524
air05,random_uniform,300,2,9,plain,-0.0003420547627650051,0.058239174945021614
air05,random_uniform,300,2,10,plain,0.0008668824560072493,0.009289451732767118
air05,random_uniform,300,2,12,plain,0.002483506483658286,0.009061954955638128
air05,random_uniform,60,0,0,plain,-0.01882121529341736,0.13323727913854555
air05,random_uniform,60,1,0,plain,-0.01882121529341736,0.13323727913854555
air05,random_uniform,60,1,5,plain,-0.00787060415336777,0.11181466595889891
air05,random_uniform,60,1,11,plain,-0.00011392021392484258,0.09475240767422462
air05,random_uniform,60,2,0,plain,-0.01882121529341736,0.13323727913854555
air05,random_uniform,60,2,10,plain,-0.002688122837799742,0.033821187533176617
air05,random_uniform,60,2,13,plain,0.013837738747977038,0.020398877682566163
air05,random_uniform,60,2,15,,0.00951694850989611,0.011412754985971033
air05,random_uniform,60,2,14,,0.0060328146180450536,0.011185258208842041
air05,random_uniform,60,2,14,plain,0.010060413033038094,0.010313187229847576
air05,random_uniform,60,2,13,plain,0.003939666410281324,0.00951694850989611
air05,random_uniform,900,0,0,plain,-0.01882121529341736,0.13323727913854555
air05,random_uniform,900,1,0,plain,-0.01882121529341736,0.13323727913854555
air05,random_uniform,900,1,5,plain,-0.00787060415336777,0.11181466595889891
air05,random_uniform,900,2,0,plain,-0.01882121529341736,0.13323727913854555
air05,random_uniform,900,2,11,plain,-0.0017448441085354748,0.05660878137559718
air05,random_uniform,900,2,13,plain,0.013837738747977038,0.020398877682566163
air05,random_uniform,900,2,15,,0.00951694850989611,0.011412754985971033
air05,random_uniform,900,2,14,,0.0060328146180450536,0.011185258208842041
air05,random_uniform,900,2,14,plain,0.010060413033038094,0.010313187229847576
air05,random_uniform,900,2,13,plain,0.003939666410281324,0.00951694850989611
air05,safeguarded_hybrid,10,0,0,plain,-0.01882121529341736,0.13323727913854555
air05,safeguarded_hybrid,10,0,7,plain,-0.002727530804424199,0.05767043300219914
air05,safeguarded_hybrid,10,1,0,plain,-0.01882121529341736,0.13323727913854555
air05,safeguarded_hybrid,10,1,12,,0.016057480852354592,0.01759308409797528
air05,safeguarded_hybrid,10,1,13,plain,0.013139404969541146,0.013801471145825434
air05,safeguarded_hybrid,10,2,0,plain,-0.01882121529341736,0.13323727913854555
air05,safeguarded_hybrid,10,2,11,plain,0.0187625364849815,0.1317585500872071
air05,safeguarded_hybrid,300,0,0,plain,-0.01882121529341736,0.13323727913854555
air05,safeguarded_hybrid,300,0,7,plain,-0.002727530804424199,0.05767043300219914
air05,safeguarded_hybrid,300,0,16,plain,0.02056798362023174,0.04659892318192159
air05,safeguarded_hybrid,300,0,15,,0.02295189707034729,0.02513839387275347
air05,safeguarded_hybrid,300,0,15,plain,0.02041151639240648,0.02339425191476454
air05,safeguarded_hybrid,300,0,18,plain,0.017721051035110336,0.020360961553044666
air05,safeguarded_hybrid,300,1,0,plain,-0.01882121529341736,0.13323727913854555
air05,safeguarded_hybrid,300,1,12,,0.016057480852354592,0.01759308409797528
air05,safeguarded_hybrid,300,1,13,plain,0.013139404969541146,0.013801471145825434
air05,safeguarded_hybrid,300,1,16,plain,0.013631982009930361,0.013725638886782437
air05,safeguarded_hybrid,300,1,15,plain,0.013080018420272828,0.013308561462045954
air05,safeguarded_hybrid,300,2,0,plain,-0.01882121529341736,0.13323727913854555
air05,safeguarded_hybrid,300,2,11,plain,0.0187625364849815,0.1317585500872071
air05,safeguarded_hybrid,300,2,15,plain,0.03832976002536938,0.045006445742018654
air05,safeguarded_hybrid,300,2,16,plain,0.03998255858042011,0.04341396830211572
air05,safeguarded_hybrid,300,2,16,plain,0.036684758077038755,0.04155607795556229
air05,safeguarded_hybrid,300,2,16,plain,0.03508000303329053,0.0391673617957021
air05,safeguarded_hybrid,60,0,0,plain,-0.01882121529341736,0.13323727913854555
air05,safeguarded_hybrid,60,0,7,plain,-0.002727530804424199,0.05767043300219914
air05,safeguarded_hybrid,60,0,16,plain,0.02056798362023174,0.04659892318192159
air05,safeguarded_hybrid,60,0,15,,0.02295189707034729,0.02513839387275347
air05,safeguarded_hybrid,60,0,15,,0.02041151639240648,0.023849245469022524
air05,safeguarded_hybrid,60,0,16,plain,0.02044311316700768,0.02339425191476454
air05,safeguarded_hybrid,60,0,18,plain,0.017721051035110336,0.020360961553044666
air05,safeguarded_hybrid,60,0,13,plain,0.013801471145825434,0.01899598089027072
air05,safeguarded_hybrid,60,1,0,plain,-0.01882121529341736,0.13323727913854555
air05,safeguarded_hybrid,60,1,12,,0.016057480852354592,0.01759308409797528
air05,safeguarded_hybrid,60,1,13,plain,0.013139404969541146,0.013801471145825434
air05,safeguarded_hybrid,60,1,16,plain,0.013631982009930361,0.013725638886782437
air05,safeguarded_hybrid,60,1,15,plain,0.013080018420272828,0.013308561462045954
air05,safeguarded_hybrid,60,2,0,plain,-0.01882121529341736,0.13323727913854555
air05,safeguarded_hybrid,60,2,11,plain,0.0187625364849815,0.1317585500872071
air05,safeguarded_hybrid,60,2,15,plain,0.03832976002536938,0.045006445742018654
air05,safeguarded_hybrid,60,2,16,plain,0.03998255858042011,0.04341396830211572
air05,safeguarded_hybrid,60,2,16,plain,0.036684758077038755,0.04155607795556229
air05,safeguarded_hybrid,60,2,16,plain,0.03508000303329053,0.0391673617957021
air05,safeguarded_hybrid,900,0,0,plain,-0.01882121529341736,0.13323727913854555
air05,safeguarded_hybrid,900,0,7,plain,-0.002727530804424199,0.05767043300219914
air05,safeguarded_hybrid,900,0,16,plain,0.02056798362023174,0.04659892318192159
air05,safeguarded_hybrid,900,0,15,,0.02295189707034729,0.02513839387275347
air05,safeguarded_hybrid,900,0,15,,0.02041151639240648,0.023849245469022524
air05,safeguarded_hybrid,900,0,16,plain,0.02044311316700768,0.02339425191476454
air05,safeguarded_hybrid,900,0,18,plain,0.017721051035110336,0.020360961553044666
air05,safeguarded_hybrid,900,1,0,plain,-0.01882121529341736,0.13323727913854555
air05,safeguarded_hybrid,900,1,12,,0.016057480852354592,0.01759308409797528
air05,safeguarded_hybrid,900,1,13,plain,0.013139404969541146,0.013801471145825434
air05,safeguarded_hybrid,900,1,16,plain,0.013631982009930361,0.013725638886782437
air05,safeguarded_hybrid,900,1,15,plain,0.013080018420272828,0.013308561462045954
air05,safeguarded_hybrid,900,2,0,plain,-0.01882121529341736,0.13323727913854555
air05,safeguarded_hybrid,900,2,11,plain,0.0187625364849815,0.1317585500872071
air05,safeguarded_hybrid,900,2,15,plain,0.03832976002536938,0.045006445742018654
air05,safeguarded_hybrid,900,2,16,plain,0.03998255858042011,0.04341396830211572
air05,safeguarded_hybrid,900,2,17,plain,0.03777710371325277,0.04155607795556229
csched007,safeguarded_hybrid,300,2,16,plain,0.13095916429251153,0.46153846153847633
csched007,safeguarded_hybrid,60,2,16,plain,0.13095916429251153,0.46153846153847633
csched007,safeguarded_hybrid,900,2,16,plain,0.13095916429251153,0.46153846153847633
csched008,best_bound,10,0,61,plain,0.08670520231213873,0.08670520231213873
csched008,best_bound,10,2,34,plain,0.08092485549132898,0.08092485549132948
csched008,best_bound,10,2,41,plain,0.052023121387282746,0.06358381502890173
csched008,best_bound,300,0,61,plain,0.08670520231213873,0.08670520231213873
csched008,best_bound,300,2,34,plain,0.08092485549132898,0.08092485549132948
csched008,best_bound,300,2,41,plain,0.052023121387282746,0.05202312138728324
csched008,best_bound,60,0,61,plain,0.08670520231213873,0.08670520231213873
csched008,best_bound,60,2,34,plain,0.08092485549132898,0.08092485549132948
csched008,best_bound,60,2,41,plain,0.052023121387282746,0.06358381502890173
csched008,best_bound,900,0,61,plain,0.08670520231213873,0.08670520231213873
csched008,best_bound,900,2,34,plain,0.08092485549132898,0.08092485549132948
csched008,best_bound,900,2,41,plain,0.052023121387282746,0.05202312138728324
csched008,best_estimate,300,0,27,plain,0.07514450867051974,0.07514450867052024
csched008,best_estimate,300,2,24,plain,0.09826589595375723,0.0982658959537569
csched008,best_estimate,60,0,27,plain,0.07514450867051974,0.07514450867052024
csched008,best_estimate,60,2,24,plain,0.09826589595375723,0.0982658959537569
csched008,best_estimate,900,0,27,plain,0.07514450867051974,0.07514450867052024
csched008,best_estimate,900,2,24,plain,0.09826589595375723,0.0982658959537569
csched008,boltzmann_adaptive,300,1,12,plain,0.09248554913294797,0.09248554913294797
csched008,boltzmann_adaptive,300,2,13,plain,0.06936416184971049,0.06936416184971098
csched008,boltzmann_adaptive,60,1,12,plain,0.09248554913294797,0.09248554913294797
csched008,boltzmann_adaptive,60,2,13,plain,0.06936416184971049,0.06936416184971098
csched008,boltzmann_adaptive,900,1,12,plain,0.09248554913294797,0.09248554913294797
csched008,boltzmann_adaptive,900,2,13,plain,0.06936416184971049,0.06936416184971098
csched008,depth_first,10,1,91,plain,0.06358381502890124,0.06936416184971098
csched008,depth_first,10,2,34,plain,0.08092485549132898,0.08092485549132948
csched008,depth_first,10,2,41,plain,0.052023121387282746,0.05202312138728324
csched008,depth_first,300,1,91,plain,0.06358381502890124,0.06936416184971098
csched008,depth_first,300,2,34,plain,0.08092485549132898,0.08092485549132948
csched008,depth_first,300,2,41,plain,0.052023121387282746,0.05202312138728324
csched008,depth_first,60,1,91,plain,0.06358381502890124,0.06936416184971098
csched008,depth_first,60,2,34,plain,0.08092485549132898,0.08092485549132948
csched008,depth_first,60,2,41,plain,0.052023121387282746,0.05202312138728324
csched008,depth_first,900,1,91,plain,0.06358381502890124,0.06936416184971098
csched008,depth_first,900,2,34,plain,0.08092485549132898,0.08092485549132948
csched008,depth_first,900,2,41,plain,0.052023121387282746,0.05202312138728324
csched008,greedy_score,300,1,15,plain,0.07514450867051974,0.07514450867052024
csched008,greedy_score,300,2,17,plain,0.09248554913294797,0.09248554913294797
csched008,greedy_score,60,1,15,plain,0.07514450867051974,0.07514450867052024
csched008,greedy_score,60,2,16,plain,0.09248554913294797,0.09248554913294797
csched008,greedy_score,900,1,15,plain,0.07514450867051974,0.07514450867052024
csched008,greedy_score,900,2,16,plain,0.09248554913294797,0.09248554913294797
csched008,hybrid_best_bound_depth,10,2,34,plain,0.08092485549132898,0.08092485549132948
csched008,hybrid_best_bound_depth,10,2,41,plain,0.052023121387282746,0.05202312138728324
csched008,hybrid_best_bound_depth,300,2,34,plain,0.08092485549132898,0.08092485549132948
csched008,hybrid_best_bound_depth,300,2,41,plain,0.052023121387282746,0.05202312138728324
csched008,hybrid_best_bound_depth,60,2,34,plain,0.08092485549132898,0.08092485549132948
csched008,hybrid_best_bound_depth,60,2,41,plain,0.052023121387282746,0.05202312138728324
csched008,hybrid_best_bound_depth,900,2,34,plain,0.08092485549132898,0.08092485549132948
csched008,hybrid_best_bound_depth,900,2,41,plain,0.052023121387282746,0.05202312138728324
csched008,learned_portfolio,300,1,12,plain,0.09248554913294797,0.09248554913294797
csched008,learned_portfolio,300,2,13,plain,0.06936416184971049,0.06936416184971098
csched008,learned_portfolio,60,1,12,plain,0.09248554913294797,0.09248554913294797
csched008,learned_portfolio,60,2,13,plain,0.06936416184971049,0.06936416184971098
csched008,learned_portfolio,900,2,13,plain,0.06936416184971049,0.06936416184971098
csched008,safeguarded_hybrid,300,1,23,plain,0.09248554913294749,0.09248554913294765
csched008,safeguarded_hybrid,300,2,24,plain,0.09248554913294797,0.09248554913294797
csched008,safeguarded_hybrid,60,1,23,plain,0.09248554913294749,0.09248554913294765
csched008,safeguarded_hybrid,60,2,24,plain,0.09248554913294797,0.09248554913294797
csched008,safeguarded_hybrid,900,1,23,plain,0.09248554913294749,0.09248554913294765
csched008,safeguarded_hybrid,900,2,24,plain,0.09248554913294797,0.09248554913294797
drayage-100-23,best_bound,10,0,0,plain,-0.8866379289013959,8.540191146958088
drayage-100-23,best_bound,10,0,1,plain,-0.8866379289013959,2.930862438300302e-11
drayage-100-23,best_bound,10,1,0,plain,-0.8866379289013959,2.930862438300302e-11
drayage-100-23,best_bound,10,2,0,plain,-0.8866379289013959,2.930862438300302e-11
drayage-100-23,best_bound,300,0,0,plain,-0.8866379289013959,2.930862438300302e-11
drayage-100-23,best_bound,300,1,0,plain,-0.8866379289013959,2.930862438300302e-11
drayage-100-23,best_bound,300,2,0,plain,-0.8866379289013959,2.930862438300302e-11
drayage-100-23,best_bound,60,0,0,plain,-0.8866379289013959,2.930862438300302e-11
drayage-100-23,best_bound,60,1,0,plain,-0.8866379289013959,2.930862438300302e-11
drayage-100-23,best_bound,60,2,0,plain,-0.8866379289013959,2.930862438300302e-11
drayage-100-23,best_bound,900,0,0,plain,-0.8866379289013959,2.930862438300302e-11
drayage-100-23,best_bound,900,1,0,plain,-0.8866379289013959,2.930862438300302e-11
drayage-100-23,best_bound,900,2,0,plain,-0.8866379289013959,2.930862438300302e-11
drayage-100-23,best_estimate,10,0,0,plain,-0.8866379289013959,2.930862438300302e-11
drayage-100-23,best_estimate,10,1,0,plain,-0.8866379289013959,2.930862438300302e-11
drayage-100-23,best_estimate,10,2,0,plain,-0.8866379289013959,8.540191146958088
drayage-100-23,best_estimate,10,2,1,plain,-0.8866379289013959,2.930862438300302e-11
drayage-100-23,best_estimate,300,0,0,plain,-0.8866379289013959,2.930862438300302e-11
drayage-100-23,best_estimate,300,1,0,plain,-0.8866379289013959,2.930862438300302e-11
drayage-100-23,best_estimate,300,2,0,plain,-0.8866379289013959,2.930862438300302e-11
drayage-100-23,best_estimate,60,0,0,plain,-0.8866379289013959,8.540191146958088
drayage-100-23,best_estimate,60,0,1,plain,-0.8866379289013959,2.930862438300302e-11
drayage-100-23,best_estimate,60,1,0,plain,-0.8866379289013959,2.930862438300302e-11
drayage-100-23,best_estimate,60,2,0,plain,-0.8866379289013959,2.930862438300302e-11
drayage-100-23,best_estimate,900,0,0,plain,-0.8866379289013959,8.540191146958088
drayage-100-23,best_estimate,900,0,2,plain,-0.8866379289013959,2.930862438300302e-11
drayage-100-23,best_estimate,900,1,0,plain,-0.8866379289013959,2.930862438300302e-11
drayage-100-23,best_estimate,900,2,0,plain,-0.8866379289013959,2.930862438300302e-11
drayage-100-23,boltzmann_adaptive,10,0,0,plain,-0.8866379289013959,8.540191146958088
drayage-100-23,boltzmann_adaptive,10,0,1,plain,-0.8866379289013959,2.930862438300302e-11
drayage-100-23,boltzmann_adaptive,10,1,0,plain,-0.8866379289013959,2.930862438300302e-11
drayage-100-23,boltzmann_adaptive,10,2,0,plain,-0.8866379289013959,2.930862438300302e-11
drayage-100-23,boltzmann_adaptive,300,0,0,plain,-0.8866379289013959,2.930862438300302e-11
drayage-100-23,boltzmann_adaptive,300,1,0,plain,-0.8866379289013959,2.930862438300302e-11
drayage-100-23,boltzmann_adaptive,300,2,0,plain,-0.8866379289013959,8.540191146958088
drayage-100-23,boltzmann_adaptive,300,2,1,plain,-0.8866379289013959,2.930862438300302e-11
drayage-100-23,boltzmann_adaptive,60,0,0,plain,-0.8866379289013959,2.930862438300302e-11
drayage-100-23,boltzmann_adaptive,60,1,0,plain,-0.8866379289013959,2.930862438300302e-11
drayage-100-23,boltzmann_adaptive,60,2,0,plain,-0.8866379289013959,2.930862438300302e-11
drayage-100-23,boltzmann_adaptive,900,0,0,plain,-0.8866379289013959,2.930862438300302e-11
drayage-100-23,boltzmann_adaptive,900,1,0,plain,-0.8866379289013959,2.930862438300302e-11
drayage-100-23,boltzmann_adaptive,900,2,0,plain,-0.8866379289013959,2.930862438300302e-11
drayage-100-23,depth_first,10,0,0,plain,-0.8866379289013959,2.930862438300302e-11
drayage-100-23,depth_first,10,1,0,plain,-0.8866379289013959,2.930862438300302e-11
drayage-100-23,depth_first,10,2,0,plain,-0.8866379289013959,8.540191146958088
drayage-100-23,depth_first,10,2,1,plain,-0.8866379289013959,2.930862438300302e-11
drayage-100-23,depth_first,300,0,0,plain,-0.8866379289013959,2.930862438300302e-11
drayage-100-23,depth_first,300,1,0,plain,-0.8866379289013959,2.930862438300302e-11
drayage-100-23,depth_first,300,2,0,plain,-0.8866379289013959,2.930862438300302e-11
drayage-100-23,depth_first,60,0,0,plain,-0.8866379289013959,2.930862438300302e-11
drayage-100-23,depth_first,60,1,0,plain,-0.8866379289013959,2.930862438300302e-11
drayage-100-23,depth_first,60,2,0,plain,-0.8866379289013959,2.930862438300302e-11
drayage-100-23,depth_first,900,0,0,plain,-0.8866379289013959,8.540191146958088
drayage-100-23,depth_first,900,0,1,plain,-0.8866379289013959,2.930862438300302e-11
drayage-100-23,depth_first,900,1,0,plain,-0.8866379289013959,2.930862438300302e-11
drayage-100-23,depth_first,900,2,0,plain,-0.8866379289013959,2.930862438300302e-11
drayage-100-23,greedy_score,10,0,0,plain,-0.8866379289013959,2.930862438300302e-11
drayage-100-23,greedy_score,10,1,0,plain,-0.8866379289013959,2.930862438300302e-11
drayage-100-23,greedy_score,10,2,0,plain,-0.8866379289013959,2.930862438300302e-11
drayage-100-23,greedy_score,300,0,0,plain,-0.8866379289013959,2.930862438300302e-11
drayage-100-23,greedy_score,300,1,0,plain,-0.8866379289013959,2.930862438300302e-11
drayage-100-23,greedy_score,300,2,0,plain,-0.8866379289013959,2.930862438300302e-11
drayage-100-23,greedy_score,60,0,0,plain,-0.8866379289013959,2.930862438300302e-11
drayage-100-23,greedy_score,60,1,0,plain,-0.8866379289013959,2.930862438300302e-11
drayage-100-23,greedy_score,60,2,0,plain,-0.8866379289013959,2.930862438300302e-11
drayage-100-23,greedy_score,900,0,0,plain,-0.8866379289013959,2.930862438300302e-11
drayage-100-23,greedy_score,900,1,0,plain,-0.8866379289013959,2.930862438300302e-11
drayage-100-23,greedy_score,900,2,0,plain,-0.8866379289013959,2.930862438300302e-11
drayage-100-23,hybrid_best_bound_depth,10,0,0,plain,-0.8866379289013959,2.930862438300302e-11
drayage-100-23,hybrid_best_bound_depth,10,1,0,plain,-0.8866379289013959,2.930862438300302e-11
drayage-100-23,hybrid_best_bound_depth,10,2,0,plain,-0.8866379289013959,2.930862438300302e-11
drayage-100-23,hybrid_best_bound_depth,300,0,0,plain,-0.8866379289013959,2.930862438300302e-11
drayage-100-23,hybrid_best_bound_depth,300,1,0,plain,-0.8866379289013959,2.930862438300302e-11
drayage-100-23,hybrid_best_bound_depth,300,2,0,plain,-0.8866379289013959,2.930862438300302e-11
drayage-100-23,hybrid_best_bound_depth,60,0,0,plain,-0.8866379289013959,2.930862438300302e-11
drayage-100-23,hybrid_best_bound_depth,60,1,0,plain,-0.8866379289013959,2.930862438300302e-11
drayage-100-23,hybrid_best_bound_depth,60,2,0,plain,-0.8866379289013959,8.540191146958088
drayage-100-23,hybrid_best_bound_depth,60,2,2,plain,-0.8866379289013959,2.930862438300302e-11
drayage-100-23,hybrid_best_bound_depth,900,0,0,plain,-0.8866379289013959,2.930862438300302e-11
drayage-100-23,hybrid_best_bound_depth,900,1,0,plain,-0.8866379289013959,8.540191146958088
drayage-100-23,hybrid_best_bound_depth,900,1,1,plain,-0.8866379289013959,2.930862438300302e-11
drayage-100-23,hybrid_best_bound_depth,900,2,0,plain,-0.8866379289013959,2.930862438300302e-11
drayage-100-23,learned_portfolio,10,0,0,plain,-0.8866379289013959,2.930862438300302e-11
drayage-100-23,learned_portfolio,10,1,0,plain,-0.8866379289013959,2.930862438300302e-11
drayage-100-23,learned_portfolio,10,2,0,plain,-0.8866379289013959,2.930862438300302e-11
drayage-100-23,learned_portfolio,300,0,0,plain,-0.8866379289013959,2.930862438300302e-11
drayage-100-23,learned_portfolio,300,1,0,plain,-0.8866379289013959,2.930862438300302e-11
drayage-100-23,learned_portfolio,300,2,0,plain,-0.8866379289013959,2.930862438300302e-11
drayage-100-23,learned_portfolio,60,0,0,plain,-0.8866379289013959,2.930862438300302e-11
drayage-100-23,learned_portfolio,60,1,0,plain,-0.8866379289013959,2.930862438300302e-11
drayage-100-23,learned_portfolio,60,2,0,plain,-0.8866379289013959,2.930862438300302e-11
drayage-100-23,learned_portfolio,900,0,0,plain,-0.8866379289013959,2.930862438300302e-11
drayage-100-23,learned_portfolio,900,1,0,plain,-0.8866379289013959,2.930862438300302e-11
drayage-100-23,learned_portfolio,900,2,0,plain,-0.8866379289013959,2.930862438300302e-11
drayage-100-23,random_uniform,10,0,0,plain,-0.8866379289013959,2.930862438300302e-11
drayage-100-23,random_uniform,10,1,0,plain,-0.8866379289013959,2.930862438300302e-11
drayage-100-23,random_uniform,10,2,0,plain,-0.8866379289013959,8.540191146958088
drayage-100-23,random_uniform,10,2,1,plain,-0.8866379289013959,2.930862438300302e-11
drayage-100-23,random_uniform,300,0,0,plain,-0.8866379289013959,2.930862438300302e-11
drayage-100-23,random_uniform,300,1,0,plain,-0.8866379289013959,2.930862438300302e-11
drayage-100-23,random_uniform,300,2,0,plain,-0.8866379289013959,2.930862438300302e-11
drayage-100-23,random_uniform,60,0,0,plain,-0.8866379289013959,2.930862438300302e-11
drayage-100-23,random_uniform,60,1,0,plain,-0.8866379289013959,8.540191146958088
drayage-100-23,random_uniform,60,1,1,plain,-0.8866379289013959,2.930862438300302e-11
drayage-100-23,random_uniform,60,2,0,plain,-0.8866379289013959,2.930862438300302e-11
drayage-100-23,random_uniform,900,0,0,plain,-0.8866379289013959,2.930862438300302e-11
drayage-100-23,random_uniform,900,1,0,plain,-0.8866379289013959,2.930862438300302e-11
drayage-100-23,random_uniform,900,2,0,plain,-0.8866379289013959,2.930862438300302e-11
drayage-100-23,safeguarded_hybrid,10,0,0,plain,-0.8866379289013959,8.540191146958088
drayage-100-23,safeguarded_hybrid,10,0,1,plain,-0.8866379289013959,2.930862438300302e-11
drayage-100-23,safeguarded_hybrid,10,1,0,plain,-0.8866379289013959,2.930862438300302e-11
drayage-100-23,safeguarded_hybrid,10,2,0,plain,-0.8866379289013959,2.930862438300302e-11
drayage-100-23,safeguarded_hybrid,300,0,0,plain,-0.8866379289013959,2.930862438300302e-11
drayage-100-23,safeguarded_hybrid,300,1,0,plain,-0.8866379289013959,8.540191146958088
drayage-100-23,safeguarded_hybrid,300,1,2,plain,-0.8866379289013959,2.930862438300302e-11
drayage-100-23,safeguarded_hybrid,300,2,0,plain,-0.8866379289013959,2.930862438300302e-11
drayage-100-23,safeguarded_hybrid,60,0,0,plain,-0.8866379289013959,2.930862438300302e-11
drayage-100-23,safeguarded_hybrid,60,1,0,plain,-0.8866379289013959,2.930862438300302e-11
drayage-100-23,safeguarded_hybrid,60,2,0,plain,-0.8866379289013959,2.930862438300302e-11
drayage-100-23,safeguarded_hybrid,900,0,0,plain,-0.8866379289013959,2.930862438300302e-11
drayage-100-23,safeguarded_hybrid,900,1,0,plain,-0.8866379289013959,8.540191146958088
drayage-100-23,safeguarded_hybrid,900,1,1,plain,-0.8866379289013959,2.930862438300302e-11
drayage-100-23,safeguarded_hybrid,900,2,0,plain,-0.8866379289013959,2.930862438300302e-11
drayage-25-23,best_bound,10,0,0,plain,-0.8843420632841902,0.052399606502541905
drayage-25-23,best_bound,10,1,0,plain,-0.8843420632841902,0.052399606502541905
drayage-25-23,best_bound,10,1,17,plain,-0.8843420632841902,0.05133074971028807
drayage-25-23,best_bound,10,2,0,plain,-0.8843420632841902,0.052399606502541905
drayage-25-23,best_bound,300,0,0,plain,-0.8843420632841902,0.052399606502541905
drayage-25-23,best_bound,300,0,40,plain,-0.8843420632841902,0.031809420102030916
drayage-25-23,best_bound,300,0,38,plain,-0.8843420632841902,0.020252502431773938
drayage-25-23,best_bound,300,0,39,plain,-0.8843420632841902,0.008184451285643676
drayage-25-23,best_bound,300,1,0,plain,-0.8843420632841902,0.052399606502541905
drayage-25-23,best_bound,300,1,16,plain,-0.8843420632841902,0.05133074971028807
drayage-25-23,best_bound,300,1,42,plain,-0.8843420632841902,0.050497140370403405
drayage-25-23,best_bound,300,2,0,plain,-0.8843420632841902,0.052399606502541905
drayage-25-23,best_bound,300,2,43,plain,-0.8843420632841902,0.045043666943480325
drayage-25-23,best_bound,60,0,0,plain,-0.8843420632841902,0.052399606502541905
drayage-25-23,best_bound,60,0,40,plain,-0.8843420632841902,0.031809420102030916
drayage-25-23,best_bound,60,1,0,plain,-0.8843420632841902,0.052399606502541905
drayage-25-23,best_bound,60,1,16,plain,-0.8843420632841902,0.05133074971028807
drayage-25-23,best_bound,60,1,45,plain,-0.8843420632841902,0.050497140370403405
drayage-25-23,best_bound,60,2,0,plain,-0.8843420632841902,0.052399606502541905
drayage-25-23,best_bound,60,2,43,plain,-0.8843420632841902,0.045043666943480325
drayage-25-23,best_bound,900,0,0,plain,-0.8843420632841902,0.052399606502541905
drayage-25-23,best_bound,900,0,40,plain,-0.8843420632841902,0.031809420102030916
drayage-25-23,best_bound,900,0,38,plain,-0.8843420632841902,0.020252502431773938
drayage-25-23,best_bound,900,0,39,plain,-0.8843420632841902,0.008184451285643676
drayage-25-23,best_bound,900,1,0,plain,-0.8843420632841902,0.052399606502541905
drayage-25-23,best_bound,900,1,16,plain,-0.8843420632841902,0.043754770807854775
drayage-25-23,best_bound,900,1,42,plain,-0.8843420632841902,0.04241002799209611
drayage-25-23,best_bound,900,2,0,plain,-0.8843420632841902,0.052399606502541905
drayage-25-23,best_bound,900,2,43,plain,-0.8843420632841902,0.045043666943480325
drayage-25-23,best_estimate,10,0,0,plain,-0.8843420632841902,0.052399606502541905
drayage-25-23,best_estimate,10,1,0,plain,-0.8843420632841902,0.052399606502541905
drayage-25-23,best_estimate,10,1,18,plain,-0.8843420632841902,0.05133074971028807
drayage-25-23,best_estimate,10,2,0,plain,-0.8843420632841902,0.052399606502541905
drayage-25-23,best_estimate,300,0,0,plain,-0.8843420632841902,0.052399606502541905
drayage-25-23,best_estimate,300,0,33,plain,-0.8843420632841902,0.043877471248161465
drayage-25-23,best_estimate,300,0,34,plain,-0.8843420632841902,0.031809420102030916
drayage-25-23,best_estimate,300,0,36,plain,-0.8843420632841902,0.020252502431774226
drayage-25-23,best_estimate,300,0,41,plain,-0.8843420632841902,0.008184451285643532
drayage-25-23,best_estimate,300,1,0,plain,-0.8843420632841902,0.052399606502541905
drayage-25-23,best_estimate,300,1,19,plain,-0.8843420632841902,0.05133074971028807
drayage-25-23,best_estimate,300,1,47,plain,-0.8843420632841902,0.050497140370403405
drayage-25-23,best_estimate,300,2,0,plain,-0.8843420632841902,0.052399606502541905
drayage-25-23,best_estimate,300,2,20,plain,-0.8843420632841902,0.05123341080722319
drayage-25-23,best_estimate,300,2,53,plain,-0.8843420632841902,0.037467688041047165
drayage-25-23,best_estimate,300,2,54,plain,-0.8843420632841902,0.033486749273223634
drayage-25-23,best_estimate,60,0,0,plain,-0.8843420632841902,0.052399606502541905
drayage-25-23,best_estimate,60,0,33,plain,-0.8843420632841902,0.043877471248161465
drayage-25-23,best_estimate,60,0,40,plain,-0.8843420632841902,0.020252502431774084
drayage-25-23,best_estimate,60,0,41,plain,-0.8843420632841902,0.008184451285643532
drayage-25-23,best_estimate,60,1,0,plain,-0.8843420632841902,0.052399606502541905
drayage-25-23,best_estimate,60,1,21,plain,-0.8843420632841902,0.05133074971028807
drayage-25-23,best_estimate,60,1,42,plain,-0.8843420632841902,0.050497140370403405
drayage-25-23,best_estimate,60,2,0,plain,-0.8843420632841902,0.052399606502541905
drayage-25-23,best_estimate,900,0,0,plain,-0.8843420632841902,0.052399606502541905
drayage-25-23,best_estimate,900,0,33,plain,-0.8843420632841902,0.020252502431774226
drayage-25-23,best_estimate,900,0,41,plain,-0.8843420632841902,0.008184451285643532
drayage-25-23,best_estimate,900,1,0,plain,-0.8843420632841902,0.052399606502541905
drayage-25-23,best_estimate,900,1,16,plain,-0.8843420632841902,0.043754770807854775
drayage-25-23,best_estimate,900,1,34,plain,-0.8843420632841902,0.04241002799209611
drayage-25-23,best_estimate,900,2,0,plain,-0.8843420632841902,0.052399606502541905
drayage-25-23,boltzmann_adaptive,10,0,0,plain,-0.8843420632841902,0.052399606502541905
drayage-25-23,boltzmann_adaptive,10,1,0,plain,-0.8843420632841902,0.052399606502541905
drayage-25-23,boltzmann_adaptive,10,1,15,plain,-0.8843420632841902,0.05133074971028807
drayage-25-23,boltzmann_adaptive,10,2,0,plain,-0.8843420632841902,0.052399606502541905
drayage-25-23,boltzmann_adaptive,300,0,0,plain,-0.8843420632841902,0.052399606502541905
drayage-25-23,boltzmann_adaptive,300,0,35,plain,-0.8843420632841902,0.020252502431774226
drayage-25-23,boltzmann_adaptive,300,0,47,plain,-0.8843420632841902,0.0006084723832105219
drayage-25-23,boltzmann_adaptive,300,1,0,plain,-0.8843420632841902,0.052399606502541905
drayage-25-23,boltzmann_adaptive,300,1,16,plain,-0.8843420632841902,0.043754770807854775
drayage-25-23,boltzmann_adaptive,300,1,34,plain,-0.8843420632841902,0.04241002799209611
drayage-25-23,boltzmann_adaptive,300,2,0,plain,-0.8843420632841902,0.052399606502541905
drayage-25-23,boltzmann_adaptive,300,2,20,plain,-0.8843420632841902,0.05123341080722319
drayage-25-23,boltzmann_adaptive,300,2,32,plain,-0.8843420632841902,0.043146298428916034
drayage-25-23,boltzmann_adaptive,60,0,0,plain,-0.8843420632841902,0.052399606502541905
drayage-25-23,boltzmann_adaptive,60,1,0,plain,-0.8843420632841902,0.052399606502541905
drayage-25-23,boltzmann_adaptive,60,1,16,plain,-0.8843420632841902,0.043754770807854775
drayage-25-23,boltzmann_adaptive,60,1,34,plain,-0.8843420632841902,0.04241002799209611
drayage-25-23,boltzmann_adaptive,60,2,0,plain,-0.8843420632841902,0.052399606502541905
drayage-25-23,boltzmann_adaptive,60,2,20,plain,-0.8843420632841902,0.05123341080722319
drayage-25-23,boltzmann_adaptive,900,0,0,plain,-0.8843420632841902,0.052399606502541905
drayage-25-23,boltzmann_adaptive,900,1,0,plain,-0.8843420632841902,0.052399606502541905
drayage-25-23,boltzmann_adaptive,900,1,25,plain,-0.8843420632841902,0.043754770807854775
drayage-25-23,boltzmann_adaptive,900,1,34,plain,-0.8843420632841902,0.04241002799209611
drayage-25-23,boltzmann_adaptive,900,2,0,plain,-0.8843420632841902,0.052399606502541905
drayage-25-23,boltzmann_adaptive,900,2,22,plain,-0.8843420632841902,0.05123341080722319
drayage-25-23,boltzmann_adaptive,900,2,36,plain,-0.8843420632841902,0.037467688041047026
drayage-25-23,depth_first,10,0,0,plain,-0.8843420632841902,0.052399606502541905
drayage-25-23,depth_first,10,1,0,plain,-0.8843420632841902,0.052399606502541905
drayage-25-23,depth_first,10,2,0,plain,-0.8843420632841902,0.052399606502541905
drayage-25-23,depth_first,300,0,0,plain,-0.8843420632841902,0.052399606502541905
drayage-25-23,depth_first,300,1,0,plain,-0.8843420632841902,0.052399606502541905
drayage-25-23,depth_first,300,2,0,plain,-0.8843420632841902,0.052399606502541905
drayage-25-23,depth_first,60,0,0,plain,-0.8843420632841902,0.052399606502541905
drayage-25-23,depth_first,60,1,0,plain,-0.8843420632841902,0.052399606502541905
drayage-25-23,depth_first,60,2,0,plain,-0.8843420632841902,0.052399606502541905
drayage-25-23,depth_first,900,0,0,plain,-0.8843420632841902,0.052399606502541905
drayage-25-23,depth_first,900,1,0,plain,-0.8843420632841902,0.052399606502541905
drayage-25-23,depth_first,900,2,0,plain,-0.8843420632841902,0.052399606502541905
drayage-25-23,greedy_score,10,0,0,plain,-0.8843420632841902,0.052399606502541905
drayage-25-23,greedy_score,10,1,0,plain,-0.8843420632841902,0.052399606502541905
drayage-25-23,greedy_score,10,1,16,plain,-0.8843420632841902,0.043754770807854775
drayage-25-23,greedy_score,10,2,0,plain,-0.8843420632841902,0.052399606502541905
drayage-25-23,greedy_score,300,0,0,plain,-0.8843420632841902,0.052399606502541905
drayage-25-23,greedy_score,300,0,35,plain,-0.8843420632841902,0.04785841001598486
drayage-25-23,greedy_score,300,1,0,plain,-0.8843420632841902,0.052399606502541905
drayage-25-23,greedy_score,300,1,15,plain,-0.8843420632841902,0.05133074971028807
drayage-25-23,greedy_score,300,1,38,plain,-0.8843420632841902,0.043754770807854775
drayage-25-23,greedy_score,300,1,38,plain,-0.8843420632841902,0.04241002799209611
drayage-25-23,greedy_score,300,1,42,plain,-0.8843420632841902,0.03579035886985431
drayage-25-23,greedy_score,300,2,0,plain,-0.8843420632841902,0.052399606502541905
drayage-25-23,greedy_score,300,2,20,plain,-0.8843420632841902,0.05123341080722319
drayage-25-23,greedy_score,300,2,25,plain,-0.8843420632841902,0.043146298428916034
drayage-25-23,greedy_score,60,0,0,plain,-0.8843420632841902,0.052399606502541905
drayage-25-23,greedy_score,60,0,17,plain,-0.8843420632841902,0.03579035886985431
drayage-25-23,greedy_score,60,1,0,plain,-0.8843420632841902,0.052399606502541905
drayage-25-23,greedy_score,60,1,17,plain,-0.8843420632841902,0.043754770807854775
drayage-25-23,greedy_score,60,1,34,plain,-0.8843420632841902,0.04241002799209611
drayage-25-23,greedy_score,60,1,42,plain,-0.8843420632841902,0.03579035886985431
drayage-25-23,greedy_score,60,2,0,plain,-0.8843420632841902,0.052399606502541905
drayage-25-23,greedy_score,60,2,20,plain,-0.8843420632841902,0.05123341080722319
drayage-25-23,greedy_score,900,0,0,plain,-0.8843420632841902,0.052399606502541905
drayage-25-23,greedy_score,900,0,35,plain,-0.8843420632841902,0.04785841001598486
drayage-25-23,greedy_score,900,1,0,plain,-0.8843420632841902,0.052399606502541905
drayage-25-23,greedy_score,900,1,16,plain,-0.8843420632841902,0.043754770807854775
drayage-25-23,greedy_score,900,1,34,plain,-0.8843420632841902,0.04241002799209611
drayage-25-23,greedy_score,900,1,42,plain,-0.8843420632841902,0.03579035886985431
drayage-25-23,greedy_score,900,2,0,plain,-0.8843420632841902,0.052399606502541905
drayage-25-23,greedy_score,900,2,20,plain,-0.8843420632841902,0.05123341080722319
drayage-25-23,greedy_score,900,2,28,plain,-0.8843420632841902,0.043146298428916034
drayage-25-23,hybrid_best_bound_depth,10,0,0,plain,-0.8843420632841902,0.052399606502541905
drayage-25-23,hybrid_best_bound_depth,10,1,0,plain,-0.8843420632841902,0.052399606502541905
drayage-25-23,hybrid_best_bound_depth,10,2,0,plain,-0.8843420632841902,0.052399606502541905
drayage-25-23,hybrid_best_bound_depth,300,0,0,plain,-0.8843420632841902,0.052399606502541905
drayage-25-23,hybrid_best_bound_depth,300,0,11,plain,-0.8843420632841902,0.03579035886985431
drayage-25-23,hybrid_best_bound_depth,300,0,40,plain,-0.8843420632841902,0.03180942010203077
drayage-25-23,hybrid_best_bound_depth,300,0,38,plain,-0.8843420632841902,0.020252502431773938
drayage-25-23,hybrid_best_bound_depth,300,0,39,plain,-0.8843420632841902,0.008184451285643676
drayage-25-23,hybrid_best_bound_depth,300,1,0,plain,-0.8843420632841902,0.052399606502541905
drayage-25-23,hybrid_best_bound_depth,300,1,15,plain,-0.8843420632841902,0.043754770807854775
drayage-25-23,hybrid_best_bound_depth,300,1,42,plain,-0.8843420632841902,0.04241002799209611
drayage-25-23,hybrid_best_bound_depth,300,2,0,plain,-0.8843420632841902,0.052399606502541905
drayage-25-23,hybrid_best_bound_depth,300,2,43,plain,-0.8843420632841902,0.045043666943480325
drayage-25-23,hybrid_best_bound_depth,60,0,0,plain,-0.8843420632841902,0.052399606502541905
drayage-25-23,hybrid_best_bound_depth,60,0,41,plain,-0.8843420632841902,0.031809420102030916
drayage-25-23,hybrid_best_bound_depth,60,1,0,plain,-0.8843420632841902,0.052399606502541905
drayage-25-23,hybrid_best_bound_depth,60,1,17,plain,-0.8843420632841902,0.043754770807854775
drayage-25-23,hybrid_best_bound_depth,60,2,0,plain,-0.8843420632841902,0.052399606502541905
drayage-25-23,hybrid_best_bound_depth,60,2,43,plain,-0.8843420632841902,0.045043666943480325
drayage-25-23,hybrid_best_bound_depth,900,0,0,plain,-0.8843420632841902,0.052399606502541905
drayage-25-23,hybrid_best_bound_depth,900,0,40,plain,-0.8843420632841902,0.031809420102030916
drayage-25-23,hybrid_best_bound_depth,900,0,38,plain,-0.8843420632841902,0.020252502431773938
drayage-25-23,hybrid_best_bound_depth,900,0,39,plain,-0.8843420632841902,0.008184451285643676
drayage-25-23,hybrid_best_bound_depth,900,1,0,plain,-0.8843420632841902,0.052399606502541905
drayage-25-23,hybrid_best_bound_depth,900,1,16,plain,-0.8843420632841902,0.05133074971028807
drayage-25-23,hybrid_best_bound_depth,900,1,35,plain,-0.8843420632841902,0.04492096650317392
drayage-25-23,hybrid_best_bound_depth,900,1,41,plain,-0.8843420632841902,0.04375477080785492
drayage-25-23,hybrid_best_bound_depth,900,1,42,plain,-0.8843420632841902,0.04241002799209611
drayage-25-23,hybrid_best_bound_depth,900,2,0,plain,-0.8843420632841902,0.052399606502541905
drayage-25-23,hybrid_best_bound_depth,900,2,43,plain,-0.8843420632841902,0.045043666943480325
drayage-25-23,learned_portfolio,10,0,0,plain,-0.8843420632841902,0.052399606502541905
drayage-25-23,learned_portfolio,10,1,0,plain,-0.8843420632841902,0.052399606502541905
drayage-25-23,learned_portfolio,10,1,17,plain,-0.8843420632841902,0.05133074971028807
drayage-25-23,learned_portfolio,10,2,0,plain,-0.8843420632841902,0.052399606502541905
drayage-25-23,learned_portfolio,10,2,22,plain,-0.8843420632841902,0.013842719224657485
drayage-25-23,learned_portfolio,10,2,15,plain,-0.8843420632841902,0.008184451285643676
drayage-25-23,learned_portfolio,300,0,0,plain,-0.8843420632841902,0.052399606502541905
drayage-25-23,learned_portfolio,300,0,34,plain,-0.8843420632841902,0.04785841001598486
drayage-25-23,learned_portfolio,300,0,39,plain,-0.8843420632841902,0.03180942010203077
drayage-25-23,learned_portfolio,300,1,0,plain,-0.8843420632841902,0.052399606502541905
drayage-25-23,learned_portfolio,300,1,17,plain,-0.8843420632841902,0.05133074971028807
drayage-25-23,learned_portfolio,300,1,39,plain,-0.8843420632841902,0.04492096650317377
drayage-25-23,learned_portfolio,300,1,40,plain,-0.8843420632841902,0.04241002799209611
drayage-25-23,learned_portfolio,300,2,0,plain,-0.8843420632841902,0.052399606502541905
drayage-25-23,learned_portfolio,300,2,22,plain,-0.8843420632841902,0.013842719224657485
drayage-25-23,learned_portfolio,300,2,15,plain,-0.8843420632841902,0.008184451285643676
drayage-25-23,learned_portfolio,60,0,0,plain,-0.8843420632841902,0.052399606502541905
drayage-25-23,learned_portfolio,60,0,39,plain,-0.8843420632841902,0.031809420102030916
drayage-25-23,learned_portfolio,60,1,0,plain,-0.8843420632841902,0.052399606502541905
drayage-25-23,learned_portfolio,60,1,21,plain,-0.8843420632841902,0.05133074971028807
drayage-25-23,learned_portfolio,60,1,42,plain,-0.8843420632841902,0.04492096650317363
drayage-25-23,learned_portfolio,60,1,41,plain,-0.8843420632841902,0.04375477080785492
drayage-25-23,learned_portfolio,60,1,42,plain,-0.8843420632841902,0.04241002799209611
drayage-25-23,learned_portfolio,60,2,0,plain,-0.8843420632841902,0.052399606502541905
drayage-25-23,learned_portfolio,60,2,22,plain,-0.8843420632841902,0.013842719224657485
drayage-25-23,learned_portfolio,60,2,15,plain,-0.8843420632841902,0.008184451285643676
drayage-25-23,learned_portfolio,900,0,0,plain,-0.8843420632841902,0.052399606502541905
drayage-25-23,learned_portfolio,900,0,39,plain,-0.8843420632841902,0.031809420102030916
drayage-25-23,learned_portfolio,900,1,0,plain,-0.8843420632841902,0.052399606502541905
drayage-25-23,learned_portfolio,900,1,16,plain,-0.8843420632841902,0.05133074971028807
drayage-25-23,learned_portfolio,900,1,42,plain,-0.8843420632841902,0.04492096650317363
drayage-25-23,learned_portfolio,900,1,41,plain,-0.8843420632841902,0.04375477080785492
drayage-25-23,learned_portfolio,900,1,42,plain,-0.8843420632841902,0.04241002799209611
drayage-25-23,learned_portfolio,900,2,0,plain,-0.8843420632841902,0.052399606502541905
drayage-25-23,learned_portfolio,900,2,22,plain,-0.8843420632841902,0.013842719224657485
drayage-25-23,learned_portfolio,900,2,15,plain,-0.8843420632841902,0.008184451285643676
drayage-25-23,random_uniform,10,0,0,plain,-0.8843420632841902,0.052399606502541905
drayage-25-23,random_uniform,10,1,0,plain,-0.8843420632841902,0.052399606502541905
drayage-25-23,random_uniform,10,1,26,plain,-0.8843420632841902,0.05133074971028807
drayage-25-23,random_uniform,10,2,0,plain,-0.8843420632841902,0.052399606502541905
drayage-25-23,random_uniform,10,2,23,plain,-0.8843420632841902,0.05123341080722319
drayage-25-23,random_uniform,300,0,0,plain,-0.8843420632841902,0.052399606502541905
drayage-25-23,random_uniform,300,0,30,plain,-0.8843420632841902,0.023454006263660763
drayage-25-23,random_uniform,300,0,37,plain,-0.8843420632841902,0.020252502431774084
drayage-25-23,random_uniform,300,1,0,plain,-0.8843420632841902,0.052399606502541905
drayage-25-23,random_uniform,300,1,19,plain,-0.8843420632841902,0.05133074971028807
drayage-25-23,random_uniform,300,1,40,plain,-0.8843420632841902,0.043754770807854775
drayage-25-23,random_uniform,300,1,42,plain,-0.8843420632841902,0.04241002799209611
drayage-25-23,random_uniform,300,2,0,plain,-0.8843420632841902,0.052399606502541905
drayage-25-23,random_uniform,300,2,21,plain,-0.8843420632841902,0.05123341080722319
drayage-25-23,random_uniform,60,0,0,plain,-0.8843420632841902,0.052399606502541905
drayage-25-23,random_uniform,60,0,30,plain,-0.8843420632841902,0.023454006263660763
drayage-25-23,random_uniform,60,0,40,plain,-0.8843420632841902,0.020252502431774084
drayage-25-23,random_uniform,60,1,0,plain,-0.8843420632841902,0.052399606502541905
drayage-25-23,random_uniform,60,1,20,plain,-0.8843420632841902,0.043754770807854775
drayage-25-23,random_uniform,60,1,34,plain,-0.8843420632841902,0.04241002799209611
drayage-25-23,random_uniform,60,2,0,plain,-0.8843420632841902,0.052399606502541905
drayage-25-23,random_uniform,60,2,22,plain,-0.8843420632841902,0.05123341080722319
drayage-25-23,random_uniform,60,2,44,plain,-0.8843420632841902,0.043146298428916034
drayage-25-23,random_uniform,900,0,0,plain,-0.8843420632841902,0.052399606502541905
drayage-25-23,random_uniform,900,0,30,plain,-0.8843420632841902,0.023454006263660763
drayage-25-23,random_uniform,900,0,35,plain,-0.8843420632841902,0.020252502431774084
drayage-25-23,random_uniform,900,1,0,plain,-0.8843420632841902,0.052399606502541905
drayage-25-23,random_uniform,900,1,23,plain,-0.8843420632841902,0.05133074971028807
drayage-25-23,random_uniform,900,1,39,plain,-0.8843420632841902,0.043754770807854775
drayage-25-23,random_uniform,900,1,42,plain,-0.8843420632841902,0.04241002799209611
drayage-25-23,random_uniform,900,2,0,plain,-0.8843420632841902,0.052399606502541905
drayage-25-23,random_uniform,900,2,20,plain,-0.8843420632841902,0.05123341080722319
drayage-25-23,safeguarded_hybrid,10,0,0,plain,-0.8843420632841902,0.052399606502541905
drayage-25-23,safeguarded_hybrid,10,1,0,plain,-0.8843420632841902,0.052399606502541905
drayage-25-23,safeguarded_hybrid,10,1,25,plain,-0.8843420632841902,0.05133074971028807
drayage-25-23,safeguarded_hybrid,10,2,0,plain,-0.8843420632841902,0.052399606502541905
drayage-25-23,safeguarded_hybrid,10,2,22,plain,-0.8843420632841902,0.013842719224657485
drayage-25-23,safeguarded_hybrid,10,2,15,plain,-0.8843420632841902,0.008184451285643676
drayage-25-23,safeguarded_hybrid,300,0,0,plain,-0.8843420632841902,0.052399606502541905
drayage-25-23,safeguarded_hybrid,300,0,39,plain,-0.8843420632841902,0.031809420102030916
drayage-25-23,safeguarded_hybrid,300,1,0,plain,-0.8843420632841902,0.052399606502541905
drayage-25-23,safeguarded_hybrid,300,1,17,plain,-0.8843420632841902,0.043754770807854775
drayage-25-23,safeguarded_hybrid,300,1,34,plain,-0.8843420632841902,0.04241002799209611
drayage-25-23,safeguarded_hybrid,300,2,0,plain,-0.8843420632841902,0.052399606502541905
drayage-25-23,safeguarded_hybrid,300,2,22,plain,-0.8843420632841902,0.013842719224657485
drayage-25-23,safeguarded_hybrid,300,2,15,plain,-0.8843420632841902,0.0017746680785290891
drayage-25-23,safeguarded_hybrid,60,0,0,plain,-0.8843420632841902,0.052399606502541905
drayage-25-23,safeguarded_hybrid,60,0,39,plain,-0.8843420632841902,0.031809420102030916
drayage-25-23,safeguarded_hybrid,60,1,0,plain,-0.8843420632841902,0.052399606502541905
drayage-25-23,safeguarded_hybrid,60,1,34,plain,-0.8843420632841902,0.05133074971028807
drayage-25-23,safeguarded_hybrid,60,1,38,plain,-0.8843420632841902,0.04492096650317377
drayage-25-23,safeguarded_hybrid,60,1,41,plain,-0.8843420632841902,0.04375477080785492
drayage-25-23,safeguarded_hybrid,60,1,42,plain,-0.8843420632841902,0.04241002799209611
drayage-25-23,safeguarded_hybrid,60,2,0,plain,-0.8843420632841902,0.052399606502541905
drayage-25-23,safeguarded_hybrid,60,2,22,plain,-0.8843420632841902,0.013842719224657485
drayage-25-23,safeguarded_hybrid,60,2,15,plain,-0.8843420632841902,0.008184451285643676
drayage-25-23,safeguarded_hybrid,900,0,0,plain,-0.8843420632841902,0.052399606502541905
drayage-25-23,safeguarded_hybrid,900,0,39,plain,-0.8843420632841902,0.031809420102030916
drayage-25-23,safeguarded_hybrid,900,1,0,plain,-0.8843420632841902,0.052399606502541905
drayage-25-23,safeguarded_hybrid,900,1,17,plain,-0.8843420632841902,0.05133074971028807
drayage-25-23,safeguarded_hybrid,900,1,40,plain,-0.8843420632841902,0.04492096650317377
drayage-25-23,safeguarded_hybrid,900,1,41,plain,-0.8843420632841902,0.04375477080785492
drayage-25-23,safeguarded_hybrid,900,2,0,plain,-0.8843420632841902,0.052399606502541905
drayage-25-23,safeguarded_hybrid,900,2,22,plain,-0.8843420632841902,0.013842719224657485
drayage-25-23,safeguarded_hybrid,900,2,15,plain,-0.8843420632841902,0.008184451285643676
irp,best_bound,10,0,0,plain,-0.002957575085612168,0.23676039564926707
irp,best_bound,10,0,1,plain,-0.002954511251686679,0.09858567333609368
irp,best_bound,10,0,3,plain,0.0027880534762926962,0.006506656624090649
irp,best_bound,10,0,4,plain,0.002810820127589812,0.0030192064011212716
irp,best_bound,10,0,4,plain,0.0027880535037061293,0.002952915725110949
irp,best_bound,10,1,0,plain,-0.002957575085612168,0.23676039564926707
irp,best_bound,10,1,1,plain,-0.002954511251686679,0.09858567333609368
irp,best_bound,10,1,3,plain,0.0027880534762926962,0.006506656624090649
irp,best_bound,10,1,4,plain,0.002810820127589812,0.0030192064011212716
irp,best_bound,10,1,4,plain,0.0027880535037061293,0.002952915725110949
irp,best_bound,10,2,0,plain,-0.002957575085612168,0.23676039564926707
irp,best_bound,10,2,1,plain,-0.002954511251686679,0.09858567333609368
irp,best_bound,10,2,2,plain,-0.0018923799461435498,0.02477283968013329
irp,best_bound,10,2,4,plain,0.002810820127589812,0.0030192064011212716
irp,best_bound,10,2,4,plain,0.0027880535037061293,0.002952915725110949
irp,best_bound,300,0,0,plain,-0.002957575085612168,0.23676039564926707
irp,best_bound,300,0,1,plain,-0.002954511251686679,0.09858567333609368
irp,best_bound,300,0,2,plain,-0.0018923799461435498,0.02477283968013329
irp,best_bound,300,0,4,plain,0.002810820127589812,0.0030192064011212716
irp,best_bound,300,0,4,plain,0.0027880535037061293,0.002952915725110949
irp,best_bound,300,1,0,plain,-0.002957575085612168,0.23676039564926707
irp,best_bound,300,1,1,plain,-0.002954511251686679,0.09858567333609368
irp,best_bound,300,1,2,plain,-0.0018923799461435498,0.02477283968013329
irp,best_bound,300,1,4,plain,0.002810820127589812,0.0030192064011212716
irp,best_bound,300,1,4,plain,0.0027880535037061293,0.002952915725110949
irp,best_bound,300,2,0,plain,-0.002957575085612168,0.23676039564926707
irp,best_bound,300,2,1,plain,-0.002954511251686679,0.09858567333609368
irp,best_bound,300,2,2,plain,-0.0018923799461435498,0.02477283968013329
irp,best_bound,300,2,4,plain,0.002810820127589812,0.0030192064011212716
irp,best_bound,300,2,4,plain,0.0027880535037061293,0.002952915725110949
irp,best_bound,60,0,0,plain,-0.002957575085612168,0.23676039564926707
irp,best_bound,60,0,1,plain,-0.002954511251686679,0.09858567333609368
irp,best_bound,60,0,2,plain,-0.0018923799461435498,0.02477283968013329
irp,best_bound,60,0,4,plain,0.002810820127589812,0.0030192064011212716
irp,best_bound,60,0,4,plain,0.0027880535037061293,0.002952915725110949
irp,best_bound,60,1,0,plain,-0.002957575085612168,0.23676039564926707
irp,best_bound,60,1,1,plain,-0.002954511251686679,0.09858567333609368
irp,best_bound,60,1,3,plain,0.0027880534762926962,0.006506656624090649
irp,best_bound,60,1,4,plain,0.002810820127589812,0.0030192064011212716
irp,best_bound,60,1,4,plain,0.0027880535037061293,0.002952915725110949
irp,best_bound,60,2,0,plain,-0.002957575085612168,0.23676039564926707
irp,best_bound,60,2,1,plain,-0.002954511251686679,0.09858567333609368
irp,best_bound,60,2,2,plain,-0.0018923799461435498,0.02477283968013329
irp,best_bound,60,2,4,plain,0.002810820127589812,0.0030192064011212716
irp,best_bound,60,2,4,plain,0.0027880535037061293,0.002952915725110949
irp,best_bound,900,0,0,plain,-0.002957575085612168,0.23676039564926707
irp,best_bound,900,0,1,plain,-0.002954511251686679,0.09858567333609368
irp,best_bound,900,0,4,plain,0.002810820127589812,0.0030192064011212716
irp,best_bound,900,0,5,plain,0.0028336636461279573,0.002952915725110949
irp,best_bound,900,1,0,plain,-0.002957575085612168,0.23676039564926707
irp,best_bound,900,1,1,plain,-0.002954511251686679,0.09858567333609368
irp,best_bound,900,1,2,plain,-0.0018923799461435498,0.02477283968013329
irp,best_bound,900,1,4,plain,0.002810820127589812,0.0030192064011212716
irp,best_bound,900,1,4,plain,0.0027880535037061293,0.002952915725110949
irp,best_bound,900,2,0,plain,-0.002957575085612168,0.23676039564926707
irp,best_bound,900,2,1,plain,-0.002954511251686679,0.09858567333609368
irp,best_bound,900,2,2,plain,-0.0018923799461435498,0.02477283968013329
irp,best_bound,900,2,4,plain,0.002810820127589812,0.0030192064011212716
irp,best_bound,900,2,4,plain,0.0027880535037061293,0.002952915725110949
irp,best_estimate,10,0,0,plain,-0.002957575085612168,0.23676039564926707
irp,best_estimate,10,0,2,plain,-0.0021642687613068166,0.1076709942039517
irp,best_estimate,10,0,3,plain,-0.0011021374557639867,0.019066096895763322
irp,best_estimate,10,0,4,plain,0.0012908499733907948,0.0026659892021688924
irp,best_estimate,10,1,0,plain,-0.002957575085612168,0.23676039564926707
irp,best_estimate,10,1,2,plain,-0.0021642687613068166,0.1076709942039517
irp,best_estimate,10,1,3,plain,-0.0011021374557639867,0.019066096895763322
irp,best_estimate,10,1,4,plain,0.0012908499733907948,0.0026788995268120204
irp,best_estimate,10,1,5,plain,0.0012930525323596078,0.002665989284409192
irp,best_estimate,10,1,6,plain,0.0012931528983878501,0.002665989202169042
irp,best_estimate,10,2,0,plain,-0.002957575085612168,0.23676039564926707
irp,best_estimate,10,2,2,plain,-0.0021642687613068166,0.1076709942039517
irp,best_estimate,10,2,3,plain,-0.0011021374557639867,0.019066096895763322
irp,best_estimate,10,2,4,plain,0.0012908499733907948,0.0026659892021688924
irp,best_estimate,300,0,0,plain,-0.002957575085612168,0.23676039564926707
irp,best_estimate,300,0,2,plain,-0.0021642687613068166,0.1076709942039517
irp,best_estimate,300,0,3,plain,-0.0011021374557639867,0.019066096895763322
irp,best_estimate,300,0,4,plain,0.0012908499733907948,0.0026659892021688924
irp,best_estimate,300,1,0,plain,-0.002957575085612168,0.23676039564926707
irp,best_estimate,300,1,2,plain,-0.0021642687613068166,0.1076709942039517
irp,best_estimate,300,1,3,plain,-0.0011021374557639867,0.019066096895763322
irp,best_estimate,300,1,4,plain,0.0012908499733907948,0.0026788995268120204
irp,best_estimate,300,1,5,plain,0.0012930525323596078,0.002665989284409192
irp,best_estimate,300,1,6,plain,0.0012931528983878501,0.002665989202169042
irp,best_estimate,300,2,0,plain,-0.002957575085612168,0.23676039564926707
irp,best_estimate,300,2,2,plain,-0.0021642687613068166,0.1076709942039517
irp,best_estimate,300,2,3,plain,-0.0011021374557639867,0.019066096895763322
irp,best_estimate,300,2,4,plain,0.0012908499733907948,0.0026659892021688924
irp,best_estimate,60,0,0,plain,-0.002957575085612168,0.23676039564926707
irp,best_estimate,60,0,2,plain,-0.0021642687613068166,0.1076709942039517
irp,best_estimate,60,0,3,plain,-0.0011021374557639867,0.019066096895763322
irp,best_estimate,60,0,4,plain,0.0012908499733907948,0.0026659892021688924
irp,best_estimate,60,1,0,plain,-0.002957575085612168,0.23676039564926707
irp,best_estimate,60,1,2,plain,-0.0021642687613068166,0.1076709942039517
irp,best_estimate,60,1,3,plain,-0.0011021374557639867,0.019066096895763322
irp,best_estimate,60,1,4,plain,0.0012908499733907948,0.0026659892021688924
irp,best_estimate,60,2,0,plain,-0.002957575085612168,0.23676039564926707
irp,best_estimate,60,2,2,plain,-0.0021642687613068166,0.1076709942039517
irp,best_estimate,60,2,3,plain,-0.0011021374557639867,0.019066096895763322
irp,best_estimate,60,2,4,plain,0.0012908499733907948,0.0026659892021688924
irp,best_estimate,900,0,0,plain,-0.002957575085612168,0.23676039564926707
irp,best_estimate,900,0,2,plain,-0.0021642687613068166,0.1076709942039517
irp,best_estimate,900,0,4,plain,0.0012908499733907948,0.0026788995268120204
irp,best_estimate,900,0,5,plain,0.0012930525323596078,0.002665989284409192
irp,best_estimate,900,0,6,plain,0.0012931528983878501,0.002665989202169042
irp,best_estimate,900,1,0,plain,-0.002957575085612168,0.23676039564926707
irp,best_estimate,900,1,2,plain,-0.0021642687613068166,0.1076709942039517
irp,best_estimate,900,1,4,plain,0.0012908499733907948,0.0026788995268120204
irp,best_estimate,900,1,5,plain,0.0012930525323596078,0.002665989284409192
irp,best_estimate,900,1,6,plain,0.0012931528983878501,0.002665989202169042
irp,best_estimate,900,2,0,plain,-0.002957575085612168,0.23676039564926707
irp,best_estimate,900,2,2,plain,-0.0021642687613068166,0.1076709942039517
irp,best_estimate,900,2,3,plain,-0.0011021374557639867,0.019066096895763322
irp,best_estimate,900,2,4,plain,0.0012908499733907948,0.0026659892021688924
irp,boltzmann_adaptive,10,0,0,plain,-0.002957575085612168,0.23676039564926707
irp,boltzmann_adaptive,10,0,2,plain,-0.0021642687613068166,0.1076709942039517
irp,boltzmann_adaptive,10,0,1,plain,-0.002954511251686679,0.09858567333609368
irp,boltzmann_adaptive,10,0,2,plain,-0.0018923799461435498,0.02477283968013329
irp,boltzmann_adaptive,10,0,3,plain,0.0121648273716719,0.013944123155321054
irp,boltzmann_adaptive,10,0,4,plain,0.012168329518834516,0.012329689702730453
irp,boltzmann_adaptive,10,0,7,plain,0.012164828673809533,0.012329689620490152
irp,boltzmann_adaptive,10,1,0,plain,-0.002957575085612168,0.23676039564926707
irp,boltzmann_adaptive,10,1,1,plain,-0.002954511251686679,0.09858567333609368
irp,boltzmann_adaptive,10,1,5,plain,-0.0009617785213700782,0.00026558053421585077
irp,boltzmann_adaptive,10,1,5,plain,0.00012382451226111935,0.0002028072746455737
irp,boltzmann_adaptive,10,1,6,plain,0.00012382533466382008,0.000136511664219047
irp,boltzmann_adaptive,10,2,0,plain,-0.002957575085612168,0.23676039564926707
irp,boltzmann_adaptive,10,2,1,plain,-0.002954511251686679,0.09858567333609368
irp,boltzmann_adaptive,10,2,3,plain,-0.0011021374557639867,0.019066096895763322
irp,boltzmann_adaptive,10,2,5,plain,0.0030679700961228854,0.004528276577681936
irp,boltzmann_adaptive,10,2,6,,0.003072163428911657,0.0044968541322581174
irp,boltzmann_adaptive,10,2,4,plain,0.0012908499733907948,0.0026659892021688924
irp,boltzmann_adaptive,300,0,0,plain,-0.002957575085612168,0.23676039564926707
irp,boltzmann_adaptive,300,0,2,plain,-0.0021642687613068166,0.1076709942039517
irp,boltzmann_adaptive,300,0,1,plain,-0.002954511251686679,0.09858567333609368
irp,boltzmann_adaptive,300,0,2,plain,-0.0018923799461435498,0.02477283968013329
irp,boltzmann_adaptive,300,0,3,plain,0.0121648273716719,0.013944123155321054
irp,boltzmann_adaptive,300,0,4,plain,0.012168329518834516,0.012329689702730453
irp,boltzmann_adaptive,300,0,7,plain,0.012164828673809533,0.012329689620490152
irp,boltzmann_adaptive,300,1,0,plain,-0.002957575085612168,0.23676039564926707
irp,boltzmann_adaptive,300,1,1,plain,-0.002954511251686679,0.09858567333609368
irp,boltzmann_adaptive,300,1,2,plain,-0.0018923799461435498,0.02477283968013329
irp,boltzmann_adaptive,300,1,3,plain,-0.0011021374557639867,0.019066096895763322
irp,boltzmann_adaptive,300,1,4,plain,0.0012908499733907948,0.0026659892021688924
irp,boltzmann_adaptive,300,1,5,plain,0.0005993043831405075,0.0019271305078452405
irp,boltzmann_adaptive,300,1,6,plain,0.0005994260781831329,0.0019269698925936584
irp,boltzmann_adaptive,300,1,5,plain,-0.0009617785213700782,0.00026558053421585077
irp,boltzmann_adaptive,300,2,0,plain,-0.002957575085612168,0.23676039564926707
irp,boltzmann_adaptive,300,2,1,plain,-0.002954511251686679,0.09858567333609368
irp,boltzmann_adaptive,300,2,3,plain,-0.0011021374557639867,0.019066096895763322
irp,boltzmann_adaptive,300,2,5,plain,0.0030679700961228854,0.004528276577681936
irp,boltzmann_adaptive,300,2,6,,0.003072163428911657,0.0044968541322581174
irp,boltzmann_adaptive,300,2,4,plain,0.0012908499733907948,0.0026659892021688924
irp,boltzmann_adaptive,300,2,6,plain,-0.0009617785213702279,0.00026558053421585077
irp,boltzmann_adaptive,300,2,5,plain,-0.0018683562056838725,0.00017737068743028378
irp,boltzmann_adaptive,60,0,0,plain,-0.002957575085612168,0.23676039564926707
irp,boltzmann_adaptive,60,0,2,plain,-0.0021642687613068166,0.1076709942039517
irp,boltzmann_adaptive,60,0,1,plain,-0.002954511251686679,0.09858567333609368
irp,boltzmann_adaptive,60,0,2,plain,-0.0018923799461435498,0.02477283968013329
irp,boltzmann_adaptive,60,0,3,plain,0.0121648273716719,0.013944123155321054
irp,boltzmann_adaptive,60,0,4,plain,0.012168329518834516,0.012329689702730453
irp,boltzmann_adaptive,60,0,7,plain,0.012164828673809533,0.012329689620490152
irp,boltzmann_adaptive,60,1,0,plain,-0.002957575085612168,0.23676039564926707
irp,boltzmann_adaptive,60,1,1,plain,-0.002954511251686679,0.01095352432918065
irp,boltzmann_adaptive,60,1,4,plain,0.002810820127589812,0.0030192064011212716
irp,boltzmann_adaptive,60,1,4,plain,0.0027880535037061293,0.002952915725110949
irp,boltzmann_adaptive,60,2,0,plain,-0.002957575085612168,0.23676039564926707
irp,boltzmann_adaptive,60,2,1,plain,-0.002954511251686679,0.09858567333609368
irp,boltzmann_adaptive,60,2,3,plain,-0.0011021374557639867,0.019066096895763322
irp,boltzmann_adaptive,60,2,5,plain,0.0030679700961228854,0.004528276577681936
irp,boltzmann_adaptive,60,2,6,,0.003072163428911657,0.0044968541322581174
irp,boltzmann_adaptive,60,2,4,plain,0.0012908499733907948,0.0026788995268120204
irp,boltzmann_adaptive,60,2,5,plain,0.0012930525323596078,0.002665989284409192
irp,boltzmann_adaptive,60,2,6,plain,0.0012931528983878501,0.002665989202169042
irp,boltzmann_adaptive,60,2,29,plain,0.0025784433222204722,0.002578649128501791
irp,boltzmann_adaptive,900,0,0,plain,-0.002957575085612168,0.23676039564926707
irp,boltzmann_adaptive,900,0,2,plain,-0.0021642687613068166,0.1076709942039517
irp,boltzmann_adaptive,900,0,1,plain,-0.002954511251686679,0.09858567333609368
irp,boltzmann_adaptive,900,0,3,plain,-0.0011021374557639867,0.019066096895763322
irp,boltzmann_adaptive,900,0,4,plain,0.0012908499733907948,0.0026659892021688924
irp,boltzmann_adaptive,900,0,5,,0.0005993043831403579,0.0020686297482568772
irp,boltzmann_adaptive,900,0,6,plain,0.0016332718372271669,0.0016374995135534573
irp,boltzmann_adaptive,900,0,6,plain,0.0015773113741379332,0.0015773753776295613
irp,boltzmann_adaptive,900,0,7,plain,0.00157733871021671,0.0015773729104213096
irp,boltzmann_adaptive,900,1,0,plain,-0.002957575085612168,0.23676039564926707
irp,boltzmann_adaptive,900,1,1,plain,-0.002954511251686679,0.09858567333609368
irp,boltzmann_adaptive,900,1,2,plain,-0.0018923799461435498,0.02477283968013329
irp,boltzmann_adaptive,900,1,3,plain,-0.0011021374557639867,0.019066096895763322
irp,boltzmann_adaptive,900,1,4,plain,0.0012908499733907948,0.0026788995268120204
irp,boltzmann_adaptive,900,1,5,plain,0.0012930525323596078,0.002665989284409192
irp,boltzmann_adaptive,900,1,6,plain,0.0012931528983878501,0.002665989202169042
irp,boltzmann_adaptive,900,1,8,plain,-0.0014494389803558568,0.002196330222365554
irp,boltzmann_adaptive,900,1,8,plain,0.00011761934008099239,0.002043921645372387
irp,boltzmann_adaptive,900,1,6,plain,0.0005331677020397123,0.00198041990147131
irp,boltzmann_adaptive,900,1,9,plain,0.0018597004751044804,0.0019269724420420606
irp,boltzmann_adaptive,900,1,5,plain,-0.0009617785213700782,0.00026558053421585077
irp,boltzmann_adaptive,900,2,0,plain,-0.002957575085612168,0.23676039564926707
irp,boltzmann_adaptive,900,2,1,plain,-0.002954511251686679,0.09858567333609368
irp,boltzmann_adaptive,900,2,3,plain,-0.0011021374557639867,0.019066096895763322
irp,boltzmann_adaptive,900,2,5,plain,0.0030679700961228854,0.004528276577681936
irp,boltzmann_adaptive,900,2,6,,0.003072163428911657,0.0044968541322581174
irp,boltzmann_adaptive,900,2,4,plain,0.0012908499733907948,0.0026659892021688924
irp,boltzmann_adaptive,900,2,6,plain,-0.0009617785213702279,0.00026558053421585077
irp,boltzmann_adaptive,900,2,5,plain,-0.0018683562056838725,0.00017737068743028378
irp,depth_first,10,0,0,plain,-0.002957575085612168,0.23676039564926707
irp,depth_first,10,0,1,plain,-0.002954511251686679,0.09858567333609368
irp,depth_first,10,0,2,plain,-0.0018923799461435498,0.02477283968013329
irp,depth_first,10,0,4,plain,0.002810820127589812,0.0030192064011212716
irp,depth_first,10,0,4,plain,0.0027880535037061293,0.002952915725110949
irp,depth_first,10,1,0,plain,-0.002957575085612168,0.23676039564926707
irp,depth_first,10,1,1,plain,-0.002954511251686679,0.09858567333609368
irp,depth_first,10,1,2,plain,-0.0018923799461435498,0.02477283968013329
irp,depth_first,10,1,4,plain,0.002810820127589812,0.0030192064011212716
irp,depth_first,10,1,4,plain,0.0027880535037061293,0.002952915725110949
irp,depth_first,10,2,0,plain,-0.002957575085612168,0.23676039564926707
irp,depth_first,10,2,1,plain,-0.002954511251686679,0.09858567333609368
irp,depth_first,10,2,3,plain,0.0027880534762926962,0.006506656624090649
irp,depth_first,10,2,4,plain,0.002810820127589812,0.0030192064011212716
irp,depth_first,10,2,4,plain,0.0027880535037061293,0.002952915725110949
irp,depth_first,300,0,0,plain,-0.002957575085612168,0.23676039564926707
irp,depth_first,300,0,1,plain,-0.002954511251686679,0.09858567333609368
irp,depth_first,300,0,3,plain,0.0027880534762926962,0.006506656624090649
irp,depth_first,300,0,4,plain,0.002810820127589812,0.0030192064011212716
irp,depth_first,300,0,4,plain,0.0027880535037061293,0.002952915725110949
irp,depth_first,300,1,0,plain,-0.002957575085612168,0.23676039564926707
irp,depth_first,300,1,1,plain,-0.002954511251686679,0.09858567333609368
irp,depth_first,300,1,2,plain,-0.0018923799461435498,0.02477283968013329
irp,depth_first,300,1,4,plain,0.002810820127589812,0.0030192064011212716
irp,depth_first,300,1,4,plain,0.0027880535037061293,0.002952915725110949
irp,depth_first,300,2,0,plain,-0.002957575085612168,0.23676039564926707
irp,depth_first,300,2,1,plain,-0.002954511251686679,0.09858567333609368
irp,depth_first,300,2,3,plain,0.0027880534762926962,0.006506656624090649
irp,depth_first,300,2,4,plain,0.002810820127589812,0.0030192064011212716
irp,depth_first,300,2,4,plain,0.0027880535037061293,0.002952915725110949
irp,depth_first,60,0,0,plain,-0.002957575085612168,0.23676039564926707
irp,depth_first,60,0,1,plain,-0.002954511251686679,0.09858567333609368
irp,depth_first,60,0,2,plain,-0.0018923799461435498,0.02477283968013329
irp,depth_first,60,0,4,plain,0.002810820127589812,0.0030192064011212716
irp,depth_first,60,0,4,plain,0.0027880535037061293,0.002952915725110949
irp,depth_first,60,1,0,plain,-0.002957575085612168,0.23676039564926707
irp,depth_first,60,1,1,plain,-0.002954511251686679,0.09858567333609368
irp,depth_first,60,1,2,plain,-0.0018923799461435498,0.02477283968013329
irp,depth_first,60,1,4,plain,0.002810820127589812,0.0030192064011212716
irp,depth_first,60,1,6,plain,0.002840667885626623,0.002952915807351249
irp,depth_first,60,1,6,plain,0.0028336646330114077,0.002952915725110949
irp,depth_first,60,2,0,plain,-0.002957575085612168,0.23676039564926707
irp,depth_first,60,2,1,plain,-0.002954511251686679,0.09858567333609368
irp,depth_first,60,2,3,plain,0.0027880534762926962,0.006506656624090649
irp,depth_first,60,2,4,plain,0.002810820127589812,0.0030192064011212716
irp,depth_first,60,2,4,plain,0.0027880535037061293,0.002952915725110949
irp,depth_first,900,0,0,plain,-0.002957575085612168,0.23676039564926707
irp,depth_first,900,0,1,plain,-0.002954511251686679,0.09858567333609368
irp,depth_first,900,0,2,plain,-0.0018923799461435498,0.02477283968013329
irp,depth_first,900,0,4,plain,0.002810820127589812,0.0030192064011212716
irp,depth_first,900,0,4,plain,0.0027880535037061293,0.002952915725110949
irp,depth_first,900,1,0,plain,-0.002957575085612168,0.23676039564926707
irp,depth_first,900,1,1,plain,-0.002954511251686679,0.09858567333609368
irp,depth_first,900,1,3,plain,0.0027880534762926962,0.006506656624090649
irp,depth_first,900,1,4,plain,0.002810820127589812,0.0030192064011212716
irp,depth_first,900,1,4,plain,0.0027880535037061293,0.002952915725110949
irp,depth_first,900,2,0,plain,-0.002957575085612168,0.23676039564926707
irp,depth_first,900,2,1,plain,-0.002954511251686679,0.09858567333609368
irp,depth_first,900,2,3,plain,0.0027880534762926962,0.006506656624090649
irp,depth_first,900,2,4,plain,0.002810820127589812,0.0030192064011212716
irp,depth_first,900,2,4,plain,0.0027880535037061293,0.002952915725110949
irp,greedy_score,10,0,0,plain,-0.002957575085612168,0.23676039564926707
irp,greedy_score,10,0,1,plain,-0.002954511251686679,0.09858567333609368
irp,greedy_score,10,0,3,plain,0.0027880534762926962,0.006506656624090649
irp,greedy_score,10,0,4,plain,0.002810820127589812,0.0030192064011212716
irp,greedy_score,10,0,4,plain,0.0027880535037061293,0.002952915725110949
irp,greedy_score,10,1,0,plain,-0.002957575085612168,0.23676039564926707
irp,greedy_score,10,1,1,plain,-0.002954511251686679,0.09858567333609368
irp,greedy_score,10,1,2,plain,-0.0018923799461435498,0.02477283968013329
irp,greedy_score,10,1,4,plain,0.002810820127589812,0.0030192064011212716
irp,greedy_score,10,1,4,plain,0.0027880535037061293,0.002952915725110949
irp,greedy_score,10,2,0,plain,-0.002957575085612168,0.23676039564926707
irp,greedy_score,10,2,1,plain,-0.002954511251686679,0.09858567333609368
irp,greedy_score,10,2,2,plain,-0.0018923799461435498,0.02477283968013329
irp,greedy_score,10,2,4,plain,0.002810820127589812,0.0030192064011212716
irp,greedy_score,10,2,4,plain,0.0027880535037061293,0.002952915725110949
irp,greedy_score,300,0,0,plain,-0.002957575085612168,0.23676039564926707
irp,greedy_score,300,0,1,plain,-0.002954511251686679,0.09858567333609368
irp,greedy_score,300,0,2,plain,-0.0018923799461435498,0.02477283968013329
irp,greedy_score,300,0,4,plain,0.002810820127589812,0.0030192064011212716
irp,greedy_score,300,0,4,plain,0.0027880535037061293,0.002952915725110949
irp,greedy_score,300,1,0,plain,-0.002957575085612168,0.23676039564926707
irp,greedy_score,300,1,1,plain,-0.002954511251686679,0.09858567333609368
irp,greedy_score,300,1,2,plain,-0.0018923799461435498,0.02477283968013329
irp,greedy_score,300,1,4,plain,0.002810820127589812,0.0030192064011212716
irp,greedy_score,300,1,4,plain,0.0027880535037061293,0.002952915725110949
irp,greedy_score,300,2,0,plain,-0.002957575085612168,0.23676039564926707
irp,greedy_score,300,2,1,plain,-0.002954511251686679,0.09858567333609368
irp,greedy_score,300,2,2,plain,-0.0018923799461435498,0.02477283968013329
irp,greedy_score,300,2,4,plain,0.002810820127589812,0.0030192064011212716
irp,greedy_score,300,2,4,plain,0.0027880535037061293,0.002952915725110949
irp,greedy_score,60,0,0,plain,-0.002957575085612168,0.23676039564926707
irp,greedy_score,60,0,1,plain,-0.002954511251686679,0.09858567333609368
irp,greedy_score,60,0,2,plain,-0.0018923799461435498,0.02477283968013329
irp,greedy_score,60,0,4,plain,0.002810820127589812,0.0030192064011212716
irp,greedy_score,60,0,4,plain,0.0027880535037061293,0.002952915725110949
irp,greedy_score,60,1,0,plain,-0.002957575085612168,0.23676039564926707
irp,greedy_score,60,1,1,plain,-0.002954511251686679,0.09858567333609368
irp,greedy_score,60,1,3,plain,0.0027880534762926962,0.006506656624090649
irp,greedy_score,60,1,4,plain,0.002810820127589812,0.0030192064011212716
irp,greedy_score,60,1,5,plain,0.0028336636461279573,0.002952915725110949
irp,greedy_score,60,2,0,plain,-0.002957575085612168,0.23676039564926707
irp,greedy_score,60,2,1,plain,-0.002954511251686679,0.09858567333609368
irp,greedy_score,60,2,3,plain,0.0027880534762926962,0.006506656624090649
irp,greedy_score,60,2,4,plain,0.002810820127589812,0.0030192064011212716
irp,greedy_score,60,2,4,plain,0.0027880535037061293,0.002952915725110949
irp,greedy_score,900,0,0,plain,-0.002957575085612168,0.23676039564926707
irp,greedy_score,900,0,1,plain,-0.002954511251686679,0.09858567333609368
irp,greedy_score,900,0,3,plain,0.0027880534762926962,0.01947173684035396
irp,greedy_score,900,0,4,plain,0.002810820127589812,0.0030192064011212716
irp,greedy_score,900,0,6,plain,0.002840667885626623,0.002952915807351249
irp,greedy_score,900,0,6,plain,0.0028336646330114077,0.002952915725110949
irp,greedy_score,900,1,0,plain,-0.002957575085612168,0.23676039564926707
irp,greedy_score,900,1,1,plain,-0.002954511251686679,0.09858567333609368
irp,greedy_score,900,1,2,plain,-0.0018923799461435498,0.02477283968013329
irp,greedy_score,900,1,4,plain,0.002810820127589812,0.0030192064011212716
irp,greedy_score,900,1,4,plain,0.0027880535037061293,0.002952915725110949
irp,greedy_score,900,2,0,plain,-0.002957575085612168,0.23676039564926707
irp,greedy_score,900,2,1,plain,-0.002954511251686679,0.09858567333609368
irp,greedy_score,900,2,3,plain,0.0027880534762926962,0.006506656624090649
irp,greedy_score,900,2,4,plain,0.002810820127589812,0.0030192064011212716
irp,greedy_score,900,2,4,plain,0.0027880535037061293,0.002952915725110949
irp,hybrid_best_bound_depth,10,0,0,plain,-0.002957575085612168,0.23676039564926707
irp,hybrid_best_bound_depth,10,0,1,plain,-0.002954511251686679,0.09858567333609368
irp,hybrid_best_bound_depth,10,0,3,plain,0.0027880534762926962,0.006506656624090649
irp,hybrid_best_bound_depth,10,0,4,plain,0.002810820127589812,0.0030192064011212716
irp,hybrid_best_bound_depth,10,0,4,plain,0.0027880535037061293,0.002952915725110949
irp,hybrid_best_bound_depth,10,1,0,plain,-0.002957575085612168,0.23676039564926707
irp,hybrid_best_bound_depth,10,1,1,plain,-0.002954511251686679,0.09858567333609368
irp,hybrid_best_bound_depth,10,1,2,plain,-0.0018923799461435498,0.02477283968013329
irp,hybrid_best_bound_depth,10,1,4,plain,0.002810820127589812,0.0030192064011212716
irp,hybrid_best_bound_depth,10,1,4,plain,0.0027880535037061293,0.002952915725110949
irp,hybrid_best_bound_depth,10,2,0,plain,-0.002957575085612168,0.23676039564926707
irp,hybrid_best_bound_depth,10,2,1,plain,-0.002954511251686679,0.09858567333609368
irp,hybrid_best_bound_depth,10,2,2,plain,-0.0018923799461435498,0.02477283968013329
irp,hybrid_best_bound_depth,10,2,4,plain,0.002810820127589812,0.0030192064011212716
irp,hybrid_best_bound_depth,10,2,4,plain,0.0027880535037061293,0.002952915725110949
irp,hybrid_best_bound_depth,300,0,0,plain,-0.002957575085612168,0.23676039564926707
irp,hybrid_best_bound_depth,300,0,1,plain,-0.002954511251686679,0.09858567333609368
irp,hybrid_best_bound_depth,300,0,3,plain,0.0027880534762926962,0.006506656624090649
irp,hybrid_best_bound_depth,300,0,4,plain,0.002810820127589812,0.0030192064011212716
irp,hybrid_best_bound_depth,300,0,4,plain,0.0027880535037061293,0.002952915725110949
irp,hybrid_best_bound_depth,300,1,0,plain,-0.002957575085612168,0.23676039564926707
irp,hybrid_best_bound_depth,300,1,1,plain,-0.002954511251686679,0.09858567333609368
irp,hybrid_best_bound_depth,300,1,3,plain,0.0027880534762926962,0.006506656624090649
irp,hybrid_best_bound_depth,300,1,4,plain,0.002810820127589812,0.0030192064011212716
irp,hybrid_best_bound_depth,300,1,4,plain,0.0027880535037061293,0.002952915725110949
irp,hybrid_best_bound_depth,300,2,0,plain,-0.002957575085612168,0.23676039564926707
irp,hybrid_best_bound_depth,300,2,1,plain,-0.002954511251686679,0.09858567333609368
irp,hybrid_best_bound_depth,300,2,3,plain,0.0027880534762926962,0.006506656624090649
irp,hybrid_best_bound_depth,300,2,4,plain,0.002810820127589812,0.0030192064011212716
irp,hybrid_best_bound_depth,300,2,4,plain,0.0027880535037061293,0.002952915725110949
irp,hybrid_best_bound_depth,60,0,0,plain,-0.002957575085612168,0.23676039564926707
irp,hybrid_best_bound_depth,60,0,1,plain,-0.002954511251686679,0.09858567333609368
irp,hybrid_best_bound_depth,60,0,3,plain,0.0027880534762926962,0.006506656624090649
irp,hybrid_best_bound_depth,60,0,4,plain,0.002810820127589812,0.0030192064011212716
irp,hybrid_best_bound_depth,60,0,4,plain,0.0027880535037061293,0.002952915725110949
irp,hybrid_best_bound_depth,60,1,0,plain,-0.002957575085612168,0.23676039564926707
irp,hybrid_best_bound_depth,60,1,1,plain,-0.002954511251686679,0.01095352432918065
irp,hybrid_best_bound_depth,60,1,2,plain,-0.0018923799461435498,0.0036127768812149667
irp,hybrid_best_bound_depth,60,1,4,plain,0.002810820127589812,0.0030192064011212716
irp,hybrid_best_bound_depth,60,1,5,plain,0.0028336636461279573,0.002952915725110949
irp,hybrid_best_bound_depth,60,2,0,plain,-0.002957575085612168,0.23676039564926707
irp,hybrid_best_bound_depth,60,2,1,plain,-0.002954511251686679,0.09858567333609368
irp,hybrid_best_bound_depth,60,2,2,plain,-0.0018923799461435498,0.02477283968013329
irp,hybrid_best_bound_depth,60,2,4,plain,0.002810820127589812,0.0030192064011212716
irp,hybrid_best_bound_depth,60,2,4,plain,0.0027880535037061293,0.002952915725110949
irp,hybrid_best_bound_depth,900,0,0,plain,-0.002957575085612168,0.23676039564926707
irp,hybrid_best_bound_depth,900,0,1,plain,-0.002954511251686679,0.09858567333609368
irp,hybrid_best_bound_depth,900,0,2,plain,-0.0018923799461435498,0.02477283968013329
irp,hybrid_best_bound_depth,900,0,4,plain,0.002810820127589812,0.0030192064011212716
irp,hybrid_best_bound_depth,900,0,4,plain,0.0027880535037061293,0.002952915725110949
irp,hybrid_best_bound_depth,900,1,0,plain,-0.002957575085612168,0.23676039564926707
irp,hybrid_best_bound_depth,900,1,1,plain,-0.002954511251686679,0.09858567333609368
irp,hybrid_best_bound_depth,900,1,3,plain,0.0027880534762926962,0.006506656624090649
irp,hybrid_best_bound_depth,900,1,4,plain,0.002810820127589812,0.0030192064011212716
irp,hybrid_best_bound_depth,900,1,4,plain,0.0027880535037061293,0.002952915725110949
irp,hybrid_best_bound_depth,900,2,0,plain,-0.002957575085612168,0.23676039564926707
irp,hybrid_best_bound_depth,900,2,1,plain,-0.002954511251686679,0.09858567333609368
irp,hybrid_best_bound_depth,900,2,2,plain,-0.0018923799461435498,0.02477283968013329
irp,hybrid_best_bound_depth,900,2,4,plain,0.002810820127589812,0.0030192064011212716
irp,hybrid_best_bound_depth,900,2,4,plain,0.0027880535037061293,0.002952915725110949
irp,learned_portfolio,10,0,0,plain,-0.002957575085612168,0.23676039564926707
irp,learned_portfolio,10,0,1,plain,-0.002954511251686679,0.09858567333609368
irp,learned_portfolio,10,0,2,plain,-0.0018923799461435498,0.02477283968013329
irp,learned_portfolio,10,0,4,plain,0.002810820127589812,0.0030192064011212716
irp,learned_portfolio,10,0,4,plain,0.0027880535037061293,0.002952915725110949
irp,learned_portfolio,10,1,0,plain,-0.002957575085612168,0.23676039564926707
irp,learned_portfolio,10,1,1,plain,-0.002954511251686679,0.09858567333609368
irp,learned_portfolio,10,1,3,plain,0.0121648273716719,0.028848510735733014
irp,learned_portfolio,10,1,4,plain,0.012164827399085332,0.01260459162876051
irp,learned_portfolio,10,1,5,plain,0.01216834609847337,0.012329772518684421
irp,learned_portfolio,10,1,4,plain,0.012168329518834516,0.012329689702730453
irp,learned_portfolio,10,1,10,plain,0.012168330982711436,0.012329689620490152
irp,learned_portfolio,10,2,0,plain,-0.002957575085612168,0.23676039564926707
irp,learned_portfolio,10,2,1,plain,-0.002954511251686679,0.09858567333609368
irp,learned_portfolio,10,2,2,plain,-0.0018923799461435498,0.02477283968013329
irp,learned_portfolio,10,2,4,plain,0.0027880535037061293,0.0034465795712318487
irp,learned_portfolio,10,2,4,plain,0.002810820127589812,0.0030192064011212716
irp,learned_portfolio,10,2,5,plain,0.0027915556234554624,0.002952915807351249
irp,learned_portfolio,10,2,6,plain,0.0028336646330114077,0.002952915725110949
irp,learned_portfolio,300,0,0,plain,-0.002957575085612168,0.23676039564926707
irp,learned_portfolio,300,0,1,plain,-0.002954511251686679,0.09858567333609368
irp,learned_portfolio,300,0,2,plain,-0.0018923799461435498,0.02477283968013329
irp,learned_portfolio,300,0,4,plain,0.002810820127589812,0.0030192064011212716
irp,learned_portfolio,300,0,4,plain,0.0027880535037061293,0.002952915725110949
irp,learned_portfolio,300,1,0,plain,-0.002957575085612168,0.23676039564926707
irp,learned_portfolio,300,1,1,plain,-0.002954511251686679,0.09858567333609368
irp,learned_portfolio,300,1,3,plain,0.0121648273716719,0.028848510735733014
irp,learned_portfolio,300,1,4,plain,0.012164827399085332,0.01260459162876051
irp,learned_portfolio,300,1,5,plain,0.01216834609847337,0.012329772518684421
irp,learned_portfolio,300,1,4,plain,0.012168329518834516,0.012329689702730453
irp,learned_portfolio,300,1,10,plain,0.012168330982711436,0.012329689620490152
irp,learned_portfolio,300,2,0,plain,-0.002957575085612168,0.23676039564926707
irp,learned_portfolio,300,2,1,plain,-0.002954511251686679,0.09858567333609368
irp,learned_portfolio,300,2,2,plain,-0.0018923799461435498,0.02477283968013329
irp,learned_portfolio,300,2,4,plain,0.0027880535037061293,0.0034465795712318487
irp,learned_portfolio,300,2,4,plain,0.002810820127589812,0.0030192064011212716
irp,learned_portfolio,300,2,5,plain,0.0027915556234554624,0.002952915807351249
irp,learned_portfolio,300,2,6,plain,0.0028336646330114077,0.002952915725110949
irp,learned_portfolio,300,2,4,plain,0.0015646857584635315,0.001577375295389411
irp,learned_portfolio,300,2,7,plain,0.0015773367471308341,0.0015773729104216088
irp,learned_portfolio,300,2,5,plain,0.00019856181248966229,0.0002167058806390655
irp,learned_portfolio,300,2,7,plain,0.00018509839460309507,0.00020074863615312887
irp,learned_portfolio,60,0,0,plain,-0.002957575085612168,0.23676039564926707
irp,learned_portfolio,60,0,1,plain,-0.002954511251686679,0.09858567333609368
irp,learned_portfolio,60,0,2,plain,-0.0018923799461435498,0.02477283968013329
irp,learned_portfolio,60,0,4,plain,0.002810820127589812,0.0030192064011212716
irp,learned_portfolio,60,0,4,plain,0.0027880535037061293,0.002952915725110949
irp,learned_portfolio,60,1,0,plain,-0.002957575085612168,0.23676039564926707
irp,learned_portfolio,60,1,1,plain,-0.002954511251686679,0.09858567333609368
irp,learned_portfolio,60,1,3,plain,0.0121648273716719,0.028848510735733014
irp,learned_portfolio,60,1,4,plain,0.012164827399085332,0.01260459162876051
irp,learned_portfolio,60,1,5,plain,0.01216834609847337,0.012329772518684421
irp,learned_portfolio,60,1,4,plain,0.012168329518834516,0.012329689702730453
irp,learned_portfolio,60,1,10,plain,0.012168330982711436,0.012329689620490152
irp,learned_portfolio,60,2,0,plain,-0.002957575085612168,0.23676039564926707
irp,learned_portfolio,60,2,1,plain,-0.002954511251686679,0.09858567333609368
irp,learned_portfolio,60,2,2,plain,-0.0018923799461435498,0.02477283968013329
irp,learned_portfolio,60,2,4,plain,0.0027880535037061293,0.0034465795712318487
irp,learned_portfolio,60,2,4,local_branching,0.002810820127589812,0.0030192064011212716
irp,learned_portfolio,60,2,5,local_branching,0.0027915556234554624,0.002952915807351249
irp,learned_portfolio,60,2,6,plain,0.0028336646330114077,0.002952915725110949
irp,learned_portfolio,60,2,4,plain,0.0015646857584635315,0.001577375295389411
irp,learned_portfolio,60,2,7,plain,0.0015773367471308341,0.0015773729104216088
irp,learned_portfolio,60,2,5,,0.00019856181248966229,0.00028300404051414396
irp,learned_portfolio,60,2,6,plain,0.00021304053039762806,0.0002167058806390655
irp,learned_portfolio,60,2,11,plain,0.00018895780134030828,0.00020074863615312887
irp,learned_portfolio,900,0,0,plain,-0.002957575085612168,0.23676039564926707
irp,learned_portfolio,900,0,1,plain,-0.002954511251686679,0.09858567333609368
irp,learned_portfolio,900,0,2,plain,-0.0018923799461435498,0.02477283968013329
irp,learned_portfolio,900,0,4,plain,0.002810820127589812,0.0030192064011212716
irp,learned_portfolio,900,0,4,plain,0.0027880535037061293,0.002952915725110949
irp,learned_portfolio,900,1,0,plain,-0.002957575085612168,0.23676039564926707
irp,learned_portfolio,900,1,1,plain,-0.002954511251686679,0.09858567333609368
irp,learned_portfolio,900,1,3,plain,0.0121648273716719,0.028848510735733014
irp,learned_portfolio,900,1,4,plain,0.012164827399085332,0.01260459162876051
irp,learned_portfolio,900,1,5,plain,0.01216834609847337,0.012329772518684421
irp,learned_portfolio,900,1,4,plain,0.012168329518834516,0.012329689702730453
irp,learned_portfolio,900,1,10,plain,0.012168330982711436,0.012329689620490152
irp,learned_portfolio,900,2,0,plain,-0.002957575085612168,0.23676039564926707
irp,learned_portfolio,900,2,1,plain,-0.002954511251686679,0.09858567333609368
irp,learned_portfolio,900,2,2,plain,-0.0018923799461435498,0.02477283968013329
irp,learned_portfolio,900,2,4,plain,0.0027880535037061293,0.0034465795712318487
irp,learned_portfolio,900,2,4,plain,0.002810820127589812,0.0030192064011212716
irp,learned_portfolio,900,2,5,plain,0.0027915556234554624,0.002952915807351249
irp,learned_portfolio,900,2,6,plain,0.0028336646330114077,0.002952915725110949
irp,learned_portfolio,900,2,4,plain,0.0015646857584635315,0.001577375295389411
irp,learned_portfolio,900,2,7,plain,0.0015773367471308341,0.0015773729104216088
irp,learned_portfolio,900,2,5,,0.00019856181248966229,0.00028300404051414396
irp,learned_portfolio,900,2,6,plain,0.00021304053039762806,0.0002167058806390655
irp,learned_portfolio,900,2,7,plain,0.00018509839460309507,0.00020074863615312887
irp,random_uniform,10,0,0,plain,-0.002957575085612168,0.23676039564926707
irp,random_uniform,10,0,1,plain,-0.002954511251686679,0.09858567333609368
irp,random_uniform,10,0,5,plain,-0.0005993004460760553,0.057267767498979334
irp,random_uniform,10,0,8,plain,-0.0016463149410344147,0.0028894442456300976
irp,random_uniform,10,0,7,plain,-0.0010625084979531381,0.0001667492740419393
irp,random_uniform,10,0,3,plain,-0.0029426337552079683,4.959226698936632e-11
irp,random_uniform,10,1,0,plain,-0.002957575085612168,0.23676039564926707
irp,random_uniform,10,1,1,plain,-0.002954511251686679,0.09858567333609368
irp,random_uniform,10,1,2,plain,-0.0018923799461435498,0.02477283968013329
irp,random_uniform,10,1,3,plain,0.0121648273716719,0.013944123155321054
irp,random_uniform,10,1,4,plain,0.012164827399085332,0.01260459162876051
irp,random_uniform,10,1,4,plain,0.012168329518834516,0.012329689702730453
irp,random_uniform,10,1,6,plain,-0.0009617785213702279,0.00026558053421585077
irp,random_uniform,10,1,5,plain,0.00012382451226111935,0.0002028072746455737
irp,random_uniform,10,1,6,plain,0.00012301132045005,0.00013569847240797766
irp,random_uniform,10,2,0,plain,-0.002957575085612168,0.23676039564926707
irp,random_uniform,10,2,1,plain,-0.002954511251686679,0.09858567333609368
irp,random_uniform,10,2,4,plain,0.0012908499733907948,0.0026788995268120204
irp,random_uniform,10,2,5,plain,0.0012930525323596078,0.002665989284409192
irp,random_uniform,10,2,4,plain,0.0015646857584635315,0.001577375295389411
irp,random_uniform,300,0,0,plain,-0.002957575085612168,0.23676039564926707
irp,random_uniform,300,0,1,plain,-0.002954511251686679,0.09858567333609368
irp,random_uniform,300,0,5,plain,-0.0005993004460760553,0.057267767498979334
irp,random_uniform,300,0,8,plain,-0.0016463149410344147,0.0028894442456300976
irp,random_uniform,300,0,7,plain,-0.0010625084979531381,0.0001667492740419393
irp,random_uniform,300,0,3,plain,-0.0029426337552079683,4.959226698936632e-11
irp,random_uniform,300,1,0,plain,-0.002957575085612168,0.23676039564926707
irp,random_uniform,300,1,1,plain,-0.002954511251686679,0.09858567333609368
irp,random_uniform,300,1,3,plain,0.0121648273716719,0.028848510735733014
irp,random_uniform,300,1,4,plain,0.012164827399085332,0.01260459162876051
irp,random_uniform,300,1,4,plain,0.012168329518834516,0.012329689702730453
irp,random_uniform,300,1,6,plain,-0.0009617785213702279,0.00026558053421585077
irp,random_uniform,300,1,5,plain,0.00012382451226111935,0.0002028072746455737
irp,random_uniform,300,1,6,plain,0.00012382533466382008,0.000136511664219047
irp,random_uniform,300,1,7,plain,0.00012303974817083995,0.00013569847240797766
irp,random_uniform,300,2,0,plain,-0.002957575085612168,0.23676039564926707
irp,random_uniform,300,2,1,plain,-0.002954511251686679,0.09858567333609368
irp,random_uniform,300,2,3,plain,-0.0011021374557639867,0.019066096895763322
irp,random_uniform,300,2,4,plain,0.0012908499733907948,0.0026788995268120204
irp,random_uniform,300,2,5,plain,0.0012930525323596078,0.002665989284409192
irp,random_uniform,300,2,4,plain,0.0015646857584635315,0.001577375295389411
irp,random_uniform,300,2,10,plain,0.0002138537222086974,0.00021751907245013482
irp,random_uniform,300,2,4,plain,-0.0018713609705339378,0.00018509831236264548
irp,random_uniform,300,2,4,plain,-0.0018923515184229094,0.0001365969473812672
irp,random_uniform,300,2,7,plain,0.00012247569641086746,0.000122537232694543
irp,random_uniform,60,0,0,plain,-0.002957575085612168,0.23676039564926707
irp,random_uniform,60,0,1,plain,-0.002954511251686679,0.09858567333609368
irp,random_uniform,60,0,5,plain,-0.0005993004460760553,0.057267767498979334
irp,random_uniform,60,0,8,plain,-0.0016463149410344147,0.0030111784347150623
irp,random_uniform,60,0,7,plain,-0.0010625084979531381,0.0001667492740419393
irp,random_uniform,60,0,3,plain,-0.0029426337552079683,4.959226698936632e-11
irp,random_uniform,60,1,0,plain,-0.002957575085612168,0.23676039564926707
irp,random_uniform,60,1,1,plain,-0.002954511251686679,0.09858567333609368
irp,random_uniform,60,1,2,plain,-0.0018923799461435498,0.02477283968013329
irp,random_uniform,60,1,3,plain,0.0121648273716719,0.013944123155321054
irp,random_uniform,60,1,4,plain,0.012164827399085332,0.01260459162876051
irp,random_uniform,60,1,4,plain,0.012168329518834516,0.012329689702730453
irp,random_uniform,60,1,6,plain,-0.0009617785213702279,0.00026558053421585077
irp,random_uniform,60,1,6,plain,0.00012301132045005,0.00013570093961607987
irp,random_uniform,60,1,9,plain,0.00012303974817083995,0.00013569847240797766
irp,random_uniform,60,2,0,plain,-0.002957575085612168,0.23676039564926707
irp,random_uniform,60,2,1,plain,-0.002954511251686679,0.09858567333609368
irp,random_uniform,60,2,3,plain,-0.0011021374557639867,0.019066096895763322
irp,random_uniform,60,2,4,plain,0.0012908499733907948,0.0026659892021688924
irp,random_uniform,60,2,5,plain,0.001354533912390931,0.002230688974466089
irp,random_uniform,60,2,5,,-0.0018674719289062229,0.00026558053421585077
irp,random_uniform,60,2,8,plain,9.519415920670058e-06,2.2291851040817906e-05
irp,random_uniform,60,2,9,plain,9.519415920670058e-06,2.22065678785977e-05
irp,random_uniform,900,0,0,plain,-0.002957575085612168,0.23676039564926707
irp,random_uniform,900,0,1,plain,-0.002954511251686679,0.01095352432918065
irp,random_uniform,900,0,6,plain,-0.0027064361663965844,0.010374957353137006
irp,random_uniform,900,0,7,plain,-0.002175875277002476,0.006866272609657947
irp,random_uniform,900,0,8,plain,0.0017667428699943213,0.0028992110181105374
irp,random_uniform,900,0,7,plain,-0.0010625084979531381,0.0001667492740419393
irp,random_uniform,900,0,3,plain,-0.0029426337552079683,4.959226698936632e-11
irp,random_uniform,900,1,0,plain,-0.002957575085612168,0.23676039564926707
irp,random_uniform,900,1,1,plain,-0.002954511251686679,0.09858567333609368
irp,random_uniform,900,1,3,plain,0.0121648273716719,0.028848510735733014
irp,random_uniform,900,1,4,plain,0.012164827399085332,0.01260459162876051
irp,random_uniform,900,1,4,plain,0.012168329518834516,0.012329689702730453
irp,random_uniform,900,1,6,plain,-0.0009617785213702279,0.00026558053421585077
irp,random_uniform,900,1,6,plain,0.00012382533466382008,0.000136511664219047
irp,random_uniform,900,1,7,plain,0.00012303974817083995,0.00013569847240797766
irp,random_uniform,900,2,0,plain,-0.002957575085612168,0.23676039564926707
irp,random_uniform,900,2,1,plain,-0.002954511251686679,0.09858567333609368
irp,random_uniform,900,2,4,plain,0.0012908499733907948,0.0026659892021688924
irp,random_uniform,900,2,5,plain,0.001354533912390931,0.002230688974466089
irp,random_uniform,900,2,5,,-0.0018674719289062229,0.00026558053421585077
irp,random_uniform,900,2,8,plain,9.519415920670058e-06,2.2291851040817906e-05
irp,random_uniform,900,2,10,plain,2.2162835032376974e-05,2.22090350866999e-05
irp,random_uniform,900,2,11,local_branching,2.2175316575221858e-05,2.22065678785977e-05
irp,safeguarded_hybrid,10,0,0,plain,-0.002957575085612168,0.23676039564926707
irp,safeguarded_hybrid,10,0,1,plain,-0.002954511251686679,0.09858567333609368
irp,safeguarded_hybrid,10,0,4,plain,0.0015646857584635315,0.012508690671723511
irp,safeguarded_hybrid,10,0,5,plain,0.0016083524371528456,0.002564507091302599
irp,safeguarded_hybrid,10,0,6,plain,0.0017214595394488587,0.0025589153284783454
irp,safeguarded_hybrid,10,0,6,plain,0.0015773113741379332,0.0015773753776295613
irp,safeguarded_hybrid,10,0,7,plain,0.0015773367471308341,0.0015773729104216088
irp,safeguarded_hybrid,10,1,0,plain,-0.002957575085612168,0.23676039564926707
irp,safeguarded_hybrid,10,1,1,plain,-0.002954511251686679,0.09858567333609368
irp,safeguarded_hybrid,10,1,3,plain,0.0121648273716719,0.028848510735733014
irp,safeguarded_hybrid,10,1,4,plain,0.012164827399085332,0.01260459162876051
irp,safeguarded_hybrid,10,1,5,plain,0.01216834609847337,0.012329772518684421
irp,safeguarded_hybrid,10,1,4,plain,0.012168329518834516,0.012329689702730453
irp,safeguarded_hybrid,10,1,10,plain,0.012168330982711436,0.012329689620490152
irp,safeguarded_hybrid,10,2,0,plain,-0.002957575085612168,0.23676039564926707
irp,safeguarded_hybrid,10,2,1,plain,-0.002954511251686679,0.09858567333609368
irp,safeguarded_hybrid,10,2,3,plain,0.0027880534762926962,0.006506656624090649
irp,safeguarded_hybrid,10,2,4,plain,-0.0018923799461435498,0.0036127768812149667
irp,safeguarded_hybrid,10,2,4,plain,0.002810820127589812,0.0030192064011212716
irp,safeguarded_hybrid,10,2,5,plain,0.0027880534762926962,0.002952915725110949
irp,safeguarded_hybrid,300,0,0,plain,-0.002957575085612168,0.23676039564926707
irp,safeguarded_hybrid,300,0,1,plain,-0.002954511251686679,0.09858567333609368
irp,safeguarded_hybrid,300,0,2,plain,-0.0018923799461435498,0.02477283968013329
irp,safeguarded_hybrid,300,0,4,plain,0.002810820127589812,0.0030192064011212716
irp,safeguarded_hybrid,300,0,5,plain,0.0028336636461279573,0.002952915725110949
irp,safeguarded_hybrid,300,1,0,plain,-0.002957575085612168,0.23676039564926707
irp,safeguarded_hybrid,300,1,1,plain,-0.002954511251686679,0.09858567333609368
irp,safeguarded_hybrid,300,1,3,plain,0.0121648273716719,0.028848510735733014
irp,safeguarded_hybrid,300,1,4,plain,0.012164827399085332,0.01260459162876051
irp,safeguarded_hybrid,300,1,5,plain,0.01216834609847337,0.012329772518684421
irp,safeguarded_hybrid,300,1,4,plain,0.012168329518834516,0.012329689702730453
irp,safeguarded_hybrid,300,1,10,plain,0.012168330982711436,0.012329689620490152
irp,safeguarded_hybrid,300,2,0,plain,-0.002957575085612168,0.23676039564926707
irp,safeguarded_hybrid,300,2,1,plain,-0.002954511251686679,0.09858567333609368
irp,safeguarded_hybrid,300,2,2,plain,-0.0018923799461435498,0.02477283968013329
irp,safeguarded_hybrid,300,2,4,plain,0.002810820127589812,0.0030192064011212716
irp,safeguarded_hybrid,300,2,5,plain,0.0027915556234554624,0.002952915807351249
irp,safeguarded_hybrid,300,2,4,plain,0.0015646857584635315,0.001577375295389411
irp,safeguarded_hybrid,300,2,7,plain,0.0015773367471308341,0.0015773729104216088
irp,safeguarded_hybrid,300,2,5,,0.00019856181248966229,0.00028300404051414396
irp,safeguarded_hybrid,300,2,6,plain,0.00021304053039762806,0.0002167058806390655
irp,safeguarded_hybrid,300,2,13,,0.00019030806912298398,0.00020083153434739728
irp,safeguarded_hybrid,300,2,14,plain,0.00019030926160688508,0.00020074863615312887
irp,safeguarded_hybrid,60,0,0,plain,-0.002957575085612168,0.23676039564926707
irp,safeguarded_hybrid,60,0,1,plain,-0.002954511251686679,0.09858567333609368
irp,safeguarded_hybrid,60,0,4,plain,0.0015646857584635315,0.012508690671723511
irp,safeguarded_hybrid,60,0,5,plain,0.0016083524371528456,0.002564507091302599
irp,safeguarded_hybrid,60,0,6,plain,0.0017214595394488587,0.0025589153284783454
irp,safeguarded_hybrid,60,0,6,plain,0.0015773113741379332,0.0015773753776295613
irp,safeguarded_hybrid,60,0,7,plain,0.0015773367471308341,0.0015773729104216088
irp,safeguarded_hybrid,60,0,4,plain,-0.0018598176587718836,0.0001773681379818816
irp,safeguarded_hybrid,60,0,4,plain,-0.0018805024496649887,0.00013651413142714918
irp,safeguarded_hybrid,60,0,5,plain,0.00012247569641086746,0.000122537232694543
irp,safeguarded_hybrid,60,1,0,plain,-0.002957575085612168,0.23676039564926707
irp,safeguarded_hybrid,60,1,1,plain,-0.002954511251686679,0.09858567333609368
irp,safeguarded_hybrid,60,1,3,plain,0.0121648273716719,0.028848510735733014
irp,safeguarded_hybrid,60,1,4,plain,0.012164827399085332,0.01260459162876051
irp,safeguarded_hybrid,60,1,5,plain,0.01216834609847337,0.012329772518684421
irp,safeguarded_hybrid,60,1,4,plain,0.012168329518834516,0.012329689702730453
irp,safeguarded_hybrid,60,1,10,plain,0.012168330982711436,0.012329689620490152
irp,safeguarded_hybrid,60,2,0,plain,-0.002957575085612168,0.23676039564926707
irp,safeguarded_hybrid,60,2,1,plain,-0.002954511251686679,0.09858567333609368
irp,safeguarded_hybrid,60,2,2,plain,-0.0018923799461435498,0.02477283968013329
irp,safeguarded_hybrid,60,2,4,plain,0.0027880535037061293,0.0034465795712318487
irp,safeguarded_hybrid,60,2,4,plain,0.002810820127589812,0.0030192064011212716
irp,safeguarded_hybrid,60,2,5,plain,0.0027915556234554624,0.002952915807351249
irp,safeguarded_hybrid,60,2,6,plain,0.0028336646330114077,0.002952915725110949
irp,safeguarded_hybrid,60,2,5,plain,0.0016083524371528456,0.0025589153284781957
irp,safeguarded_hybrid,60,2,5,plain,0.0015646865808662323,0.0015773729104213096
irp,safeguarded_hybrid,60,2,4,plain,0.00019496700795365297,0.00020354464092563085
irp,safeguarded_hybrid,60,2,6,plain,0.00017504310679978773,0.00018758739643954462
irp,safeguarded_hybrid,900,0,0,plain,-0.002957575085612168,0.23676039564926707
irp,safeguarded_hybrid,900,0,1,plain,-0.002954511251686679,0.09858567333609368
irp,safeguarded_hybrid,900,0,2,plain,-0.0018923799461435498,0.02477283968013329
irp,safeguarded_hybrid,900,0,4,plain,0.002810820127589812,0.0030192064011212716
irp,safeguarded_hybrid,900,0,4,plain,0.0027880535037061293,0.002952915725110949
irp,safeguarded_hybrid,900,1,0,plain,-0.002957575085612168,0.23676039564926707
irp,safeguarded_hybrid,900,1,1,plain,-0.002954511251686679,0.01095352432918065
irp,safeguarded_hybrid,900,1,3,plain,-0.0018923799461435498,0.0036127768812149667
irp,safeguarded_hybrid,900,1,4,plain,0.0027880535037061293,0.0034465795712318487
irp,safeguarded_hybrid,900,1,4,plain,0.002810820127589812,0.0030192064011212716
irp,safeguarded_hybrid,900,1,5,plain,0.0027880539971479293,0.002952915725110949
irp,safeguarded_hybrid,900,1,5,plain,0.0015773113741379332,0.0015773753776295613
irp,safeguarded_hybrid,900,1,6,plain,0.0015773362985475427,0.0015773729104213096
irp,safeguarded_hybrid,900,1,4,plain,0.00019496700795365297,0.00020354464092563085
irp,safeguarded_hybrid,900,1,6,plain,0.00017504310679978773,0.00018758739643954462
irp,safeguarded_hybrid,900,1,10,plain,-0.001879671644728988,0.00016683710665241214
irp,safeguarded_hybrid,900,2,0,plain,-0.002957575085612168,0.23676039564926707
irp,safeguarded_hybrid,900,2,1,plain,-0.002954511251686679,0.09858567333609368
irp,safeguarded_hybrid,900,2,2,plain,-0.0018923799461435498,0.02477283968013329
irp,safeguarded_hybrid,900,2,4,plain,0.0027880535037061293,0.0034465795712318487
irp,safeguarded_hybrid,900,2,4,plain,0.002810820127589812,0.0030192064011212716
irp,safeguarded_hybrid,900,2,5,local_branching,0.0027915556234554624,0.002952915807351249
irp,safeguarded_hybrid,900,2,6,plain,0.0028336646330114077,0.002952915725110949
irp,safeguarded_hybrid,900,2,5,plain,0.0016083524371528456,0.0025589153284781957
irp,safeguarded_hybrid,900,2,5,plain,0.0015646865808662323,0.0015773729104213096
irp,safeguarded_hybrid,900,2,4,plain,0.00019496700795365297,0.00020354464092563085
irp,safeguarded_hybrid,900,2,6,plain,0.00017504310679978773,0.00018758739643954462
mcsched,best_bound,10,0,0,plain,-0.08559289091928102,1.2424108006587609
mcsched,best_bound,10,0,2,plain,-0.0790294685196433,0.09871975763638852
mcsched,best_bound,10,0,5,plain,-0.05802813155010159,0.07021277599769717
mcsched,best_bound,10,0,7,plain,-0.03589183798219899,0.06057674611751049
mcsched,best_bound,10,0,12,plain,-0.0005199548172377978,0.05124272696814259
mcsched,best_bound,10,0,15,plain,0.01910008142754493,0.04177185920637243
mcsched,best_bound,10,1,0,plain,-0.08559289091928102,1.2424108006587609
mcsched,best_bound,10,1,2,plain,-0.0790294685196433,0.09871975763638852
mcsched,best_bound,10,1,5,plain,-0.05802813155010159,0.07021277599769717
mcsched,best_bound,10,1,7,plain,-0.03589183798219899,0.06057674611751049
mcsched,best_bound,10,1,12,plain,-0.0005199548172377978,0.05124272696814259
mcsched,best_bound,10,1,15,plain,0.01910008142754493,0.04177185920637243
mcsched,best_bound,10,2,0,plain,-0.08559289091928102,1.2424108006587609
mcsched,best_bound,10,2,2,plain,-0.0790294685196433,0.09871975763638852
mcsched,best_bound,10,2,5,plain,-0.05802813155010159,0.07021277599769717
mcsched,best_bound,10,2,7,plain,-0.03589183798219899,0.06057674611751049
mcsched,best_bound,10,2,12,plain,-0.0005199548172377978,0.05124272696814259
mcsched,best_bound,10,2,15,plain,0.01910008142754493,0.04177185920637243
mcsched,best_bound,300,0,0,plain,-0.08559289091928102,1.2424108006587609
mcsched,best_bound,300,0,2,plain,-0.0790294685196433,0.09871975763638852
mcsched,best_bound,300,0,5,plain,-0.05802813155010159,0.07021277599769717
mcsched,best_bound,300,0,7,plain,-0.03589183798219899,0.06057674611751049
mcsched,best_bound,300,0,12,plain,-0.0005199548172377978,0.05124272696814259
mcsched,best_bound,300,0,15,plain,0.01910008142754493,0.04177185920637243
mcsched,best_bound,300,1,0,plain,-0.08559289091928102,1.2424108006587609
mcsched,best_bound,300,1,2,plain,-0.0790294685196433,0.09871975763638852
mcsched,best_bound,300,1,5,plain,-0.05802813155010159,0.07021277599769717
mcsched,best_bound,300,1,7,plain,-0.03589183798219899,0.06057674611751049
mcsched,best_bound,300,1,12,plain,-0.0005199548172377978,0.05124272696814259
mcsched,best_bound,300,1,15,plain,0.01910008142754493,0.04177185920637243
mcsched,best_bound,300,2,0,plain,-0.08559289091928102,1.2424108006587609
mcsched,best_bound,300,2,2,plain,-0.0790294685196433,0.09871975763638852
mcsched,best_bound,300,2,5,plain,-0.05802813155010159,0.07021277599769717
mcsched,best_bound,300,2,7,plain,-0.03589183798219899,0.06057674611751049
mcsched,best_bound,300,2,12,plain,-0.0005199548172377978,0.05124272696814259
mcsched,best_bound,300,2,15,plain,0.01910008142754493,0.04177185920637243
mcsched,best_bound,60,0,0,plain,-0.08559289091928102,1.2424108006587609
mcsched,best_bound,60,0,2,plain,-0.0790294685196433,0.09871975763638852
mcsched,best_bound,60,0,5,plain,-0.05802813155010159,0.07021277599769717
mcsched,best_bound,60,0,7,plain,-0.03589183798219899,0.06057674611751049
mcsched,best_bound,60,0,12,plain,-0.0005199548172377978,0.05124272696814259
mcsched,best_bound,60,0,15,plain,0.01910008142754493,0.04177185920637243
mcsched,best_bound,60,1,0,plain,-0.08559289091928102,1.2424108006587609
mcsched,best_bound,60,1,2,plain,-0.0790294685196433,0.09871975763638852
mcsched,best_bound,60,1,5,plain,-0.05802813155010159,0.07021277599769717
mcsched,best_bound,60,1,7,plain,-0.03589183798219899,0.06057674611751049
mcsched,best_bound,60,1,12,plain,-0.0005199548172377978,0.05124272696814259
mcsched,best_bound,60,1,15,plain,0.01910008142754493,0.04177185920637243
mcsched,best_bound,60,2,0,plain,-0.08559289091928102,1.2424108006587609
mcsched,best_bound,60,2,2,plain,-0.0790294685196433,0.09871975763638852
mcsched,best_bound,60,2,5,plain,-0.05802813155010159,0.07021277599769717
mcsched,best_bound,60,2,7,plain,-0.03589183798219899,0.06057674611751049
mcsched,best_bound,60,2,12,plain,-0.0005199548172377978,0.05124272696814259
mcsched,best_bound,60,2,15,plain,0.01910008142754493,0.04177185920637243
mcsched,best_bound,900,0,0,plain,-0.08559289091928102,1.2424108006587609
mcsched,best_bound,900,0,2,plain,-0.0790294685196433,0.09871975763638852
mcsched,best_bound,900,0,5,plain,-0.05802813155010159,0.07021277599769717
mcsched,best_bound,900,0,7,plain,-0.03589183798219899,0.06057674611751049
mcsched,best_bound,900,0,12,plain,-0.0005199548172377978,0.05124272696814259
mcsched,best_bound,900,0,15,plain,0.01910008142754493,0.04177185920637243
mcsched,best_bound,900,1,0,plain,-0.08559289091928102,1.2424108006587609
mcsched,best_bound,900,1,2,plain,-0.0790294685196433,0.09871975763638852
mcsched,best_bound,900,1,5,plain,-0.05802813155010159,0.07021277599769717
mcsched,best_bound,900,1,7,plain,-0.03589183798219899,0.06057674611751049
mcsched,best_bound,900,1,12,plain,-0.0005199548172377978,0.05124272696814259
mcsched,best_bound,900,1,15,plain,0.01910008142754493,0.04177185920637243
mcsched,best_bound,900,2,0,plain,-0.08559289091928102,1.2424108006587609
mcsched,best_bound,900,2,2,plain,-0.0790294685196433,0.09871975763638852
mcsched,best_bound,900,2,5,plain,-0.05802813155010159,0.07021277599769717
mcsched,best_bound,900,2,7,plain,-0.03589183798219899,0.06057674611751049
mcsched,best_bound,900,2,12,plain,-0.0005199548172377978,0.05124272696814259
mcsched,best_bound,900,2,15,plain,0.01910008142754493,0.04177185920637243
mcsched,best_estimate,10,0,0,plain,-0.08559289091928102,1.2424108006587609
mcsched,best_estimate,10,0,2,plain,-0.0790294685196433,0.09871975763638852
mcsched,best_estimate,10,0,5,plain,-0.05802813155010159,0.07021277599769717
mcsched,best_estimate,10,0,7,plain,-0.03589183798219899,0.06057674611751049
mcsched,best_estimate,10,0,12,plain,-0.0005199548172377978,0.05124272696814259
mcsched,best_estimate,10,0,15,plain,0.01910008142754493,0.04177185920637243
mcsched,best_estimate,10,1,0,plain,-0.08559289091928102,1.2424108006587609
mcsched,best_estimate,10,1,2,plain,-0.0790294685196433,0.09871975763638852
mcsched,best_estimate,10,1,5,plain,-0.05802813155010159,0.07021277599769717
mcsched,best_estimate,10,1,7,plain,-0.03589183798219899,0.06057674611751049
mcsched,best_estimate,10,1,12,plain,-0.0005199548172377978,0.05124272696814259
mcsched,best_estimate,10,1,15,plain,0.01910008142754493,0.04177185920637243
mcsched,best_estimate,10,2,0,plain,-0.08559289091928102,1.2424108006587609
mcsched,best_estimate,10,2,2,plain,-0.0790294685196433,0.09871975763638852
mcsched,best_estimate,10,2,5,plain,-0.05802813155010159,0.07021277599769717
mcsched,best_estimate,10,2,7,plain,-0.03589183798219899,0.06057674611751049
mcsched,best_estimate,10,2,12,plain,-0.0005199548172377978,0.05124272696814259
mcsched,best_estimate,10,2,15,plain,0.01910008142754493,0.04177185920637243
mcsched,best_estimate,300,0,0,plain,-0.08559289091928102,1.2424108006587609
mcsched,best_estimate,300,0,2,plain,-0.0790294685196433,0.09871975763638852
mcsched,best_estimate,300,0,5,plain,-0.05802813155010159,0.07021277599769717
mcsched,best_estimate,300,0,7,plain,-0.03589183798219899,0.06057674611751049
mcsched,best_estimate,300,0,12,plain,-0.0005199548172377978,0.05124272696814259
mcsched,best_estimate,300,0,15,plain,0.01910008142754493,0.04177185920637243
mcsched,best_estimate,300,1,0,plain,-0.08559289091928102,1.2424108006587609
mcsched,best_estimate,300,1,2,plain,-0.0790294685196433,0.09871975763638852
mcsched,best_estimate,300,1,5,plain,-0.05802813155010159,0.07021277599769717
mcsched,best_estimate,300,1,7,plain,-0.03589183798219899,0.06057674611751049
mcsched,best_estimate,300,1,12,plain,-0.0005199548172377978,0.05124272696814259
mcsched,best_estimate,300,1,15,plain,0.01910008142754493,0.04177185920637243
mcsched,best_estimate,300,2,0,plain,-0.08559289091928102,1.2424108006587609
mcsched,best_estimate,300,2,2,plain,-0.0790294685196433,0.09871975763638852
mcsched,best_estimate,300,2,5,plain,-0.05802813155010159,0.07021277599769717
mcsched,best_estimate,300,2,7,plain,-0.03589183798219899,0.06057674611751049
mcsched,best_estimate,300,2,12,plain,-0.0005199548172377978,0.05124272696814259
mcsched,best_estimate,300,2,15,plain,0.01910008142754493,0.04177185920637243
mcsched,best_estimate,60,0,0,plain,-0.08559289091928102,1.2424108006587609
mcsched,best_estimate,60,0,2,plain,-0.0790294685196433,0.09871975763638852
mcsched,best_estimate,60,0,5,plain,-0.05802813155010159,0.07021277599769717
mcsched,best_estimate,60,0,7,plain,-0.03589183798219899,0.06057674611751049
mcsched,best_estimate,60,0,12,plain,-0.0005199548172377978,0.05124272696814259
mcsched,best_estimate,60,0,15,plain,0.01910008142754493,0.04177185920637243
mcsched,best_estimate,60,1,0,plain,-0.08559289091928102,1.2424108006587609
mcsched,best_estimate,60,1,2,plain,-0.0790294685196433,0.09871975763638852
mcsched,best_estimate,60,1,5,plain,-0.05802813155010159,0.07021277599769717
mcsched,best_estimate,60,1,7,plain,-0.03589183798219899,0.06057674611751049
mcsched,best_estimate,60,1,12,plain,-0.0005199548172377978,0.05124272696814259
mcsched,best_estimate,60,1,15,plain,0.01910008142754493,0.04177185920637243
mcsched,best_estimate,60,2,0,plain,-0.08559289091928102,1.2424108006587609
mcsched,best_estimate,60,2,2,plain,-0.0790294685196433,0.09871975763638852
mcsched,best_estimate,60,2,5,plain,-0.05802813155010159,0.07021277599769717
mcsched,best_estimate,60,2,7,plain,-0.03589183798219899,0.06057674611751049
mcsched,best_estimate,60,2,12,plain,-0.0005199548172377978,0.05124272696814259
mcsched,best_estimate,60,2,15,plain,0.01910008142754493,0.04177185920637243
mcsched,best_estimate,900,0,0,plain,-0.08559289091928102,1.2424108006587609
mcsched,best_estimate,900,0,2,plain,-0.0790294685196433,0.09871975763638852
mcsched,best_estimate,900,0,5,plain,-0.05802813155010159,0.07021277599769717
mcsched,best_estimate,900,0,7,plain,-0.03589183798219899,0.06057674611751049
mcsched,best_estimate,900,0,12,plain,-0.0005199548172377978,0.05124272696814259
mcsched,best_estimate,900,0,15,plain,0.01910008142754493,0.04177185920637243
mcsched,best_estimate,900,1,0,plain,-0.08559289091928102,1.2424108006587609
mcsched,best_estimate,900,1,2,plain,-0.0790294685196433,0.09871975763638852
mcsched,best_estimate,900,1,5,plain,-0.05802813155010159,0.07021277599769717
mcsched,best_estimate,900,1,7,plain,-0.03589183798219899,0.06057674611751049
mcsched,best_estimate,900,1,12,plain,-0.0005199548172377978,0.05124272696814259
mcsched,best_estimate,900,1,15,plain,0.01910008142754493,0.04177185920637243
mcsched,best_estimate,900,2,0,plain,-0.08559289091928102,1.2424108006587609
mcsched,best_estimate,900,2,2,plain,-0.0790294685196433,0.09871975763638852
mcsched,best_estimate,900,2,5,plain,-0.05802813155010159,0.07021277599769717
mcsched,best_estimate,900,2,7,plain,-0.03589183798219899,0.06057674611751049
mcsched,best_estimate,900,2,12,plain,-0.0005199548172377978,0.05124272696814259
mcsched,best_estimate,900,2,15,plain,0.01910008142754493,0.04177185920637243
mcsched,boltzmann_adaptive,10,0,0,plain,-0.08559289091928102,1.2424108006587609
mcsched,boltzmann_adaptive,10,0,2,plain,-0.08069832341349444,0.1594805415429917
mcsched,boltzmann_adaptive,10,0,3,plain,-0.07991863462387011,0.10316497808062743
mcsched,boltzmann_adaptive,10,0,10,plain,-0.0415846996717492,0.0749647260904239
mcsched,boltzmann_adaptive,10,0,7,plain,-0.04727655756304301,0.065739242047444
mcsched,boltzmann_adaptive,10,0,12,plain,-0.007641107435598571,0.051506986357609016
mcsched,boltzmann_adaptive,10,1,0,plain,-0.08559289091928102,1.2424108006587609
mcsched,boltzmann_adaptive,10,1,3,plain,-0.08056406440686407,0.1594805415429917
mcsched,boltzmann_adaptive,10,1,4,plain,-0.07997826151927437,0.12642924218901153
mcsched,boltzmann_adaptive,10,1,3,plain,-0.07129618858502476,0.10814343622146824
mcsched,boltzmann_adaptive,10,1,9,plain,-0.05781680553590331,0.056107931084926364
mcsched,boltzmann_adaptive,10,1,9,plain,-0.01996220146947096,0.04701457673667968
mcsched,boltzmann_adaptive,10,2,0,plain,-0.08559289091928102,1.2424108006587609
mcsched,boltzmann_adaptive,10,2,2,plain,-0.08069832341349444,0.1594805415429917
mcsched,boltzmann_adaptive,10,2,3,plain,-0.07991863462387011,0.10316497808062743
mcsched,boltzmann_adaptive,10,2,6,plain,-0.07243914058489898,0.08857880356561419
mcsched,boltzmann_adaptive,10,2,7,plain,-0.03807539410067659,0.08488389103075318
mcsched,boltzmann_adaptive,300,0,0,plain,-0.08559289091928102,1.2424108006587609
mcsched,boltzmann_adaptive,300,0,2,plain,-0.08069832341349444,0.1594805415429917
mcsched,boltzmann_adaptive,300,0,3,plain,-0.07991863462387011,0.10316497808062743
mcsched,boltzmann_adaptive,300,0,10,plain,-0.0415846996717492,0.0749647260904239
mcsched,boltzmann_adaptive,300,0,7,plain,-0.04727655756304301,0.065739242047444
mcsched,boltzmann_adaptive,300,0,12,plain,-0.007641107435598571,0.051506986357609016
mcsched,boltzmann_adaptive,300,0,15,plain,0.01101052189942432,0.04688244704194646
mcsched,boltzmann_adaptive,300,0,16,plain,0.01639116052342235,0.042003086172155556
mcsched,boltzmann_adaptive,300,0,16,plain,0.02068537560225187,0.04163972951163921
mcsched,boltzmann_adaptive,300,1,0,plain,-0.08559289091928102,1.2424108006587609
mcsched,boltzmann_adaptive,300,1,3,plain,-0.08056406440686407,0.1594805415429917
mcsched,boltzmann_adaptive,300,1,4,plain,-0.07997826151927437,0.12642924218901153
mcsched,boltzmann_adaptive,300,1,3,plain,-0.07129618858502476,0.10814343622146824
mcsched,boltzmann_adaptive,300,1,9,plain,-0.05781680553590331,0.056107931084926364
mcsched,boltzmann_adaptive,300,1,9,plain,-0.01996220146947096,0.04701457673667968
mcsched,boltzmann_adaptive,300,1,17,plain,0.0021494669982492815,0.03289557507090174
mcsched,boltzmann_adaptive,300,1,18,plain,0.013762723381765159,0.032532218410385394
mcsched,boltzmann_adaptive,300,2,0,plain,-0.08559289091928102,1.2424108006587609
mcsched,boltzmann_adaptive,300,2,2,plain,-0.08069832341349444,0.1594805415429917
mcsched,boltzmann_adaptive,300,2,3,plain,-0.07991863462387011,0.10316497808062743
mcsched,boltzmann_adaptive,300,2,6,plain,-0.07243914058489898,0.08857880356561419
mcsched,boltzmann_adaptive,300,2,7,plain,-0.03807539410067659,0.08488389103075318
mcsched,boltzmann_adaptive,300,2,9,plain,-0.020815197694388887,0.07525258006823556
mcsched,boltzmann_adaptive,300,2,10,plain,-0.00101535378512274,0.07045815971648743
mcsched,boltzmann_adaptive,300,2,11,plain,-0.0011274280797629332,0.03708125504334326
mcsched,boltzmann_adaptive,300,2,11,plain,-0.007448811540585051,0.028256879002232047
mcsched,boltzmann_adaptive,60,0,0,plain,-0.08559289091928102,1.2424108006587609
mcsched,boltzmann_adaptive,60,0,2,plain,-0.08069832341349444,0.1594805415429917
mcsched,boltzmann_adaptive,60,0,3,plain,-0.07991863462387011,0.10316497808062743
mcsched,boltzmann_adaptive,60,0,10,plain,-0.0415846996717492,0.0749647260904239
mcsched,boltzmann_adaptive,60,0,7,plain,-0.04727655756304301,0.065739242047444
mcsched,boltzmann_adaptive,60,0,12,plain,-0.007641107435598571,0.051506986357609016
mcsched,boltzmann_adaptive,60,0,15,plain,0.00855333320749553,0.03690193617191961
mcsched,boltzmann_adaptive,60,0,16,plain,0.013524418039478465,0.03244727789234261
mcsched,boltzmann_adaptive,60,1,0,plain,-0.08559289091928102,1.2424108006587609
mcsched,boltzmann_adaptive,60,1,3,plain,-0.08056406440686407,0.1594805415429917
mcsched,boltzmann_adaptive,60,1,4,plain,-0.07997826151927437,0.12642924218901153
mcsched,boltzmann_adaptive,60,1,3,plain,-0.07129618858502476,0.10814343622146824
mcsched,boltzmann_adaptive,60,1,9,plain,-0.05781680553590331,0.056107931084926364
mcsched,boltzmann_adaptive,60,1,9,plain,-0.01996220146947096,0.04701457673667968
mcsched,boltzmann_adaptive,60,1,17,plain,0.0021494669982492815,0.03289557507090174
mcsched,boltzmann_adaptive,60,1,18,plain,0.013762723381765159,0.032532218410385394
mcsched,boltzmann_adaptive,60,2,0,plain,-0.08559289091928102,1.2424108006587609
mcsched,boltzmann_adaptive,60,2,2,plain,-0.08069832341349444,0.1594805415429917
mcsched,boltzmann_adaptive,60,2,3,plain,-0.07991863462387011,0.10316497808062743
mcsched,boltzmann_adaptive,60,2,6,plain,-0.07243914058489898,0.08857880356561419
mcsched,boltzmann_adaptive,60,2,7,plain,-0.03807539410067659,0.08488389103075318
mcsched,boltzmann_adaptive,60,2,9,plain,-0.020815197694388887,0.07525258006823556
mcsched,boltzmann_adaptive,60,2,10,plain,-0.00101535378512274,0.07045815971648743
mcsched,boltzmann_adaptive,60,2,11,plain,-0.007448811540585051,0.028256879002232047
mcsched,boltzmann_adaptive,900,0,0,plain,-0.08559289091928102,1.2424108006587609
mcsched,boltzmann_adaptive,900,0,2,plain,-0.08069832341349444,0.1594805415429917
mcsched,boltzmann_adaptive,900,0,3,plain,-0.07991863462387011,0.10316497808062743
mcsched,boltzmann_adaptive,900,0,10,plain,-0.0415846996717492,0.0749647260904239
mcsched,boltzmann_adaptive,900,0,7,plain,-0.04727655756304301,0.065739242047444
mcsched,boltzmann_adaptive,900,0,12,plain,-0.007641107435598571,0.051506986357609016
mcsched,boltzmann_adaptive,900,0,15,plain,0.00855333320749553,0.03690193617191961
mcsched,boltzmann_adaptive,900,0,16,plain,0.013524418039478465,0.03244727789234261
mcsched,boltzmann_adaptive,900,1,0,plain,-0.08559289091928102,1.2424108006587609
mcsched,boltzmann_adaptive,900,1,3,plain,-0.08056406440686407,0.1594805415429917
mcsched,boltzmann_adaptive,900,1,4,plain,-0.07997826151927437,0.12642924218901153
mcsched,boltzmann_adaptive,900,1,3,plain,-0.07129618858502476,0.10814343622146824
mcsched,boltzmann_adaptive,900,1,9,plain,-0.05781680553590331,0.056107931084926364
mcsched,boltzmann_adaptive,900,1,9,plain,-0.01996220146947096,0.04701457673667968
mcsched,boltzmann_adaptive,900,1,17,plain,0.0021494669982492815,0.03289557507090174
mcsched,boltzmann_adaptive,900,1,18,plain,0.013762723381765159,0.032532218410385394
mcsched,boltzmann_adaptive,900,2,0,plain,-0.08559289091928102,1.2424108006587609
mcsched,boltzmann_adaptive,900,2,2,plain,-0.08069832341349444,0.1594805415429917
mcsched,boltzmann_adaptive,900,2,3,plain,-0.07991863462387011,0.10316497808062743
mcsched,boltzmann_adaptive,900,2,6,plain,-0.07243914058489898,0.08857880356561419
mcsched,boltzmann_adaptive,900,2,7,plain,-0.03807539410067659,0.08488389103075318
mcsched,boltzmann_adaptive,900,2,9,plain,-0.020815197694388887,0.07525258006823556
mcsched,boltzmann_adaptive,900,2,10,plain,-0.00101535378512274,0.07045815971648743
mcsched,boltzmann_adaptive,900,2,11,plain,-0.007448811540585051,0.028256879002232047
mcsched,depth_first,10,0,0,plain,-0.08559289091928102,1.2424108006587609
mcsched,depth_first,10,0,2,plain,-0.0790294685196433,0.09871975763638852
mcsched,depth_first,10,0,5,plain,-0.05802813155010159,0.07021277599769717
mcsched,depth_first,10,0,7,plain,-0.03589183798219899,0.06057674611751049
mcsched,depth_first,10,0,12,plain,-0.0005199548172377978,0.05124272696814259
mcsched,depth_first,10,0,15,plain,0.01910008142754493,0.04177185920637243
mcsched,depth_first,10,1,0,plain,-0.08559289091928102,1.2424108006587609
mcsched,depth_first,10,1,2,plain,-0.0790294685196433,0.09871975763638852
mcsched,depth_first,10,1,5,plain,-0.05802813155010159,0.07021277599769717
mcsched,depth_first,10,1,7,plain,-0.03589183798219899,0.06057674611751049
mcsched,depth_first,10,1,12,plain,-0.0005199548172377978,0.05124272696814259
mcsched,depth_first,10,1,15,plain,0.01910008142754493,0.04177185920637243
mcsched,depth_first,10,2,0,plain,-0.08559289091928102,1.2424108006587609
mcsched,depth_first,10,2,2,plain,-0.0790294685196433,0.09871975763638852
mcsched,depth_first,10,2,5,plain,-0.05802813155010159,0.07021277599769717
mcsched,depth_first,10,2,7,plain,-0.03589183798219899,0.06057674611751049
mcsched,depth_first,10,2,12,plain,-0.0005199548172377978,0.05124272696814259
mcsched,depth_first,10,2,15,plain,0.01910008142754493,0.04177185920637243
mcsched,depth_first,300,0,0,plain,-0.08559289091928102,1.2424108006587609
mcsched,depth_first,300,0,2,plain,-0.0790294685196433,0.09871975763638852
mcsched,depth_first,300,0,5,plain,-0.05802813155010159,0.07021277599769717
mcsched,depth_first,300,0,7,plain,-0.03589183798219899,0.06057674611751049
mcsched,depth_first,300,0,12,plain,-0.0005199548172377978,0.05124272696814259
mcsched,depth_first,300,0,15,plain,0.01910008142754493,0.04177185920637243
mcsched,depth_first,300,1,0,plain,-0.08559289091928102,1.2424108006587609
mcsched,depth_first,300,1,2,plain,-0.0790294685196433,0.09871975763638852
mcsched,depth_first,300,1,5,plain,-0.05802813155010159,0.07021277599769717
mcsched,depth_first,300,1,7,plain,-0.03589183798219899,0.06057674611751049
mcsched,depth_first,300,1,12,plain,-0.0005199548172377978,0.05124272696814259
mcsched,depth_first,300,1,15,plain,0.01910008142754493,0.04177185920637243
mcsched,depth_first,300,2,0,plain,-0.08559289091928102,1.2424108006587609
mcsched,depth_first,300,2,2,plain,-0.0790294685196433,0.09871975763638852
mcsched,depth_first,300,2,5,plain,-0.05802813155010159,0.07021277599769717
mcsched,depth_first,300,2,7,plain,-0.03589183798219899,0.06057674611751049
mcsched,depth_first,300,2,12,plain,-0.0005199548172377978,0.05124272696814259
mcsched,depth_first,300,2,15,plain,0.01910008142754493,0.04177185920637243
mcsched,depth_first,60,0,0,plain,-0.08559289091928102,1.2424108006587609
mcsched,depth_first,60,0,2,plain,-0.0790294685196433,0.09871975763638852
mcsched,depth_first,60,0,5,plain,-0.05802813155010159,0.07021277599769717
mcsched,depth_first,60,0,7,plain,-0.03589183798219899,0.06057674611751049
mcsched,depth_first,60,0,12,plain,-0.0005199548172377978,0.05124272696814259
mcsched,depth_first,60,0,15,plain,0.01910008142754493,0.04177185920637243
mcsched,depth_first,60,1,0,plain,-0.08559289091928102,1.2424108006587609
mcsched,depth_first,60,1,2,plain,-0.0790294685196433,0.09871975763638852
mcsched,depth_first,60,1,5,plain,-0.05802813155010159,0.07021277599769717
mcsched,depth_first,60,1,7,plain,-0.03589183798219899,0.06057674611751049
mcsched,depth_first,60,1,12,plain,-0.0005199548172377978,0.05124272696814259
mcsched,depth_first,60,1,15,plain,0.01910008142754493,0.04177185920637243
mcsched,depth_first,60,2,0,plain,-0.08559289091928102,1.2424108006587609
mcsched,depth_first,60,2,2,plain,-0.0790294685196433,0.09871975763638852
mcsched,depth_first,60,2,5,plain,-0.05802813155010159,0.07021277599769717
mcsched,depth_first,60,2,7,plain,-0.03589183798219899,0.06057674611751049
mcsched,depth_first,60,2,12,plain,-0.0005199548172377978,0.05124272696814259
mcsched,depth_first,60,2,15,plain,0.01910008142754493,0.04177185920637243
mcsched,depth_first,900,0,0,plain,-0.08559289091928102,1.2424108006587609
mcsched,depth_first,900,0,2,plain,-0.0790294685196433,0.09871975763638852
mcsched,depth_first,900,0,5,plain,-0.05802813155010159,0.07021277599769717
mcsched,depth_first,900,0,7,plain,-0.03589183798219899,0.06057674611751049
mcsched,depth_first,900,0,12,plain,-0.0005199548172377978,0.05124272696814259
mcsched,depth_first,900,0,15,plain,0.01910008142754493,0.04177185920637243
mcsched,depth_first,900,1,0,plain,-0.08559289091928102,1.2424108006587609
mcsched,depth_first,900,1,2,plain,-0.0790294685196433,0.09871975763638852
mcsched,depth_first,900,1,5,plain,-0.05802813155010159,0.07021277599769717
mcsched,depth_first,900,1,7,plain,-0.03589183798219899,0.06057674611751049
mcsched,depth_first,900,1,12,plain,-0.0005199548172377978,0.05124272696814259
mcsched,depth_first,900,1,15,plain,0.01910008142754493,0.04177185920637243
mcsched,depth_first,900,2,0,plain,-0.08559289091928102,1.2424108006587609
mcsched,depth_first,900,2,2,plain,-0.0790294685196433,0.09871975763638852
mcsched,depth_first,900,2,5,plain,-0.05802813155010159,0.07021277599769717
mcsched,depth_first,900,2,7,plain,-0.03589183798219899,0.06057674611751049
mcsched,depth_first,900,2,12,plain,-0.0005199548172377978,0.05124272696814259
mcsched,depth_first,900,2,15,plain,0.01910008142754493,0.04177185920637243
mcsched,greedy_score,10,0,0,plain,-0.08559289091928102,1.2424108006587609
mcsched,greedy_score,10,0,2,plain,-0.0790294685196433,0.09871975763638852
mcsched,greedy_score,10,0,5,plain,-0.05802813155010159,0.07021277599769717
mcsched,greedy_score,10,0,7,plain,-0.03589183798219899,0.06057674611751049
mcsched,greedy_score,10,0,12,plain,-0.0005199548172377978,0.05124272696814259
mcsched,greedy_score,10,0,15,plain,0.01910008142754493,0.04177185920637243
mcsched,greedy_score,10,1,0,plain,-0.08559289091928102,1.2424108006587609
mcsched,greedy_score,10,1,2,plain,-0.0790294685196433,0.09871975763638852
mcsched,greedy_score,10,1,5,plain,-0.05802813155010159,0.07021277599769717
mcsched,greedy_score,10,1,7,plain,-0.03589183798219899,0.06057674611751049
mcsched,greedy_score,10,1,12,plain,-0.0005199548172377978,0.05124272696814259
mcsched,greedy_score,10,1,15,plain,0.01910008142754493,0.04177185920637243
mcsched,greedy_score,10,2,0,plain,-0.08559289091928102,1.2424108006587609
mcsched,greedy_score,10,2,2,plain,-0.0790294685196433,0.09871975763638852
mcsched,greedy_score,10,2,5,plain,-0.05802813155010159,0.07021277599769717
mcsched,greedy_score,10,2,7,plain,-0.03589183798219899,0.06057674611751049
mcsched,greedy_score,10,2,12,plain,-0.0005199548172377978,0.05124272696814259
mcsched,greedy_score,10,2,15,plain,0.01910008142754493,0.04177185920637243
mcsched,greedy_score,300,0,0,plain,-0.08559289091928102,1.2424108006587609
mcsched,greedy_score,300,0,2,plain,-0.0790294685196433,0.09871975763638852
mcsched,greedy_score,300,0,5,plain,-0.05802813155010159,0.07021277599769717
mcsched,greedy_score,300,0,7,plain,-0.03589183798219899,0.06057674611751049
mcsched,greedy_score,300,0,12,plain,-0.0005199548172377978,0.05124272696814259
mcsched,greedy_score,300,0,15,plain,0.01910008142754493,0.04177185920637243
mcsched,greedy_score,300,1,0,plain,-0.08559289091928102,1.2424108006587609
mcsched,greedy_score,300,1,2,plain,-0.0790294685196433,0.09871975763638852
mcsched,greedy_score,300,1,5,plain,-0.05802813155010159,0.07021277599769717
mcsched,greedy_score,300,1,7,plain,-0.03589183798219899,0.06057674611751049
mcsched,greedy_score,300,1,12,plain,-0.0005199548172377978,0.05124272696814259
mcsched,greedy_score,300,1,15,plain,0.01910008142754493,0.04177185920637243
mcsched,greedy_score,300,2,0,plain,-0.08559289091928102,1.2424108006587609
mcsched,greedy_score,300,2,2,plain,-0.0790294685196433,0.09871975763638852
mcsched,greedy_score,300,2,5,plain,-0.05802813155010159,0.07021277599769717
mcsched,greedy_score,300,2,7,plain,-0.03589183798219899,0.06057674611751049
mcsched,greedy_score,300,2,12,plain,-0.0005199548172377978,0.05124272696814259
mcsched,greedy_score,300,2,15,plain,0.01910008142754493,0.04177185920637243
mcsched,greedy_score,60,0,0,plain,-0.08559289091928102,1.2424108006587609
mcsched,greedy_score,60,0,2,plain,-0.0790294685196433,0.09871975763638852
mcsched,greedy_score,60,0,5,plain,-0.05802813155010159,0.07021277599769717
mcsched,greedy_score,60,0,7,plain,-0.03589183798219899,0.06057674611751049
mcsched,greedy_score,60,0,12,plain,-0.0005199548172377978,0.05124272696814259
mcsched,greedy_score,60,0,15,plain,0.01910008142754493,0.04177185920637243
mcsched,greedy_score,60,1,0,plain,-0.08559289091928102,1.2424108006587609
mcsched,greedy_score,60,1,2,plain,-0.0790294685196433,0.09871975763638852
mcsched,greedy_score,60,1,5,plain,-0.05802813155010159,0.07021277599769717
mcsched,greedy_score,60,1,7,plain,-0.03589183798219899,0.06057674611751049
mcsched,greedy_score,60,1,12,plain,-0.0005199548172377978,0.05124272696814259
mcsched,greedy_score,60,1,15,plain,0.01910008142754493,0.04177185920637243
mcsched,greedy_score,60,2,0,plain,-0.08559289091928102,1.2424108006587609
mcsched,greedy_score,60,2,2,plain,-0.0790294685196433,0.09871975763638852
mcsched,greedy_score,60,2,5,plain,-0.05802813155010159,0.07021277599769717
mcsched,greedy_score,60,2,7,plain,-0.03589183798219899,0.06057674611751049
mcsched,greedy_score,60,2,12,plain,-0.0005199548172377978,0.05124272696814259
mcsched,greedy_score,60,2,15,plain,0.01910008142754493,0.04177185920637243
mcsched,greedy_score,900,0,0,plain,-0.08559289091928102,1.2424108006587609
mcsched,greedy_score,900,0,2,plain,-0.0790294685196433,0.09871975763638852
mcsched,greedy_score,900,0,5,plain,-0.05802813155010159,0.07021277599769717
mcsched,greedy_score,900,0,7,plain,-0.03589183798219899,0.06057674611751049
mcsched,greedy_score,900,0,12,plain,-0.0005199548172377978,0.05124272696814259
mcsched,greedy_score,900,0,15,plain,0.01910008142754493,0.04177185920637243
mcsched,greedy_score,900,1,0,plain,-0.08559289091928102,1.2424108006587609
mcsched,greedy_score,900,1,2,plain,-0.0790294685196433,0.09871975763638852
mcsched,greedy_score,900,1,5,plain,-0.05802813155010159,0.07021277599769717
mcsched,greedy_score,900,1,7,plain,-0.03589183798219899,0.06057674611751049
mcsched,greedy_score,900,1,12,plain,-0.0005199548172377978,0.05124272696814259
mcsched,greedy_score,900,1,15,plain,0.01910008142754493,0.04177185920637243
mcsched,greedy_score,900,2,0,plain,-0.08559289091928102,1.2424108006587609
mcsched,greedy_score,900,2,2,plain,-0.0790294685196433,0.09871975763638852
mcsched,greedy_score,900,2,5,plain,-0.05802813155010159,0.07021277599769717
mcsched,greedy_score,900,2,7,plain,-0.03589183798219899,0.06057674611751049
mcsched,greedy_score,900,2,12,plain,-0.0005199548172377978,0.05124272696814259
mcsched,greedy_score,900,2,15,plain,0.01910008142754493,0.04177185920637243
mcsched,hybrid_best_bound_depth,10,0,0,plain,-0.08559289091928102,1.2424108006587609
mcsched,hybrid_best_bound_depth,10,0,2,plain,-0.0790294685196433,0.09871975763638852
mcsched,hybrid_best_bound_depth,10,0,5,plain,-0.05802813155010159,0.07021277599769717
mcsched,hybrid_best_bound_depth,10,0,7,plain,-0.03589183798219899,0.06057674611751049
mcsched,hybrid_best_bound_depth,10,0,12,plain,-0.0005199548172377978,0.05124272696814259
mcsched,hybrid_best_bound_depth,10,0,15,plain,0.01910008142754493,0.04177185920637243
mcsched,hybrid_best_bound_depth,10,1,0,plain,-0.08559289091928102,1.2424108006587609
mcsched,hybrid_best_bound_depth,10,1,2,plain,-0.0790294685196433,0.09871975763638852
mcsched,hybrid_best_bound_depth,10,1,5,plain,-0.05802813155010159,0.07021277599769717
mcsched,hybrid_best_bound_depth,10,1,7,plain,-0.03589183798219899,0.06057674611751049
mcsched,hybrid_best_bound_depth,10,1,12,plain,-0.0005199548172377978,0.05124272696814259
mcsched,hybrid_best_bound_depth,10,1,15,plain,0.01910008142754493,0.04177185920637243
mcsched,hybrid_best_bound_depth,10,2,0,plain,-0.08559289091928102,1.2424108006587609
mcsched,hybrid_best_bound_depth,10,2,2,plain,-0.0790294685196433,0.09871975763638852
mcsched,hybrid_best_bound_depth,10,2,5,plain,-0.05802813155010159,0.07021277599769717
mcsched,hybrid_best_bound_depth,10,2,7,plain,-0.03589183798219899,0.06057674611751049
mcsched,hybrid_best_bound_depth,10,2,12,plain,-0.0005199548172377978,0.05124272696814259
mcsched,hybrid_best_bound_depth,10,2,15,plain,0.01910008142754493,0.04177185920637243
mcsched,hybrid_best_bound_depth,300,0,0,plain,-0.08559289091928102,1.2424108006587609
mcsched,hybrid_best_bound_depth,300,0,2,plain,-0.0790294685196433,0.09871975763638852
mcsched,hybrid_best_bound_depth,300,0,5,plain,-0.05802813155010159,0.07021277599769717
mcsched,hybrid_best_bound_depth,300,0,7,plain,-0.03589183798219899,0.06057674611751049
mcsched,hybrid_best_bound_depth,300,0,12,plain,-0.0005199548172377978,0.05124272696814259
mcsched,hybrid_best_bound_depth,300,0,15,plain,0.01910008142754493,0.04177185920637243
mcsched,hybrid_best_bound_depth,300,1,0,plain,-0.08559289091928102,1.2424108006587609
mcsched,hybrid_best_bound_depth,300,1,2,plain,-0.0790294685196433,0.09871975763638852
mcsched,hybrid_best_bound_depth,300,1,5,plain,-0.05802813155010159,0.07021277599769717
mcsched,hybrid_best_bound_depth,300,1,7,plain,-0.03589183798219899,0.06057674611751049
mcsched,hybrid_best_bound_depth,300,1,12,plain,-0.0005199548172377978,0.05124272696814259
mcsched,hybrid_best_bound_depth,300,1,15,plain,0.01910008142754493,0.04177185920637243
mcsched,hybrid_best_bound_depth,300,2,0,plain,-0.08559289091928102,1.2424108006587609
mcsched,hybrid_best_bound_depth,300,2,2,plain,-0.0790294685196433,0.09871975763638852
mcsched,hybrid_best_bound_depth,300,2,5,plain,-0.05802813155010159,0.07021277599769717
mcsched,hybrid_best_bound_depth,300,2,7,plain,-0.03589183798219899,0.06057674611751049
mcsched,hybrid_best_bound_depth,300,2,12,plain,-0.0005199548172377978,0.05124272696814259
mcsched,hybrid_best_bound_depth,300,2,15,plain,0.01910008142754493,0.04177185920637243
mcsched,hybrid_best_bound_depth,60,0,0,plain,-0.08559289091928102,1.2424108006587609
mcsched,hybrid_best_bound_depth,60,0,2,plain,-0.0790294685196433,0.09871975763638852
mcsched,hybrid_best_bound_depth,60,0,5,plain,-0.05802813155010159,0.07021277599769717
mcsched,hybrid_best_bound_depth,60,0,7,plain,-0.03589183798219899,0.06057674611751049
mcsched,hybrid_best_bound_depth,60,0,12,plain,-0.0005199548172377978,0.05124272696814259
mcsched,hybrid_best_bound_depth,60,0,15,plain,0.01910008142754493,0.04177185920637243
mcsched,hybrid_best_bound_depth,60,1,0,plain,-0.08559289091928102,1.2424108006587609
mcsched,hybrid_best_bound_depth,60,1,2,plain,-0.0790294685196433,0.09871975763638852
mcsched,hybrid_best_bound_depth,60,1,5,plain,-0.05802813155010159,0.07021277599769717
mcsched,hybrid_best_bound_depth,60,1,7,plain,-0.03589183798219899,0.06057674611751049
mcsched,hybrid_best_bound_depth,60,1,12,plain,-0.0005199548172377978,0.05124272696814259
mcsched,hybrid_best_bound_depth,60,1,15,plain,0.01910008142754493,0.04177185920637243
mcsched,hybrid_best_bound_depth,60,2,0,plain,-0.08559289091928102,1.2424108006587609
mcsched,hybrid_best_bound_depth,60,2,2,plain,-0.0790294685196433,0.09871975763638852
mcsched,hybrid_best_bound_depth,60,2,5,plain,-0.05802813155010159,0.07021277599769717
mcsched,hybrid_best_bound_depth,60,2,7,plain,-0.03589183798219899,0.06057674611751049
mcsched,hybrid_best_bound_depth,60,2,12,plain,-0.0005199548172377978,0.05124272696814259
mcsched,hybrid_best_bound_depth,60,2,15,plain,0.01910008142754493,0.04177185920637243
mcsched,hybrid_best_bound_depth,900,0,0,plain,-0.08559289091928102,1.2424108006587609
mcsched,hybrid_best_bound_depth,900,0,2,plain,-0.0790294685196433,0.09871975763638852
mcsched,hybrid_best_bound_depth,900,0,5,plain,-0.05802813155010159,0.07021277599769717
mcsched,hybrid_best_bound_depth,900,0,7,plain,-0.03589183798219899,0.06057674611751049
mcsched,hybrid_best_bound_depth,900,0,12,plain,-0.0005199548172377978,0.05124272696814259
mcsched,hybrid_best_bound_depth,900,0,15,plain,0.01910008142754493,0.04177185920637243
mcsched,hybrid_best_bound_depth,900,1,0,plain,-0.08559289091928102,1.2424108006587609
mcsched,hybrid_best_bound_depth,900,1,2,plain,-0.0790294685196433,0.09871975763638852
mcsched,hybrid_best_bound_depth,900,1,5,plain,-0.05802813155010159,0.07021277599769717
mcsched,hybrid_best_bound_depth,900,1,7,plain,-0.03589183798219899,0.06057674611751049
mcsched,hybrid_best_bound_depth,900,1,12,plain,-0.0005199548172377978,0.05124272696814259
mcsched,hybrid_best_bound_depth,900,1,15,plain,0.01910008142754493,0.04177185920637243
mcsched,hybrid_best_bound_depth,900,2,0,plain,-0.08559289091928102,1.2424108006587609
mcsched,hybrid_best_bound_depth,900,2,2,plain,-0.0790294685196433,0.09871975763638852
mcsched,hybrid_best_bound_depth,900,2,5,plain,-0.05802813155010159,0.07021277599769717
mcsched,hybrid_best_bound_depth,900,2,7,plain,-0.03589183798219899,0.06057674611751049
mcsched,hybrid_best_bound_depth,900,2,12,plain,-0.0005199548172377978,0.05124272696814259
mcsched,hybrid_best_bound_depth,900,2,15,plain,0.01910008142754493,0.04177185920637243
mcsched,learned_portfolio,10,0,0,plain,-0.08559289091928102,1.2424108006587609
mcsched,learned_portfolio,10,0,2,plain,-0.0790294685196433,0.09871975763638852
mcsched,learned_portfolio,10,0,6,plain,-0.06634010083024809,0.08930551688664688
mcsched,learned_portfolio,10,0,8,plain,-0.030330895750196863,0.08874868460169975
mcsched,learned_portfolio,10,0,10,plain,-0.013736769334586656,0.08403448585032537
mcsched,learned_portfolio,10,0,7,plain,-0.04011626058751767,0.07531864491560215
mcsched,learned_portfolio,10,0,10,plain,-0.0094574019931356,0.07016558682100674
mcsched,learned_portfolio,10,0,10,plain,-0.023179135335649467,0.060822129836300746
mcsched,learned_portfolio,10,0,10,plain,-0.013555172364977235,0.0467125660058609
mcsched,learned_portfolio,10,0,12,plain,-0.008199993767195856,0.04173882678268912
mcsched,learned_portfolio,10,1,0,plain,-0.08559289091928102,1.2424108006587609
mcsched,learned_portfolio,10,1,2,plain,-0.08069832341349444,0.1594805415429917
mcsched,learned_portfolio,10,1,4,plain,-0.08051285502905912,0.12207368118048445
mcsched,learned_portfolio,10,1,3,plain,-0.07129618858502476,0.10814343622146824
mcsched,learned_portfolio,10,1,10,plain,-0.04610618508538854,0.07976386535984106
mcsched,learned_portfolio,10,1,11,plain,-0.007189664311930229,0.07488922340771921
mcsched,learned_portfolio,10,1,12,plain,0.0019017238206245016,0.023259545190715058
mcsched,learned_portfolio,10,2,0,plain,-0.08559289091928102,1.2424108006587609
mcsched,learned_portfolio,10,2,2,plain,-0.08069832341349444,0.1594805415429917
mcsched,learned_portfolio,10,2,4,plain,-0.0786910980764125,0.13188902993209478
mcsched,learned_portfolio,10,2,5,plain,-0.0654936641959638,0.08990481943061539
mcsched,learned_portfolio,10,2,11,plain,-0.0254198656996013,0.04706176591337011
mcsched,learned_portfolio,10,2,13,plain,-0.016443068617781824,0.009315143478691727
mcsched,learned_portfolio,300,0,0,plain,-0.08559289091928102,1.2424108006587609
mcsched,learned_portfolio,300,0,2,plain,-0.0790294685196433,0.09871975763638852
mcsched,learned_portfolio,300,0,5,plain,-0.05802813155010159,0.07021277599769717
mcsched,learned_portfolio,300,0,7,plain,-0.03589183798219899,0.06057674611751049
mcsched,learned_portfolio,300,0,12,plain,-0.0005199548172377978,0.05124272696814259
mcsched,learned_portfolio,300,0,15,plain,0.01910008142754493,0.04654268496977533
mcsched,learned_portfolio,300,0,17,plain,0.02778026831765866,0.04648133904007777
mcsched,learned_portfolio,300,0,17,plain,0.0250508463378826,0.04210690236087451
mcsched,learned_portfolio,300,0,19,plain,0.03344532897934516,0.04177185920637243
mcsched,learned_portfolio,300,1,0,plain,-0.08559289091928102,1.2424108006587609
mcsched,learned_portfolio,300,1,3,plain,-0.07402987060779169,0.1832638865949706
mcsched,learned_portfolio,300,1,4,plain,-0.06487695549716571,0.12199345958011071
mcsched,learned_portfolio,300,1,5,plain,-0.05802813155010159,0.07021277599769717
mcsched,learned_portfolio,300,1,7,plain,-0.03589183798219899,0.06057674611751049
mcsched,learned_portfolio,300,1,12,plain,-0.0005199548172377978,0.05124272696814259
mcsched,learned_portfolio,300,1,15,plain,0.01910008142754493,0.04654268496977533
mcsched,learned_portfolio,300,1,17,plain,0.02778026831765866,0.04648133904007777
mcsched,learned_portfolio,300,1,17,plain,0.0250508463378826,0.04210690236087451
mcsched,learned_portfolio,300,1,19,plain,0.03344532897934516,0.04177185920637243
mcsched,learned_portfolio,300,2,0,plain,-0.08559289091928102,1.2424108006587609
mcsched,learned_portfolio,300,2,2,plain,-0.0790294685196433,0.09871975763638852
mcsched,learned_portfolio,300,2,5,plain,-0.05802813155010159,0.07021277599769717
mcsched,learned_portfolio,300,2,7,plain,-0.03589183798219899,0.06057674611751049
mcsched,learned_portfolio,300,2,12,plain,-0.0005199548172377978,0.05124272696814259
mcsched,learned_portfolio,300,2,15,plain,0.01910008142754493,0.04654268496977533
mcsched,learned_portfolio,300,2,17,plain,0.02778026831765866,0.04648133904007777
mcsched,learned_portfolio,300,2,17,plain,0.0250508463378826,0.04210690236087451
mcsched,learned_portfolio,300,2,19,plain,0.03344532897934516,0.04177185920637243
mcsched,learned_portfolio,60,0,0,plain,-0.08559289091928102,1.2424108006587609
mcsched,learned_portfolio,60,0,2,plain,-0.0790294685196433,0.09871975763638852
mcsched,learned_portfolio,60,0,6,plain,-0.06634010083024809,0.08930551688664688
mcsched,learned_portfolio,60,0,8,plain,-0.030330895750196863,0.08874868460169975
mcsched,learned_portfolio,60,0,10,plain,-0.013736769334586656,0.08403448585032537
mcsched,learned_portfolio,60,0,7,plain,-0.04011626058751767,0.07531864491560215
mcsched,learned_portfolio,60,0,10,plain,-0.0094574019931356,0.07016558682100674
mcsched,learned_portfolio,60,0,10,plain,-0.013555172364977235,0.0467125660058609
mcsched,learned_portfolio,60,0,12,plain,-0.008199993767195856,0.04173882678268912
mcsched,learned_portfolio,60,0,14,plain,0.009929389261945363,0.03692081184259578
mcsched,learned_portfolio,60,1,0,plain,-0.08559289091928102,1.2424108006587609
mcsched,learned_portfolio,60,1,2,plain,-0.08069832341349444,0.1594805415429917
mcsched,learned_portfolio,60,1,3,plain,-0.06102480436354153,0.13597561263348637
mcsched,learned_portfolio,60,1,7,plain,-0.06589562637206073,0.09883773057811461
mcsched,learned_portfolio,60,1,10,plain,-0.012105203550513654,0.07981577345420054
mcsched,learned_portfolio,60,1,14,plain,-0.027674429735653483,0.06579586905947252
mcsched,learned_portfolio,60,1,17,plain,0.009367523464815116,0.03319758580172052
mcsched,learned_portfolio,60,1,14,plain,0.018496977533232976,0.028049246624794136
mcsched,learned_portfolio,60,1,13,plain,0.008335181576080496,0.023353923544095927
mcsched,learned_portfolio,60,1,14,plain,0.016207909220603937,0.023297296532067406
mcsched,learned_portfolio,60,1,13,plain,-0.003593455804976708,0.018502876180319282
mcsched,learned_portfolio,60,2,0,plain,-0.08559289091928102,1.2424108006587609
mcsched,learned_portfolio,60,2,2,plain,-0.08069832341349444,0.1594805415429917
mcsched,learned_portfolio,60,2,4,plain,-0.0786910980764125,0.13188902993209478
mcsched,learned_portfolio,60,2,5,plain,-0.0654936641959638,0.08990481943061539
mcsched,learned_portfolio,60,2,11,plain,-0.0254198656996013,0.04706176591337011
mcsched,learned_portfolio,60,2,13,plain,-0.016443068617781824,0.009315143478691727
mcsched,learned_portfolio,900,0,0,plain,-0.08559289091928102,1.2424108006587609
mcsched,learned_portfolio,900,0,2,plain,-0.0790294685196433,0.09871975763638852
mcsched,learned_portfolio,900,0,5,plain,-0.05802813155010159,0.07021277599769717
mcsched,learned_portfolio,900,0,7,plain,-0.03589183798219899,0.06057674611751049
mcsched,learned_portfolio,900,0,12,plain,-0.0005199548172377978,0.05124272696814259
mcsched,learned_portfolio,900,0,15,plain,0.01910008142754493,0.04654268496977533
mcsched,learned_portfolio,900,0,17,plain,0.02778026831765866,0.04648133904007777
mcsched,learned_portfolio,900,0,17,plain,0.0250508463378826,0.04210690236087451
mcsched,learned_portfolio,900,0,19,plain,0.03344532897934516,0.04177185920637243
mcsched,learned_portfolio,900,1,0,plain,-0.08559289091928102,1.2424108006587609
mcsched,learned_portfolio,900,1,2,plain,-0.0790294685196433,0.09871975763638852
mcsched,learned_portfolio,900,1,5,plain,-0.05802813155010159,0.07021277599769717
mcsched,learned_portfolio,900,1,7,plain,-0.03589183798219899,0.06057674611751049
mcsched,learned_portfolio,900,1,12,plain,-0.0005199548172377978,0.05124272696814259
mcsched,learned_portfolio,900,1,15,plain,0.01910008142754493,0.04654268496977533
mcsched,learned_portfolio,900,1,17,plain,0.02778026831765866,0.04648133904007777
mcsched,learned_portfolio,900,1,17,plain,0.0250508463378826,0.04210690236087451
mcsched,learned_portfolio,900,1,19,plain,0.03344532897934516,0.04177185920637243
mcsched,learned_portfolio,900,2,0,plain,-0.08559289091928102,1.2424108006587609
mcsched,learned_portfolio,900,2,3,plain,-0.07402987060779169,0.1832638865949706
mcsched,learned_portfolio,900,2,4,plain,-0.06487695549716571,0.12199345958011071
mcsched,learned_portfolio,900,2,5,plain,-0.05802813155010159,0.07021277599769717
mcsched,learned_portfolio,900,2,7,plain,-0.03589183798219899,0.06057674611751049
mcsched,learned_portfolio,900,2,12,plain,-0.0005199548172377978,0.05124272696814259
mcsched,learned_portfolio,900,2,15,plain,0.01910008142754493,0.04177185920637243
mcsched,random_uniform,10,0,0,plain,-0.08559289091928102,1.2424108006587609
mcsched,random_uniform,10,0,3,plain,-0.08056406440686407,0.1594805415429917
mcsched,random_uniform,10,0,4,plain,-0.08051285502905912,0.12207368118048445
mcsched,random_uniform,10,0,5,plain,-0.08048720075928335,0.1077470471372686
mcsched,random_uniform,10,0,8,plain,-0.06939705750815024,0.09869144413037426
mcsched,random_uniform,10,0,8,plain,-0.07059426329256327,0.08552094491607405
mcsched,random_uniform,10,1,0,plain,-0.08559289091928102,1.2424108006587609
mcsched,random_uniform,10,1,2,plain,-0.07432216680115518,0.2586391585226013
mcsched,random_uniform,10,1,4,plain,-0.0827369045377254,0.12650474487171623
mcsched,random_uniform,10,1,3,plain,-0.07129618858502476,0.10814343622146824
mcsched,random_uniform,10,1,4,plain,-0.08398763531358602,0.10780839306696616
mcsched,random_uniform,10,1,6,plain,-0.0678619568926884,0.10345755097610812
mcsched,random_uniform,10,2,0,plain,-0.08559289091928102,1.2424108006587609
mcsched,random_uniform,10,2,2,plain,-0.08069832341349444,0.1594805415429917
mcsched,random_uniform,10,2,4,plain,-0.044888142674112855,0.1360747099045363
mcsched,random_uniform,10,2,3,plain,-0.07396551132474234,0.07936275735797238
mcsched,random_uniform,10,2,12,plain,0.006860293329404339,0.061176048661479
mcsched,random_uniform,300,0,0,plain,-0.08559289091928102,1.2424108006587609
mcsched,random_uniform,300,0,3,plain,-0.08056406440686407,0.1594805415429917
mcsched,random_uniform,300,0,4,plain,-0.08051285502905912,0.12207368118048445
mcsched,random_uniform,300,0,5,plain,-0.08048720075928335,0.1077470471372686
mcsched,random_uniform,300,0,8,plain,-0.06939705750815024,0.09869144413037426
mcsched,random_uniform,300,0,8,plain,-0.07059426329256327,0.08552094491607405
mcsched,random_uniform,300,0,7,plain,-0.075692615591617,0.08465266406497006
mcsched,random_uniform,300,0,11,plain,-0.05890341809796463,0.056008833813876446
mcsched,random_uniform,300,1,0,plain,-0.08559289091928102,1.2424108006587609
mcsched,random_uniform,300,1,2,plain,-0.07432216680115518,0.2586391585226013
mcsched,random_uniform,300,1,4,plain,-0.0827369045377254,0.12650474487171623
mcsched,random_uniform,300,1,3,plain,-0.07129618858502476,0.10814343622146824
mcsched,random_uniform,300,1,4,plain,-0.08398763531358602,0.10780839306696616
mcsched,random_uniform,300,1,6,plain,-0.0678619568926884,0.10345755097610812
mcsched,random_uniform,300,1,8,plain,-0.0552185666245221,0.10301397271521803
mcsched,random_uniform,300,1,10,plain,-0.05287553880751387,0.09850740634128156
mcsched,random_uniform,300,1,7,plain,-0.06656573426096771,0.08939045740468966
mcsched,random_uniform,300,1,8,plain,-0.06340965852672284,0.08522837202059336
mcsched,random_uniform,300,1,8,plain,-0.06653455569779716,0.08004700041998367
mcsched,random_uniform,300,1,9,plain,-0.06287078733971257,0.0657298042121059
mcsched,random_uniform,300,2,0,plain,-0.08559289091928102,1.2424108006587609
mcsched,random_uniform,300,2,2,plain,-0.08069832341349444,0.1594805415429917
mcsched,random_uniform,300,2,4,plain,-0.044888142674112855,0.1360747099045363
mcsched,random_uniform,300,2,3,plain,-0.07396551132474234,0.07936275735797238
mcsched,random_uniform,300,2,12,plain,0.006860293329404339,0.061176048661479
mcsched,random_uniform,300,2,10,plain,0.002081042692045817,0.06085988117765309
mcsched,random_uniform,300,2,15,plain,0.015596022896188805,0.04704760916036298
mcsched,random_uniform,300,2,15,plain,0.02017756762864364,0.04213521586688877
mcsched,random_uniform,300,2,15,plain,0.01660721953955084,0.0373360765974716
mcsched,random_uniform,60,0,0,plain,-0.08559289091928102,1.2424108006587609
mcsched,random_uniform,60,0,3,plain,-0.08056406440686407,0.1594805415429917
mcsched,random_uniform,60,0,4,plain,-0.08051285502905912,0.12207368118048445
mcsched,random_uniform,60,0,5,plain,-0.08048720075928335,0.1077470471372686
mcsched,random_uniform,60,0,8,plain,-0.06939705750815024,0.09869144413037426
mcsched,random_uniform,60,0,8,plain,-0.07059426329256327,0.08552094491607405
mcsched,random_uniform,60,0,7,plain,-0.075692615591617,0.08465266406497006
mcsched,random_uniform,60,0,11,plain,-0.05890341809796463,0.056008833813876446
mcsched,random_uniform,60,1,0,plain,-0.08559289091928102,1.2424108006587609
mcsched,random_uniform,60,1,2,plain,-0.07432216680115518,0.2586391585226013
mcsched,random_uniform,60,1,4,plain,-0.0827369045377254,0.12650474487171623
mcsched,random_uniform,60,1,3,plain,-0.07129618858502476,0.10814343622146824
mcsched,random_uniform,60,1,4,plain,-0.08398763531358602,0.10780839306696616
mcsched,random_uniform,60,1,6,plain,-0.0678619568926884,0.10345755097610812
mcsched,random_uniform,60,1,8,plain,-0.0552185666245221,0.10301397271521803
mcsched,random_uniform,60,1,10,plain,-0.05287553880751387,0.09850740634128156
mcsched,random_uniform,60,1,7,plain,-0.06656573426096771,0.08939045740468966
mcsched,random_uniform,60,1,8,plain,-0.06340965852672284,0.08522837202059336
mcsched,random_uniform,60,1,8,plain,-0.06653455569779716,0.08004700041998367
mcsched,random_uniform,60,1,9,plain,-0.06287078733971257,0.0657298042121059
mcsched,random_uniform,60,2,0,plain,-0.08559289091928102,1.2424108006587609
mcsched,random_uniform,60,2,2,plain,-0.08069832341349444,0.1594805415429917
mcsched,random_uniform,60,2,4,plain,-0.044888142674112855,0.1360747099045363
mcsched,random_uniform,60,2,3,plain,-0.07396551132474234,0.07936275735797238
mcsched,random_uniform,60,2,12,plain,0.006860293329404339,0.061176048661479
mcsched,random_uniform,60,2,10,plain,0.002081042692045817,0.06085988117765309
mcsched,random_uniform,60,2,15,plain,0.015596022896188805,0.04704760916036298
mcsched,random_uniform,60,2,15,plain,0.02017756762864364,0.04213521586688877
mcsched,random_uniform,60,2,15,plain,0.01660721953955084,0.0373360765974716
mcsched,random_uniform,900,0,0,plain,-0.08559289091928102,1.2424108006587609
mcsched,random_uniform,900,0,3,plain,-0.08056406440686407,0.1594805415429917
mcsched,random_uniform,900,0,4,plain,-0.08051285502905912,0.12207368118048445
mcsched,random_uniform,900,0,5,plain,-0.08048720075928335,0.1077470471372686
mcsched,random_uniform,900,0,8,plain,-0.06939705750815024,0.09869144413037426
mcsched,random_uniform,900,0,8,plain,-0.07059426329256327,0.08552094491607405
mcsched,random_uniform,900,0,7,plain,-0.075692615591617,0.08465266406497006
mcsched,random_uniform,900,0,11,plain,-0.05890341809796463,0.056008833813876446
mcsched,random_uniform,900,1,0,plain,-0.08559289091928102,1.2424108006587609
mcsched,random_uniform,900,1,2,plain,-0.07432216680115518,0.2586391585226013
mcsched,random_uniform,900,1,4,plain,-0.0827369045377254,0.12650474487171623
mcsched,random_uniform,900,1,3,plain,-0.07129618858502476,0.10814343622146824
mcsched,random_uniform,900,1,4,plain,-0.08398763531358602,0.10780839306696616
mcsched,random_uniform,900,1,6,plain,-0.0678619568926884,0.10345755097610812
mcsched,random_uniform,900,1,8,plain,-0.0552185666245221,0.10301397271521803
mcsched,random_uniform,900,1,10,plain,-0.05287553880751387,0.09850740634128156
mcsched,random_uniform,900,1,7,plain,-0.06656573426096771,0.08939045740468966
mcsched,random_uniform,900,1,8,plain,-0.06340965852672284,0.08522837202059336
mcsched,random_uniform,900,1,8,plain,-0.06653455569779716,0.08004700041998367
mcsched,random_uniform,900,1,9,plain,-0.06287078733971257,0.0657298042121059
mcsched,random_uniform,900,2,0,plain,-0.08559289091928102,1.2424108006587609
mcsched,random_uniform,900,2,2,plain,-0.08069832341349444,0.1594805415429917
mcsched,random_uniform,900,2,4,plain,-0.044888142674112855,0.1360747099045363
mcsched,random_uniform,900,2,3,plain,-0.07396551132474234,0.07936275735797238
mcsched,random_uniform,900,2,12,plain,0.006860293329404339,0.061176048661479
mcsched,random_uniform,900,2,10,plain,0.002081042692045817,0.06085988117765309
mcsched,random_uniform,900,2,15,plain,0.015596022896188805,0.04704760916036298
mcsched,random_uniform,900,2,15,plain,0.02017756762864364,0.04213521586688877
mcsched,random_uniform,900,2,15,plain,0.01660721953955084,0.0373360765974716
mcsched,safeguarded_hybrid,10,0,0,plain,-0.08559289091928102,1.2424108006587609
mcsched,safeguarded_hybrid,10,0,2,plain,-0.0790294685196433,0.09871975763638852
mcsched,safeguarded_hybrid,10,0,6,plain,-0.06634010083024809,0.08930551688664688
mcsched,safeguarded_hybrid,10,0,8,plain,-0.030330895750196863,0.08874868460169975
mcsched,safeguarded_hybrid,10,0,10,plain,-0.013736769334586656,0.08403448585032537
mcsched,safeguarded_hybrid,10,0,7,plain,-0.04011626058751767,0.07531864491560215
mcsched,safeguarded_hybrid,10,0,10,plain,-0.0094574019931356,0.07016558682100674
mcsched,safeguarded_hybrid,10,0,10,plain,-0.023179135335649467,0.060822129836300746
mcsched,safeguarded_hybrid,10,0,10,plain,-0.013555172364977235,0.0467125660058609
mcsched,safeguarded_hybrid,10,0,12,plain,-0.008199993767195856,0.04173882678268912
mcsched,safeguarded_hybrid,10,1,0,plain,-0.08559289091928102,1.2424108006587609
mcsched,safeguarded_hybrid,10,1,2,plain,-0.08069832341349444,0.1594805415429917
mcsched,safeguarded_hybrid,10,1,4,plain,-0.08051285502905912,0.12207368118048445
mcsched,safeguarded_hybrid,10,1,5,plain,-0.08048720075928335,0.1077470471372686
mcsched,safeguarded_hybrid,10,1,10,plain,-0.04610618508538854,0.07976386535984106
mcsched,safeguarded_hybrid,10,1,11,plain,-0.007189664311930229,0.05136069990986867
mcsched,safeguarded_hybrid,10,1,12,plain,0.0019017238206245016,0.032603002175421045
mcsched,safeguarded_hybrid,10,1,13,plain,0.004171523219434391,0.027822738576680054
mcsched,safeguarded_hybrid,10,2,0,plain,-0.08559289091928102,1.2424108006587609
mcsched,safeguarded_hybrid,10,2,2,plain,-0.08069832341349444,0.1594805415429917
mcsched,safeguarded_hybrid,10,2,4,plain,-0.0786910980764125,0.13188902993209478
mcsched,safeguarded_hybrid,10,2,5,plain,-0.0654936641959638,0.08990481943061539
mcsched,safeguarded_hybrid,10,2,11,plain,-0.0254198656996013,0.04706176591337011
mcsched,safeguarded_hybrid,10,2,13,plain,-0.016443068617781824,0.009315143478691727
mcsched,safeguarded_hybrid,300,0,0,plain,-0.08559289091928102,1.2424108006587609
mcsched,safeguarded_hybrid,300,0,2,plain,-0.0790294685196433,0.09871975763638852
mcsched,safeguarded_hybrid,300,0,6,plain,-0.06634010083024809,0.08930551688664688
mcsched,safeguarded_hybrid,300,0,8,plain,-0.030330895750196863,0.08874868460169975
mcsched,safeguarded_hybrid,300,0,10,plain,-0.013736769334586656,0.08403448585032537
mcsched,safeguarded_hybrid,300,0,7,plain,-0.04011626058751767,0.07531864491560215
mcsched,safeguarded_hybrid,300,0,10,plain,-0.0094574019931356,0.07016558682100674
mcsched,safeguarded_hybrid,300,0,10,plain,-0.023179135335649467,0.060822129836300746
mcsched,safeguarded_hybrid,300,0,10,plain,-0.013555172364977235,0.0467125660058609
mcsched,safeguarded_hybrid,300,0,12,plain,-0.008199993767195856,0.04173882678268912
mcsched,safeguarded_hybrid,300,0,14,plain,0.009929389261945363,0.03692081184259578
mcsched,safeguarded_hybrid,300,1,0,plain,-0.08559289091928102,1.2424108006587609
mcsched,safeguarded_hybrid,300,1,2,plain,-0.08069832341349444,0.1594805415429917
mcsched,safeguarded_hybrid,300,1,4,plain,-0.08051285502905912,0.12207368118048445
mcsched,safeguarded_hybrid,300,1,5,plain,-0.08048720075928335,0.1077470471372686
mcsched,safeguarded_hybrid,300,1,10,plain,-0.04610618508538854,0.07976386535984106
mcsched,safeguarded_hybrid,300,1,11,plain,-0.007189664311930229,0.07009952197364012
mcsched,safeguarded_hybrid,300,1,12,plain,0.0019017238206245016,0.023259545190715058
mcsched,safeguarded_hybrid,300,1,14,plain,0.0004486904216982584,0.013798115264282984
mcsched,safeguarded_hybrid,300,2,0,plain,-0.08559289091928102,1.2424108006587609
mcsched,safeguarded_hybrid,300,2,2,plain,-0.08069832341349444,0.1594805415429917
mcsched,safeguarded_hybrid,300,2,4,plain,-0.0786910980764125,0.13188902993209478
mcsched,safeguarded_hybrid,300,2,5,plain,-0.0654936641959638,0.08990481943061539
mcsched,safeguarded_hybrid,300,2,11,plain,-0.0254198656996013,0.04706176591337011
mcsched,safeguarded_hybrid,300,2,13,plain,-0.016443068617781824,0.009315143478691727
mcsched,safeguarded_hybrid,60,0,0,plain,-0.08559289091928102,1.2424108006587609
mcsched,safeguarded_hybrid,60,0,2,plain,-0.0790294685196433,0.09871975763638852
mcsched,safeguarded_hybrid,60,0,6,plain,-0.06634010083024809,0.08930551688664688
mcsched,safeguarded_hybrid,60,0,8,plain,-0.030330895750196863,0.08874868460169975
mcsched,safeguarded_hybrid,60,0,10,plain,-0.013736769334586656,0.08403448585032537
mcsched,safeguarded_hybrid,60,0,7,plain,-0.04011626058751767,0.07531864491560215
mcsched,safeguarded_hybrid,60,0,10,plain,-0.0094574019931356,0.07016558682100674
mcsched,safeguarded_hybrid,60,0,10,plain,-0.023179135335649467,0.060822129836300746
mcsched,safeguarded_hybrid,60,0,12,plain,-0.0023031464170057627,0.042045556431176946
mcsched,safeguarded_hybrid,60,0,12,plain,-0.008199993767195856,0.04173882678268912
mcsched,safeguarded_hybrid,60,0,14,plain,0.009929389261945363,0.03692081184259578
mcsched,safeguarded_hybrid,60,1,0,plain,-0.08559289091928102,1.2424108006587609
mcsched,safeguarded_hybrid,60,1,2,plain,-0.08069832341349444,0.1594805415429917
mcsched,safeguarded_hybrid,60,1,4,plain,-0.08051285502905912,0.12207368118048445
mcsched,safeguarded_hybrid,60,1,5,plain,-0.08048720075928335,0.1077470471372686
mcsched,safeguarded_hybrid,60,1,10,plain,-0.04610618508538854,0.07976386535984106
mcsched,safeguarded_hybrid,60,1,11,plain,-0.007189664311930229,0.07009952197364012
mcsched,safeguarded_hybrid,60,1,12,plain,0.0019017238206245016,0.023259545190715058
mcsched,safeguarded_hybrid,60,1,14,plain,0.0004486904216982584,0.013798115264282984
mcsched,safeguarded_hybrid,60,2,0,plain,-0.08559289091928102,1.2424108006587609
mcsched,safeguarded_hybrid,60,2,2,plain,-0.08069832341349444,0.1594805415429917
mcsched,safeguarded_hybrid,60,2,4,plain,-0.0786910980764125,0.13188902993209478
mcsched,safeguarded_hybrid,60,2,5,plain,-0.0654936641959638,0.08990481943061539
mcsched,safeguarded_hybrid,60,2,10,plain,-0.026550702525993067,0.061176048661479
mcsched,safeguarded_hybrid,60,2,11,plain,-0.0254198656996013,0.04706176591337011
mcsched,safeguarded_hybrid,60,2,13,plain,-0.016443068617781824,0.009315143478691727
mcsched,safeguarded_hybrid,900,0,0,plain,-0.08559289091928102,1.2424108006587609
mcsched,safeguarded_hybrid,900,0,2,plain,-0.0790294685196433,0.09871975763638852
mcsched,safeguarded_hybrid,900,0,6,plain,-0.06634010083024809,0.08930551688664688
mcsched,safeguarded_hybrid,900,0,8,plain,-0.030330895750196863,0.08874868460169975
mcsched,safeguarded_hybrid,900,0,10,plain,-0.013736769334586656,0.08403448585032537
mcsched,safeguarded_hybrid,900,0,7,plain,-0.04011626058751767,0.07531864491560215
mcsched,safeguarded_hybrid,900,0,10,plain,-0.0094574019931356,0.07016558682100674
mcsched,safeguarded_hybrid,900,0,10,plain,-0.023179135335649467,0.060822129836300746
mcsched,safeguarded_hybrid,900,0,10,plain,-0.013555172364977235,0.0467125660058609
mcsched,safeguarded_hybrid,900,0,12,plain,-0.008199993767195856,0.04173882678268912
mcsched,safeguarded_hybrid,900,0,14,plain,0.009929389261945363,0.03692081184259578
mcsched,safeguarded_hybrid,900,1,0,plain,-0.08559289091928102,1.2424108006587609
mcsched,safeguarded_hybrid,900,1,2,plain,-0.08069832341349444,0.1594805415429917
mcsched,safeguarded_hybrid,900,1,4,plain,-0.08051285502905912,0.12207368118048445
mcsched,safeguarded_hybrid,900,1,5,plain,-0.08048720075928335,0.1077470471372686
mcsched,safeguarded_hybrid,900,1,10,plain,-0.04610618508538854,0.07976386535984106
mcsched,safeguarded_hybrid,900,1,11,plain,-0.007189664311930229,0.05136069990986867
mcsched,safeguarded_hybrid,900,1,12,plain,0.0019017238206245016,0.032603002175421045
mcsched,safeguarded_hybrid,900,1,13,plain,0.004171523219434391,0.027822738576680054
mcsched,safeguarded_hybrid,900,1,13,plain,0.004383874514541345,0.023259545190715058
mcsched,safeguarded_hybrid,900,2,0,plain,-0.08559289091928102,1.2424108006587609
mcsched,safeguarded_hybrid,900,2,2,plain,-0.08069832341349444,0.1594805415429917
mcsched,safeguarded_hybrid,900,2,4,plain,-0.0786910980764125,0.13188902993209478
mcsched,safeguarded_hybrid,900,2,5,plain,-0.0654936641959638,0.08990481943061539
mcsched,safeguarded_hybrid,900,2,11,plain,-0.0254198656996013,0.04706176591337011
mcsched,safeguarded_hybrid,900,2,13,plain,-0.016443068617781824,0.009315143478691727
rail507,best_bound,10,0,0,plain,-0.010657662778454296,3.3275862068965516
rail507,best_bound,10,0,1,plain,-0.010227842129478306,3.2873563218390807
rail507,best_bound,10,0,2,plain,-0.009812895983631555,3.264367816091954
rail507,best_bound,10,1,0,plain,-0.010657662778455276,3.3275862068965516
rail507,best_bound,10,1,1,plain,-0.01019278544262778,3.310344827586207
rail507,best_bound,10,1,2,plain,-0.009469366292525015,3.3045977011494254
rail507,best_bound,10,2,0,plain,-0.010657662778455113,3.3275862068965516
rail507,best_bound,10,2,1,plain,-0.010656925334186704,3.3045977011494254
rail507,best_bound,300,0,0,plain,-0.010657662778454296,3.3275862068965516
rail507,best_bound,300,0,1,plain,-0.010227842129478306,3.2873563218390807
rail507,best_bound,300,0,2,plain,-0.009812895983631555,3.264367816091954
rail507,best_bound,300,0,3,plain,-0.009391350112628257,3.2528735632183907
rail507,best_bound,300,0,5,plain,-0.00804233329372597,3.218390804597701
rail507,best_bound,300,0,7,plain,-0.00746136730664006,3.2011494252873565
rail507,best_bound,300,0,8,plain,-0.006830508471135668,3.17816091954023
rail507,best_bound,300,0,9,plain,-0.006303043067027869,3.1494252873563218
rail507,best_bound,300,0,10,plain,-0.00552634736444487,3.1436781609195403
rail507,best_bound,300,0,12,plain,-0.003415786284287296,3.0977011494252875
rail507,best_bound,300,0,13,plain,-0.0032505835291815324,3.074712643678161
rail507,best_bound,300,0,14,plain,-0.003201540088262217,3.045977011494253
rail507,best_bound,300,0,15,plain,-0.0030054391590036257,3.0114942528735633
rail507,best_bound,300,0,16,plain,-0.0017025615420385063,2.9942528735632186
rail507,best_bound,300,0,17,plain,-0.0015381365404272696,2.9597701149425286
rail507,best_bound,300,0,19,plain,-0.0007448511393561305,2.9310344827586206
rail507,best_bound,300,0,20,plain,-0.0007448511393561305,2.8620689655172415
rail507,best_bound,300,0,21,plain,1.6574983687768896e-05,2.793103448275862
rail507,best_bound,300,0,22,plain,0.0026733824099186474,2.7586206896551726
rail507,best_bound,300,0,24,plain,0.0033180193976517823,2.7471264367816093
rail507,best_bound,300,0,27,plain,0.003922972976105048,2.718390804597701
rail507,best_bound,300,0,29,plain,0.006748322671243407,2.6839080459770117
rail507,best_bound,300,0,31,plain,0.007208559680156175,2.6494252873563218
rail507,best_bound,300,0,33,plain,0.007736475701821567,2.6149425287356323
rail507,best_bound,300,0,34,plain,0.007898253546285731,2.5689655172413794
rail507,best_bound,300,0,35,plain,0.008271484119755892,2.557471264367816
rail507,best_bound,300,0,37,plain,0.00992890608918171,2.5114942528735633
rail507,best_bound,300,0,38,plain,0.010509031198686333,2.4942528735632186
rail507,best_bound,300,0,39,plain,0.011211890300290468,0.011494252873563218
rail507,best_bound,300,1,0,plain,-0.010657662778455276,3.3275862068965516
rail507,best_bound,300,1,1,plain,-0.01019278544262778,3.310344827586207
rail507,best_bound,300,1,2,plain,-0.009469366292525015,3.3045977011494254
rail507,best_bound,300,1,3,plain,-0.008988539399260635,3.2758620689655173
rail507,best_bound,300,1,4,plain,-0.008782146578221404,3.2586206896551726
rail507,best_bound,300,1,5,plain,-0.00756170916344039,3.2413793103448274
rail507,best_bound,300,1,6,plain,-0.007116338004586407,3.1954022988505746
rail507,best_bound,300,1,8,plain,-0.006797644648763995,3.1494252873563218
rail507,best_bound,300,1,9,plain,-0.006509283155205156,3.1206896551724137
rail507,best_bound,300,1,10,plain,-0.006088234434497247,3.1149425287356323
rail507,best_bound,300,1,11,plain,-0.005804689884607359,3.074712643678161
rail507,best_bound,300,1,12,plain,-0.004958422770793919,3.0402298850574714
rail507,best_bound,300,1,13,plain,-0.004444915072623979,3.028735632183908
rail507,best_bound,300,1,14,plain,-0.0040862508552845025,2.9885057471264367
rail507,best_bound,300,1,17,plain,-0.0012940257253830098,2.954022988505747
rail507,best_bound,300,1,18,plain,-0.0005119934464838759,2.9310344827586206
rail507,best_bound,300,1,20,plain,0.0004257130693915691,2.9022988505747125
rail507,best_bound,300,1,21,plain,0.0012881490289337752,2.8735632183908044
rail507,best_bound,300,1,23,plain,0.001738454616108112,2.8333333333333335
rail507,best_bound,300,1,25,plain,0.004254366323331378,2.8275862068965516
rail507,best_bound,300,1,27,plain,0.005500429435520527,2.7988505747126435
rail507,best_bound,300,1,28,,0.005500429435520527,0.005747126436781609
rail507,best_bound,300,2,0,plain,-0.010657662778455113,3.3275862068965516
rail507,best_bound,300,2,1,plain,-0.010656925334186704,3.3045977011494254
rail507,best_bound,300,2,5,plain,-0.010433104909864873,3.293103448275862
rail507,best_bound,300,2,6,plain,-0.009983207235944975,3.2873563218390807
rail507,best_bound,300,2,8,plain,-0.00847026854542811,3.2528735632183907
rail507,best_bound,300,2,9,plain,-0.008117397472002475,3.218390804597701
rail507,best_bound,300,2,10,plain,-0.007700168843763943,3.1724137931034484
rail507,best_bound,300,2,11,plain,-0.007389953963257212,3.1436781609195403
rail507,best_bound,300,2,12,plain,-0.006975783600659983,3.1264367816091956
rail507,best_bound,300,2,14,plain,-0.0065298357023272245,3.0977011494252875
rail507,best_bound,300,2,16,plain,-0.006051702320755356,3.0919540229885056
rail507,best_bound,300,2,17,plain,-0.005095585478386838,3.045977011494253
rail507,best_bound,300,2,18,plain,-0.00501520058174251,3.0172413793103448
rail507,best_bound,300,2,19,plain,-0.0046149928510889,2.9597701149425286
rail507,best_bound,300,2,20,plain,-0.004367146347198745,2.913793103448276
rail507,best_bound,300,2,21,plain,-0.0039320223962944515,2.8563218390804597
rail507,best_bound,300,2,22,plain,-0.0034001791095148756,2.8333333333333335
rail507,best_bound,300,2,24,plain,-0.002318925930828382,2.8160919540229883
rail507,best_bound,300,2,25,plain,-0.0012811157520545016,2.7701149425287355
rail507,best_bound,300,2,26,plain,-0.0009055865876252062,2.7298850574712645
rail507,best_bound,300,2,27,plain,-0.00013946992631967228,2.689655172413793
rail507,best_bound,300,2,28,plain,0.00036480605804227765,2.6551724137931036
rail507,best_bound,300,2,29,plain,0.0007209996850369326,2.6379310344827585
rail507,best_bound,300,2,32,plain,0.0022683680912192247,2.6206896551724137
rail507,best_bound,300,2,33,plain,0.0028174858765208977,2.574712643678161
rail507,best_bound,300,2,34,plain,0.0031216730724116684,2.5632183908045976
rail507,best_bound,300,2,35,plain,0.0038592824799722186,2.545977011494253
rail507,best_bound,300,2,37,plain,0.004740301968988386,2.4942528735632186
rail507,best_bound,300,2,38,plain,0.004898320070733606,2.4827586206896552
rail507,best_bound,300,2,39,plain,0.004898320070734259,2.4482758620689653
rail507,best_bound,300,2,40,plain,0.004898320070733606,2.3908045977011496
rail507,best_bound,300,2,41,plain,0.0059621923536996805,2.3448275862068964
rail507,best_bound,300,2,42,plain,0.006751149542170338,2.3160919540229883
rail507,best_bound,300,2,43,plain,0.007872161480235193,2.2988505747126435
rail507,best_bound,300,2,44,plain,0.008077654086342615,2.2528735632183907
rail507,best_bound,300,2,46,plain,0.00940881639303648,2.2126436781609193
rail507,best_bound,300,2,48,plain,0.012231063955201781,2.17816091954023
rail507,best_bound,300,2,49,plain,0.01320285803044404,2.1551724137931036
rail507,best_bound,300,2,51,plain,0.013202858030444202,2.1206896551724137
rail507,best_bound,300,2,55,plain,0.016347381864623676,0.017241379310344827
rail507,best_bound,60,0,0,plain,-0.010657662778454296,3.3275862068965516
rail507,best_bound,60,0,1,plain,-0.010227842129478306,3.2873563218390807
rail507,best_bound,60,0,2,plain,-0.009812895983631555,3.264367816091954
rail507,best_bound,60,0,3,plain,-0.009391350112628257,3.2528735632183907
rail507,best_bound,60,0,5,plain,-0.00804233329372597,3.218390804597701
rail507,best_bound,60,0,7,plain,-0.00746136730664006,3.2011494252873565
rail507,best_bound,60,0,8,plain,-0.006830508471135668,3.17816091954023
rail507,best_bound,60,0,9,plain,-0.006303043067027869,3.1494252873563218
rail507,best_bound,60,0,10,plain,-0.00552634736444487,3.1436781609195403
rail507,best_bound,60,0,12,plain,-0.003415786284287296,3.0977011494252875
rail507,best_bound,60,0,13,plain,-0.0032505835291815324,3.074712643678161
rail507,best_bound,60,0,14,plain,-0.003201540088262217,3.045977011494253
rail507,best_bound,60,0,15,plain,-0.0030054391590036257,3.0114942528735633
rail507,best_bound,60,0,16,plain,-0.0017025615420385063,2.9942528735632186
rail507,best_bound,60,0,17,plain,-0.0015381365404272696,2.9597701149425286
rail507,best_bound,60,1,0,plain,-0.010657662778455276,3.3275862068965516
rail507,best_bound,60,1,1,plain,-0.01019278544262778,3.310344827586207
rail507,best_bound,60,1,2,plain,-0.009469366292525015,3.3045977011494254
rail507,best_bound,60,1,3,plain,-0.008988539399260635,3.2758620689655173
rail507,best_bound,60,1,4,plain,-0.008782146578221404,3.2586206896551726
rail507,best_bound,60,1,5,plain,-0.00756170916344039,3.2413793103448274
rail507,best_bound,60,1,6,plain,-0.007116338004586407,3.1954022988505746
rail507,best_bound,60,1,8,plain,-0.006797644648763995,3.1494252873563218
rail507,best_bound,60,1,9,plain,-0.006509283155205156,3.1206896551724137
rail507,best_bound,60,1,10,plain,-0.006088234434497247,3.1149425287356323
rail507,best_bound,60,1,11,plain,-0.005804689884607359,3.074712643678161
rail507,best_bound,60,1,12,plain,-0.004958422770793919,3.0402298850574714
rail507,best_bound,60,1,13,plain,-0.004444915072623979,3.028735632183908
rail507,best_bound,60,1,14,plain,-0.0040862508552845025,2.9885057471264367
rail507,best_bound,60,1,17,plain,-0.0012940257253830098,2.954022988505747
rail507,best_bound,60,1,18,plain,-0.0005119934464838759,2.9310344827586206
rail507,best_bound,60,1,20,plain,0.0004257130693915691,2.9022988505747125
rail507,best_bound,60,2,0,plain,-0.010657662778455113,3.3275862068965516
rail507,best_bound,60,2,1,plain,-0.010656925334186704,3.3045977011494254
rail507,best_bound,60,2,5,plain,-0.010433104909864873,3.293103448275862
rail507,best_bound,60,2,6,plain,-0.009983207235944975,3.2873563218390807
rail507,best_bound,60,2,8,plain,-0.00847026854542811,3.2528735632183907
rail507,best_bound,60,2,9,plain,-0.008117397472002475,3.218390804597701
rail507,best_bound,60,2,10,plain,-0.007700168843763943,3.1724137931034484
rail507,best_bound,60,2,11,plain,-0.007389953963257212,3.1436781609195403
rail507,best_bound,60,2,12,plain,-0.006975783600659983,3.1264367816091956
rail507,best_bound,60,2,14,plain,-0.0065298357023272245,3.0977011494252875
rail507,best_bound,60,2,16,plain,-0.006051702320755356,3.0919540229885056
rail507,best_bound,60,2,17,plain,-0.005095585478386838,3.045977011494253
rail507,best_bound,900,0,0,plain,-0.010657662778454296,3.3275862068965516
rail507,best_bound,900,0,1,plain,-0.010227842129478306,3.2873563218390807
rail507,best_bound,900,0,2,plain,-0.009812895983631555,3.264367816091954
rail507,best_bound,900,0,3,plain,-0.009391350112628257,3.2528735632183907
rail507,best_bound,900,0,5,plain,-0.00804233329372597,3.218390804597701
rail507,best_bound,900,0,7,plain,-0.00746136730664006,3.2011494252873565
rail507,best_bound,900,0,8,plain,-0.006830508471135668,3.17816091954023
rail507,best_bound,900,0,9,plain,-0.006303043067027869,3.1494252873563218
rail507,best_bound,900,0,10,plain,-0.00552634736444487,3.1436781609195403
rail507,best_bound,900,0,12,plain,-0.003415786284287296,3.0977011494252875
rail507,best_bound,900,0,13,plain,-0.0032505835291815324,3.074712643678161
rail507,best_bound,900,0,14,plain,-0.003201540088262217,3.045977011494253
rail507,best_bound,900,0,15,plain,-0.0030054391590036257,3.0114942528735633
rail507,best_bound,900,0,16,plain,-0.0017025615420385063,2.9942528735632186
rail507,best_bound,900,0,17,plain,-0.0015381365404272696,2.9597701149425286
rail507,best_bound,900,0,19,plain,-0.0007448511393561305,2.9310344827586206
rail507,best_bound,900,0,20,plain,-0.0007448511393561305,2.8620689655172415
rail507,best_bound,900,0,21,plain,1.6574983687768896e-05,2.793103448275862
rail507,best_bound,900,0,22,plain,0.0026733824099186474,2.7586206896551726
rail507,best_bound,900,0,24,plain,0.0033180193976517823,2.7471264367816093
rail507,best_bound,900,0,27,plain,0.003922972976105048,2.718390804597701
rail507,best_bound,900,0,29,plain,0.006748322671243407,2.6839080459770117
rail507,best_bound,900,0,31,plain,0.007208559680156175,2.6494252873563218
rail507,best_bound,900,0,33,plain,0.007736475701821567,2.6149425287356323
rail507,best_bound,900,0,34,plain,0.007898253546285731,2.5689655172413794
rail507,best_bound,900,0,35,plain,0.008271484119755892,2.557471264367816
rail507,best_bound,900,0,37,plain,0.00992890608918171,2.5114942528735633
rail507,best_bound,900,0,38,plain,0.010509031198686333,2.4942528735632186
rail507,best_bound,900,0,39,plain,0.011211890300290468,0.011494252873563218
rail507,best_bound,900,1,0,plain,-0.010657662778455276,3.3275862068965516
rail507,best_bound,900,1,1,plain,-0.01019278544262778,3.310344827586207
rail507,best_bound,900,1,2,plain,-0.009469366292525015,3.3045977011494254
rail507,best_bound,900,1,3,plain,-0.008988539399260635,3.2758620689655173
rail507,best_bound,900,1,4,plain,-0.008782146578221404,3.2586206896551726
rail507,best_bound,900,1,5,plain,-0.00756170916344039,3.2413793103448274
rail507,best_bound,900,1,6,plain,-0.007116338004586407,3.1954022988505746
rail507,best_bound,900,1,8,plain,-0.006797644648763995,3.1494252873563218
rail507,best_bound,900,1,9,plain,-0.006509283155205156,3.1206896551724137
rail507,best_bound,900,1,10,plain,-0.006088234434497247,3.1149425287356323
rail507,best_bound,900,1,11,plain,-0.005804689884607359,3.074712643678161
rail507,best_bound,900,1,12,plain,-0.004958422770793919,3.0402298850574714
rail507,best_bound,900,1,13,plain,-0.004444915072623979,3.028735632183908
rail507,best_bound,900,1,14,plain,-0.0040862508552845025,2.9885057471264367
rail507,best_bound,900,1,17,plain,-0.0012940257253830098,2.954022988505747
rail507,best_bound,900,1,18,plain,-0.0005119934464838759,2.9310344827586206
rail507,best_bound,900,1,20,plain,0.0004257130693915691,2.9022988505747125
rail507,best_bound,900,1,21,plain,0.0012881490289337752,2.8735632183908044
rail507,best_bound,900,1,23,plain,0.001738454616108112,2.8333333333333335
rail507,best_bound,900,1,25,plain,0.004254366323331378,2.8275862068965516
rail507,best_bound,900,1,27,plain,0.005500429435520527,2.7988505747126435
rail507,best_bound,900,1,28,,0.005500429435520527,0.005747126436781609
rail507,best_bound,900,2,0,plain,-0.010657662778455113,3.3275862068965516
rail507,best_bound,900,2,1,plain,-0.010656925334186704,3.3045977011494254
rail507,best_bound,900,2,5,plain,-0.010433104909864873,3.293103448275862
rail507,best_bound,900,2,6,plain,-0.009983207235944975,3.2873563218390807
rail507,best_bound,900,2,8,plain,-0.00847026854542811,3.2528735632183907
rail507,best_bound,900,2,9,plain,-0.008117397472002475,3.218390804597701
rail507,best_bound,900,2,10,plain,-0.007700168843763943,3.1724137931034484
rail507,best_bound,900,2,11,plain,-0.007389953963257212,3.1436781609195403
rail507,best_bound,900,2,12,plain,-0.006975783600659983,3.1264367816091956
rail507,best_bound,900,2,14,plain,-0.0065298357023272245,3.0977011494252875
rail507,best_bound,900,2,16,plain,-0.006051702320755356,3.0919540229885056
rail507,best_bound,900,2,17,plain,-0.005095585478386838,3.045977011494253
rail507,best_bound,900,2,18,plain,-0.00501520058174251,3.0172413793103448
rail507,best_bound,900,2,19,plain,-0.0046149928510889,2.9597701149425286
rail507,best_bound,900,2,20,plain,-0.004367146347198745,2.913793103448276
rail507,best_bound,900,2,21,plain,-0.0039320223962944515,2.8563218390804597
rail507,best_bound,900,2,22,plain,-0.0034001791095148756,2.8333333333333335
rail507,best_bound,900,2,24,plain,-0.002318925930828382,2.8160919540229883
rail507,best_bound,900,2,25,plain,-0.0012811157520545016,2.7701149425287355
rail507,best_bound,900,2,26,plain,-0.0009055865876252062,2.7298850574712645
rail507,best_bound,900,2,27,plain,-0.00013946992631967228,2.689655172413793
rail507,best_bound,900,2,28,plain,0.00036480605804227765,2.6551724137931036
rail507,best_bound,900,2,29,plain,0.0007209996850369326,2.6379310344827585
rail507,best_bound,900,2,32,plain,0.0022683680912192247,2.6206896551724137
rail507,best_bound,900,2,33,plain,0.0028174858765208977,2.574712643678161
rail507,best_bound,900,2,34,plain,0.0031216730724116684,2.5632183908045976
rail507,best_bound,900,2,35,plain,0.0038592824799722186,2.545977011494253
rail507,best_bound,900,2,37,plain,0.004740301968988386,2.4942528735632186
rail507,best_bound,900,2,38,plain,0.004898320070733606,2.4827586206896552
rail507,best_bound,900,2,39,plain,0.004898320070734259,2.4482758620689653
rail507,best_bound,900,2,40,plain,0.004898320070733606,2.3908045977011496
rail507,best_bound,900,2,41,plain,0.0059621923536996805,2.3448275862068964
rail507,best_bound,900,2,42,plain,0.006751149542170338,2.3160919540229883
rail507,best_bound,900,2,43,plain,0.007872161480235193,2.2988505747126435
rail507,best_bound,900,2,44,plain,0.008077654086342615,2.2528735632183907
rail507,best_bound,900,2,46,plain,0.00940881639303648,2.2126436781609193
rail507,best_bound,900,2,48,plain,0.012231063955201781,2.17816091954023
rail507,best_bound,900,2,49,plain,0.01320285803044404,2.1551724137931036
rail507,best_bound,900,2,51,plain,0.013202858030444202,2.1206896551724137
rail507,best_bound,900,2,55,plain,0.016347381864623676,0.017241379310344827
rail507,best_estimate,10,0,0,plain,-0.010657662778454296,3.3275862068965516
rail507,best_estimate,10,1,0,plain,-0.010657662778455276,3.3275862068965516
rail507,best_estimate,10,2,0,plain,-0.010657662778455113,3.3275862068965516
rail507,best_estimate,300,0,0,plain,-0.010657662778454296,3.3275862068965516
rail507,best_estimate,300,0,3,plain,-0.010199970889244441,3.3160919540229883
rail507,best_estimate,300,0,2,plain,-0.01019278544262631,3.310344827586207
rail507,best_estimate,300,0,4,plain,-0.010046736166165094,3.264367816091954
rail507,best_estimate,300,0,3,plain,-0.009391350112628257,3.2528735632183907
rail507,best_estimate,300,0,4,plain,-0.009391350112628583,3.2413793103448274
rail507,best_estimate,300,0,5,plain,-0.00804233329372597,3.218390804597701
rail507,best_estimate,300,0,6,plain,-0.00837920835807272,3.206896551724138
rail507,best_estimate,300,0,10,plain,-0.009136293054889366,3.189655172413793
rail507,best_estimate,300,0,7,plain,-0.008379208358071903,3.1724137931034484
rail507,best_estimate,300,1,0,plain,-0.010657662778455276,3.3275862068965516
rail507,best_estimate,300,1,2,plain,-0.010657662778455113,3.32183908045977
rail507,best_estimate,300,1,1,plain,-0.01019278544262778,3.310344827586207
rail507,best_estimate,300,1,3,plain,-0.010634526533698231,3.3045977011494254
rail507,best_estimate,300,1,4,plain,-0.010634526533697905,3.293103448275862
rail507,best_estimate,300,1,5,plain,-0.010450461480730026,3.2701149425287355
rail507,best_estimate,300,1,5,plain,-0.010318166250029315,3.2528735632183907
rail507,best_estimate,300,1,8,plain,-0.009074108407167937,3.2471264367816093
rail507,best_estimate,300,1,6,plain,-0.009909382288645146,3.235632183908046
rail507,best_estimate,300,1,7,plain,-0.008626382346230475,3.2126436781609193
rail507,best_estimate,300,1,7,plain,-0.009324451154904,3.1666666666666665
rail507,best_estimate,300,1,8,plain,-0.00866347594570443,3.1494252873563218
rail507,best_estimate,300,2,0,plain,-0.010657662778455113,3.3275862068965516
rail507,best_estimate,300,2,1,plain,-0.010656925334186704,3.3045977011494254
rail507,best_estimate,300,2,3,plain,-0.010656925334187358,3.281609195402299
rail507,best_estimate,300,2,2,plain,-0.010656925334187193,3.2586206896551726
rail507,best_estimate,300,2,3,plain,-0.010187275046436574,3.2413793103448274
rail507,best_estimate,300,2,4,plain,-0.01065692533418703,3.235632183908046
rail507,best_estimate,300,2,5,plain,-0.009881284301753702,3.2126436781609193
rail507,best_estimate,300,2,6,plain,-0.010224324248633461,3.2011494252873565
rail507,best_estimate,300,2,10,plain,-0.008044705357576568,3.1724137931034484
rail507,best_estimate,300,2,11,plain,-0.008032661678758577,3.1264367816091956
rail507,best_estimate,60,0,0,plain,-0.010657662778454296,3.3275862068965516
rail507,best_estimate,60,0,3,plain,-0.010199970889244441,3.3160919540229883
rail507,best_estimate,60,0,2,plain,-0.01019278544262631,3.310344827586207
rail507,best_estimate,60,0,4,plain,-0.010046736166165094,3.264367816091954
rail507,best_estimate,60,0,3,plain,-0.009391350112628257,3.2528735632183907
rail507,best_estimate,60,1,0,plain,-0.010657662778455276,3.3275862068965516
rail507,best_estimate,60,1,2,plain,-0.010657662778455113,3.32183908045977
rail507,best_estimate,60,1,1,plain,-0.01019278544262778,3.310344827586207
rail507,best_estimate,60,1,3,plain,-0.010634526533698231,3.3045977011494254
rail507,best_estimate,60,1,4,plain,-0.010634526533697905,3.293103448275862
rail507,best_estimate,60,1,5,plain,-0.010450461480730026,3.2701149425287355
rail507,best_estimate,60,1,5,plain,-0.010318166250029315,3.2528735632183907
rail507,best_estimate,60,2,0,plain,-0.010657662778455113,3.3275862068965516
rail507,best_estimate,60,2,1,plain,-0.010656925334186704,3.3045977011494254
rail507,best_estimate,60,2,3,plain,-0.010656925334187358,3.281609195402299
rail507,best_estimate,60,2,2,plain,-0.010656925334187193,3.2586206896551726
rail507,best_estimate,60,2,3,plain,-0.010187275046436574,3.2413793103448274
rail507,best_estimate,900,0,0,plain,-0.010657662778454296,3.3275862068965516
rail507,best_estimate,900,0,3,plain,-0.010199970889244441,3.3160919540229883
rail507,best_estimate,900,0,2,plain,-0.01019278544262631,3.310344827586207
rail507,best_estimate,900,0,4,plain,-0.010046736166165094,3.264367816091954
rail507,best_estimate,900,0,3,plain,-0.009391350112628257,3.2528735632183907
rail507,best_estimate,900,0,4,plain,-0.009391350112628583,3.2413793103448274
rail507,best_estimate,900,0,5,plain,-0.00804233329372597,3.218390804597701
rail507,best_estimate,900,0,6,plain,-0.00837920835807272,3.206896551724138
rail507,best_estimate,900,0,10,plain,-0.009136293054889366,3.189655172413793
rail507,best_estimate,900,0,7,plain,-0.008379208358071903,3.1724137931034484
rail507,best_estimate,900,0,9,plain,-0.00887426264071237,3.1666666666666665
rail507,best_estimate,900,0,15,plain,-0.008591296432275717,3.1494252873563218
rail507,best_estimate,900,0,8,plain,-0.007591388287699442,3.1379310344827585
rail507,best_estimate,900,0,15,plain,-0.005011670663305531,3.086206896551724
rail507,best_estimate,900,0,18,plain,-0.005004279411789229,3.0402298850574714
rail507,best_estimate,900,0,15,plain,-0.0025976437541255864,3.0057471264367814
rail507,best_estimate,900,1,0,plain,-0.010657662778455276,3.3275862068965516
rail507,best_estimate,900,1,2,plain,-0.010657662778455113,3.32183908045977
rail507,best_estimate,900,1,1,plain,-0.01019278544262778,3.310344827586207
rail507,best_estimate,900,1,3,plain,-0.010634526533698231,3.3045977011494254
rail507,best_estimate,900,1,4,plain,-0.010634526533697905,3.293103448275862
rail507,best_estimate,900,1,5,plain,-0.010450461480730026,3.2701149425287355
rail507,best_estimate,900,1,5,plain,-0.010318166250029315,3.2528735632183907
rail507,best_estimate,900,1,8,plain,-0.009074108407167937,3.2471264367816093
rail507,best_estimate,900,1,6,plain,-0.009909382288645146,3.235632183908046
rail507,best_estimate,900,1,7,plain,-0.008626382346230475,3.2126436781609193
rail507,best_estimate,900,1,7,plain,-0.009324451154904,3.1666666666666665
rail507,best_estimate,900,1,8,plain,-0.00866347594570443,3.1494252873563218
rail507,best_estimate,900,1,9,plain,-0.007739004032386717,3.1206896551724137
rail507,best_estimate,900,1,9,plain,-0.006666585745002631,3.103448275862069
rail507,best_estimate,900,2,0,plain,-0.010657662778455113,3.3275862068965516
rail507,best_estimate,900,2,1,plain,-0.010656925334186704,3.3045977011494254
rail507,best_estimate,900,2,3,plain,-0.010656925334187358,3.281609195402299
rail507,best_estimate,900,2,2,plain,-0.010656925334187193,3.2586206896551726
rail507,best_estimate,900,2,3,plain,-0.010187275046436574,3.2413793103448274
rail507,best_estimate,900,2,4,plain,-0.01065692533418703,3.235632183908046
rail507,best_estimate,900,2,5,plain,-0.009881284301753702,3.2126436781609193
rail507,best_estimate,900,2,6,plain,-0.010224324248633461,3.2011494252873565
rail507,best_estimate,900,2,10,plain,-0.008044705357576568,3.1724137931034484
rail507,best_estimate,900,2,11,plain,-0.008032661678758577,3.1264367816091956
rail507,best_estimate,900,2,11,plain,-0.007585845734496715,3.1149425287356323
rail507,best_estimate,900,2,12,plain,-0.005660218605666402,3.074712643678161
rail507,boltzmann_adaptive,10,0,0,plain,-0.010657662778454296,3.3275862068965516
rail507,boltzmann_adaptive,10,0,2,plain,-0.01019278544262631,3.310344827586207
rail507,boltzmann_adaptive,10,1,0,plain,-0.010657662778455276,3.3275862068965516
rail507,boltzmann_adaptive,10,2,0,plain,-0.010657662778455113,3.3275862068965516
rail507,boltzmann_adaptive,300,0,0,plain,-0.010657662778454296,3.3275862068965516
rail507,boltzmann_adaptive,300,0,2,plain,-0.01019278544262631,3.310344827586207
rail507,boltzmann_adaptive,300,0,1,plain,-0.010227842129478306,3.2873563218390807
rail507,boltzmann_adaptive,300,0,2,plain,-0.009812895983631555,3.264367816091954
rail507,boltzmann_adaptive,300,0,5,plain,-0.008824653452588772,3.2586206896551726
rail507,boltzmann_adaptive,300,0,5,plain,-0.009780105886344198,3.2528735632183907
rail507,boltzmann_adaptive,300,0,7,plain,-0.008707351090662471,3.2298850574712645
rail507,boltzmann_adaptive,300,0,6,plain,-0.00938905938869163,3.2241379310344827
rail507,boltzmann_adaptive,300,0,6,plain,-0.00978010588634387,3.206896551724138
rail507,boltzmann_adaptive,300,0,8,plain,-0.008185427230993834,3.2011494252873565
rail507,boltzmann_adaptive,300,0,7,plain,-0.008595813571704915,3.1954022988505746
rail507,boltzmann_adaptive,300,0,7,plain,-0.009180367350448828,3.17816091954023
rail507,boltzmann_adaptive,300,1,0,plain,-0.010657662778455276,3.3275862068965516
rail507,boltzmann_adaptive,300,1,2,plain,-0.010657662778455113,3.32183908045977
rail507,boltzmann_adaptive,300,1,1,plain,-0.01019278544262778,3.310344827586207
rail507,boltzmann_adaptive,300,1,3,plain,-0.010634526533698231,3.3045977011494254
rail507,boltzmann_adaptive,300,1,3,plain,-0.010139198942553173,3.264367816091954
rail507,boltzmann_adaptive,300,1,4,plain,-0.010139198942552845,3.2298850574712645
rail507,boltzmann_adaptive,300,1,6,plain,-0.009873247185629975,3.206896551724138
rail507,boltzmann_adaptive,300,1,7,plain,-0.009676617496717166,3.1436781609195403
rail507,boltzmann_adaptive,300,1,8,plain,-0.009676617496717657,3.103448275862069
rail507,boltzmann_adaptive,300,2,0,plain,-0.010657662778455113,3.3275862068965516
rail507,boltzmann_adaptive,300,2,1,plain,-0.010656925334186704,3.3045977011494254
rail507,boltzmann_adaptive,300,2,2,plain,-0.01022784212947798,3.2873563218390807
rail507,boltzmann_adaptive,300,2,4,plain,-0.010043147254781904,3.264367816091954
rail507,boltzmann_adaptive,300,2,2,plain,-0.010656925334187193,3.2586206896551726
rail507,boltzmann_adaptive,300,2,6,plain,-0.008972280052692495,3.235632183908046
rail507,boltzmann_adaptive,300,2,5,plain,-0.010656925334187193,3.2241379310344827
rail507,boltzmann_adaptive,300,2,7,plain,-0.008123559423989358,3.2011494252873565
rail507,boltzmann_adaptive,300,2,5,plain,-0.009864825012519287,3.189655172413793
rail507,boltzmann_adaptive,300,2,5,plain,-0.008640215307859004,3.1666666666666665
rail507,boltzmann_adaptive,60,0,0,plain,-0.010657662778454296,3.3275862068965516
rail507,boltzmann_adaptive,60,0,2,plain,-0.01019278544262631,3.310344827586207
rail507,boltzmann_adaptive,60,0,1,plain,-0.010227842129478306,3.2873563218390807
rail507,boltzmann_adaptive,60,0,2,plain,-0.009812895983631555,3.264367816091954
rail507,boltzmann_adaptive,60,0,5,plain,-0.008824653452588772,3.2586206896551726
rail507,boltzmann_adaptive,60,0,5,plain,-0.009780105886344198,3.2528735632183907
rail507,boltzmann_adaptive,60,1,0,plain,-0.010657662778455276,3.3275862068965516
rail507,boltzmann_adaptive,60,1,2,plain,-0.010657662778455113,3.32183908045977
rail507,boltzmann_adaptive,60,1,1,plain,-0.01019278544262778,3.310344827586207
rail507,boltzmann_adaptive,60,1,3,plain,-0.010634526533698231,3.3045977011494254
rail507,boltzmann_adaptive,60,1,3,plain,-0.010139198942553173,3.264367816091954
rail507,boltzmann_adaptive,60,1,4,plain,-0.010139198942552845,3.2298850574712645
rail507,boltzmann_adaptive,60,1,6,plain,-0.009873247185629975,3.206896551724138
rail507,boltzmann_adaptive,60,2,0,plain,-0.010657662778455113,3.3275862068965516
rail507,boltzmann_adaptive,60,2,1,plain,-0.010656925334186704,3.3045977011494254
rail507,boltzmann_adaptive,60,2,2,plain,-0.01022784212947798,3.2873563218390807
rail507,boltzmann_adaptive,60,2,4,plain,-0.010043147254781904,3.264367816091954
rail507,boltzmann_adaptive,60,2,2,plain,-0.010656925334187193,3.2586206896551726
rail507,boltzmann_adaptive,900,0,0,plain,-0.010657662778454296,3.3275862068965516
rail507,boltzmann_adaptive,900,0,2,plain,-0.01019278544262631,3.310344827586207
rail507,boltzmann_adaptive,900,0,1,plain,-0.010227842129478306,3.2873563218390807
rail507,boltzmann_adaptive,900,0,2,plain,-0.009812895983631555,3.264367816091954
rail507,boltzmann_adaptive,900,0,5,plain,-0.008824653452588772,3.2586206896551726
rail507,boltzmann_adaptive,900,0,5,plain,-0.009780105886344198,3.2528735632183907
rail507,boltzmann_adaptive,900,0,7,plain,-0.008707351090662471,3.2298850574712645
rail507,boltzmann_adaptive,900,0,6,plain,-0.00938905938869163,3.2241379310344827
rail507,boltzmann_adaptive,900,0,6,plain,-0.00978010588634387,3.206896551724138
rail507,boltzmann_adaptive,900,0,8,plain,-0.008185427230993834,3.2011494252873565
rail507,boltzmann_adaptive,900,0,7,plain,-0.008595813571704915,3.1954022988505746
rail507,boltzmann_adaptive,900,0,7,plain,-0.009180367350448828,3.17816091954023
rail507,boltzmann_adaptive,900,0,6,plain,-0.00758307329369362,3.1724137931034484
rail507,boltzmann_adaptive,900,0,5,plain,-0.007859558286395668,3.160919540229885
rail507,boltzmann_adaptive,900,0,9,plain,-0.008174638375781723,3.1551724137931036
rail507,boltzmann_adaptive,900,0,7,plain,-0.007264967900327086,3.1264367816091956
rail507,boltzmann_adaptive,900,1,0,plain,-0.010657662778455276,3.3275862068965516
rail507,boltzmann_adaptive,900,1,2,plain,-0.010657662778455113,3.32183908045977
rail507,boltzmann_adaptive,900,1,1,plain,-0.01019278544262778,3.310344827586207
rail507,boltzmann_adaptive,900,1,3,plain,-0.010634526533698231,3.3045977011494254
rail507,boltzmann_adaptive,900,1,3,plain,-0.010139198942553173,3.264367816091954
rail507,boltzmann_adaptive,900,1,4,plain,-0.010139198942552845,3.2298850574712645
rail507,boltzmann_adaptive,900,1,6,plain,-0.009873247185629975,3.206896551724138
rail507,boltzmann_adaptive,900,1,7,plain,-0.009676617496717166,3.1436781609195403
rail507,boltzmann_adaptive,900,1,8,plain,-0.009676617496717657,3.103448275862069
rail507,boltzmann_adaptive,900,1,9,plain,-0.008944856924775499,3.0919540229885056
rail507,boltzmann_adaptive,900,2,0,plain,-0.010657662778455113,3.3275862068965516
rail507,boltzmann_adaptive,900,2,1,plain,-0.010656925334186704,3.3045977011494254
rail507,boltzmann_adaptive,900,2,2,plain,-0.01022784212947798,3.2873563218390807
rail507,boltzmann_adaptive,900,2,4,plain,-0.010043147254781904,3.264367816091954
rail507,boltzmann_adaptive,900,2,2,plain,-0.010656925334187193,3.2586206896551726
rail507,boltzmann_adaptive,900,2,6,plain,-0.008972280052692495,3.235632183908046
rail507,boltzmann_adaptive,900,2,5,plain,-0.010656925334187193,3.2241379310344827
rail507,boltzmann_adaptive,900,2,7,plain,-0.008123559423989358,3.2011494252873565
rail507,boltzmann_adaptive,900,2,5,plain,-0.009864825012519287,3.189655172413793
rail507,boltzmann_adaptive,900,2,5,plain,-0.008640215307859004,3.1666666666666665
rail507,boltzmann_adaptive,900,2,7,plain,-0.009225311047804188,3.1551724137931036
rail507,boltzmann_adaptive,900,2,6,plain,-0.00833893906312974,3.132183908045977
rail507,boltzmann_adaptive,900,2,7,plain,-0.007759085290313509,3.1206896551724137
rail507,depth_first,10,0,0,plain,-0.010657662778454296,3.3275862068965516
rail507,depth_first,10,0,1,plain,-0.010227842129478306,3.2873563218390807
rail507,depth_first,10,1,0,plain,-0.010657662778455276,3.3275862068965516
rail507,depth_first,10,1,1,plain,-0.01019278544262778,3.310344827586207
rail507,depth_first,10,1,2,plain,-0.009469366292525015,3.3045977011494254
rail507,depth_first,10,2,0,plain,-0.010657662778455113,3.3275862068965516
rail507,depth_first,10,2,1,plain,-0.010656925334186704,3.3045977011494254
rail507,depth_first,300,0,0,plain,-0.010657662778454296,3.3275862068965516
rail507,depth_first,300,0,1,plain,-0.010227842129478306,3.2873563218390807
rail507,depth_first,300,0,2,plain,-0.009812895983631555,3.264367816091954
rail507,depth_first,300,0,3,plain,-0.009391350112628257,3.2528735632183907
rail507,depth_first,300,0,5,plain,-0.00804233329372597,3.218390804597701
rail507,depth_first,300,0,7,plain,-0.00746136730664006,3.2011494252873565
rail507,depth_first,300,0,8,plain,-0.006830508471135668,3.17816091954023
rail507,depth_first,300,0,9,plain,-0.006303043067027869,3.1494252873563218
rail507,depth_first,300,0,10,plain,-0.00552634736444487,3.1436781609195403
rail507,depth_first,300,0,12,plain,-0.003415786284287296,3.0977011494252875
rail507,depth_first,300,0,13,plain,-0.0032505835291815324,3.074712643678161
rail507,depth_first,300,0,14,plain,-0.003201540088262217,3.045977011494253
rail507,depth_first,300,0,15,plain,-0.0030054391590036257,3.0114942528735633
rail507,depth_first,300,0,16,plain,-0.0017025615420385063,2.9942528735632186
rail507,depth_first,300,0,17,plain,-0.0015381365404272696,2.9597701149425286
rail507,depth_first,300,0,19,plain,-0.0007448511393561305,2.9310344827586206
rail507,depth_first,300,0,20,plain,-0.0007448511393561305,2.8620689655172415
rail507,depth_first,300,0,21,plain,1.6574983687768896e-05,2.793103448275862
rail507,depth_first,300,0,22,plain,0.0026733824099186474,2.7586206896551726
rail507,depth_first,300,0,24,plain,0.0033180193976517823,2.7471264367816093
rail507,depth_first,300,0,27,plain,0.003922972976105048,2.718390804597701
rail507,depth_first,300,0,29,plain,0.006748322671243407,2.6839080459770117
rail507,depth_first,300,0,31,plain,0.007208559680156175,2.6494252873563218
rail507,depth_first,300,0,33,plain,0.007736475701821567,2.6149425287356323
rail507,depth_first,300,0,34,plain,0.007898253546285731,2.5689655172413794
rail507,depth_first,300,0,35,plain,0.008271484119755892,2.557471264367816
rail507,depth_first,300,0,37,plain,0.00992890608918171,2.5114942528735633
rail507,depth_first,300,0,38,plain,0.010509031198686333,2.4942528735632186
rail507,depth_first,300,0,39,plain,0.011211890300290468,0.011494252873563218
rail507,depth_first,300,1,0,plain,-0.010657662778455276,3.3275862068965516
rail507,depth_first,300,1,1,plain,-0.01019278544262778,3.310344827586207
rail507,depth_first,300,1,2,plain,-0.009469366292525015,3.3045977011494254
rail507,depth_first,300,1,3,plain,-0.008988539399260635,3.2758620689655173
rail507,depth_first,300,1,4,plain,-0.008782146578221404,3.2586206896551726
rail507,depth_first,300,1,5,plain,-0.00756170916344039,3.2413793103448274
rail507,depth_first,300,1,6,plain,-0.007116338004586407,3.1954022988505746
rail507,depth_first,300,1,8,plain,-0.006797644648763995,3.1494252873563218
rail507,depth_first,300,1,9,plain,-0.006509283155205156,3.1206896551724137
rail507,depth_first,300,1,10,plain,-0.006088234434497247,3.1149425287356323
rail507,depth_first,300,1,11,plain,-0.005804689884607359,3.074712643678161
rail507,depth_first,300,1,12,plain,-0.004958422770793919,3.0402298850574714
rail507,depth_first,300,1,13,plain,-0.004444915072623979,3.028735632183908
rail507,depth_first,300,1,14,plain,-0.0040862508552845025,2.9885057471264367
rail507,depth_first,300,1,17,plain,-0.0012940257253830098,2.954022988505747
rail507,depth_first,300,1,18,plain,-0.0005119934464838759,2.9310344827586206
rail507,depth_first,300,1,20,plain,0.0004257130693915691,2.9022988505747125
rail507,depth_first,300,1,21,plain,0.0012881490289337752,2.8735632183908044
rail507,depth_first,300,1,23,plain,0.001738454616108112,2.8333333333333335
rail507,depth_first,300,1,25,plain,0.004254366323331378,2.8275862068965516
rail507,depth_first,300,1,27,plain,0.005500429435520527,2.7988505747126435
rail507,depth_first,300,1,28,,0.005500429435520527,0.005747126436781609
rail507,depth_first,300,2,0,plain,-0.010657662778455113,3.3275862068965516
rail507,depth_first,300,2,1,plain,-0.010656925334186704,3.3045977011494254
rail507,depth_first,300,2,5,plain,-0.010433104909864873,3.293103448275862
rail507,depth_first,300,2,6,plain,-0.009983207235944975,3.2873563218390807
rail507,depth_first,300,2,8,plain,-0.00847026854542811,3.2528735632183907
rail507,depth_first,300,2,9,plain,-0.008117397472002475,3.218390804597701
rail507,depth_first,300,2,10,plain,-0.007700168843763943,3.1724137931034484
rail507,depth_first,300,2,11,plain,-0.007389953963257212,3.1436781609195403
rail507,depth_first,300,2,12,plain,-0.006975783600659983,3.1264367816091956
rail507,depth_first,300,2,14,plain,-0.0065298357023272245,3.0977011494252875
rail507,depth_first,300,2,16,plain,-0.006051702320755356,3.0919540229885056
rail507,depth_first,300,2,17,plain,-0.005095585478386838,3.045977011494253
rail507,depth_first,300,2,18,plain,-0.00501520058174251,3.0172413793103448
rail507,depth_first,300,2,19,plain,-0.0046149928510889,2.9597701149425286
rail507,depth_first,300,2,20,plain,-0.004367146347198745,2.913793103448276
rail507,depth_first,300,2,21,plain,-0.0039320223962944515,2.8563218390804597
rail507,depth_first,300,2,22,plain,-0.0034001791095148756,2.8333333333333335
rail507,depth_first,300,2,24,plain,-0.002318925930828382,2.8160919540229883
rail507,depth_first,300,2,25,plain,-0.0012811157520545016,2.7701149425287355
rail507,depth_first,300,2,26,plain,-0.0009055865876252062,2.7298850574712645
rail507,depth_first,300,2,27,plain,-0.00013946992631967228,2.689655172413793
rail507,depth_first,300,2,28,plain,0.00036480605804227765,2.6551724137931036
rail507,depth_first,300,2,29,plain,0.0007209996850369326,2.6379310344827585
rail507,depth_first,300,2,32,plain,0.0022683680912192247,2.6206896551724137
rail507,depth_first,300,2,33,plain,0.0028174858765208977,2.574712643678161
rail507,depth_first,300,2,34,plain,0.0031216730724116684,2.5632183908045976
rail507,depth_first,300,2,35,plain,0.0038592824799722186,2.545977011494253
rail507,depth_first,300,2,37,plain,0.004740301968988386,2.4942528735632186
rail507,depth_first,300,2,38,plain,0.004898320070733606,2.4827586206896552
rail507,depth_first,300,2,39,plain,0.004898320070734259,2.4482758620689653
rail507,depth_first,300,2,40,plain,0.004898320070733606,2.3908045977011496
rail507,depth_first,300,2,41,plain,0.0059621923536996805,2.3448275862068964
rail507,depth_first,300,2,42,plain,0.006751149542170338,2.3160919540229883
rail507,depth_first,300,2,43,plain,0.007872161480235193,2.2988505747126435
rail507,depth_first,300,2,44,plain,0.008077654086342615,2.2528735632183907
rail507,depth_first,300,2,46,plain,0.00940881639303648,2.2126436781609193
rail507,depth_first,300,2,48,plain,0.012231063955201781,2.17816091954023
rail507,depth_first,300,2,49,plain,0.01320285803044404,2.1551724137931036
rail507,depth_first,300,2,51,plain,0.013202858030444202,2.1206896551724137
rail507,depth_first,300,2,55,plain,0.016347381864623676,0.017241379310344827
rail507,depth_first,60,0,0,plain,-0.010657662778454296,3.3275862068965516
rail507,depth_first,60,0,1,plain,-0.010227842129478306,3.2873563218390807
rail507,depth_first,60,0,2,plain,-0.009812895983631555,3.264367816091954
rail507,depth_first,60,0,3,plain,-0.009391350112628257,3.2528735632183907
rail507,depth_first,60,0,5,plain,-0.00804233329372597,3.218390804597701
rail507,depth_first,60,0,7,plain,-0.00746136730664006,3.2011494252873565
rail507,depth_first,60,0,8,plain,-0.006830508471135668,3.17816091954023
rail507,depth_first,60,0,9,plain,-0.006303043067027869,3.1494252873563218
rail507,depth_first,60,0,10,plain,-0.00552634736444487,3.1436781609195403
rail507,depth_first,60,0,12,plain,-0.003415786284287296,3.0977011494252875
rail507,depth_first,60,0,13,plain,-0.0032505835291815324,3.074712643678161
rail507,depth_first,60,0,14,plain,-0.003201540088262217,3.045977011494253
rail507,depth_first,60,0,15,plain,-0.0030054391590036257,3.0114942528735633
rail507,depth_first,60,0,16,plain,-0.0017025615420385063,2.9942528735632186
rail507,depth_first,60,0,17,plain,-0.0015381365404272696,2.9597701149425286
rail507,depth_first,60,1,0,plain,-0.010657662778455276,3.3275862068965516
rail507,depth_first,60,1,1,plain,-0.01019278544262778,3.310344827586207
rail507,depth_first,60,1,2,plain,-0.009469366292525015,3.3045977011494254
rail507,depth_first,60,1,3,plain,-0.008988539399260635,3.2758620689655173
rail507,depth_first,60,1,4,plain,-0.008782146578221404,3.2586206896551726
rail507,depth_first,60,1,5,plain,-0.00756170916344039,3.2413793103448274
rail507,depth_first,60,1,6,plain,-0.007116338004586407,3.1954022988505746
rail507,depth_first,60,1,8,plain,-0.006797644648763995,3.1494252873563218
rail507,depth_first,60,1,9,plain,-0.006509283155205156,3.1206896551724137
rail507,depth_first,60,1,10,plain,-0.006088234434497247,3.1149425287356323
rail507,depth_first,60,1,11,plain,-0.005804689884607359,3.074712643678161
rail507,depth_first,60,1,12,plain,-0.004958422770793919,3.0402298850574714
rail507,depth_first,60,1,13,plain,-0.004444915072623979,3.028735632183908
rail507,depth_first,60,1,14,plain,-0.0040862508552845025,2.9885057471264367
rail507,depth_first,60,1,17,plain,-0.0012940257253830098,2.954022988505747
rail507,depth_first,60,1,18,plain,-0.0005119934464838759,2.9310344827586206
rail507,depth_first,60,1,20,plain,0.0004257130693915691,2.9022988505747125
rail507,depth_first,60,2,0,plain,-0.010657662778455113,3.3275862068965516
rail507,depth_first,60,2,1,plain,-0.010656925334186704,3.3045977011494254
rail507,depth_first,60,2,5,plain,-0.010433104909864873,3.293103448275862
rail507,depth_first,60,2,6,plain,-0.009983207235944975,3.2873563218390807
rail507,depth_first,60,2,8,plain,-0.00847026854542811,3.2528735632183907
rail507,depth_first,60,2,9,plain,-0.008117397472002475,3.218390804597701
rail507,depth_first,60,2,10,plain,-0.007700168843763943,3.1724137931034484
rail507,depth_first,60,2,11,plain,-0.007389953963257212,3.1436781609195403
rail507,depth_first,60,2,12,plain,-0.006975783600659983,3.1264367816091956
rail507,depth_first,60,2,14,plain,-0.0065298357023272245,3.0977011494252875
rail507,depth_first,60,2,16,plain,-0.006051702320755356,3.0919540229885056
rail507,depth_first,60,2,17,plain,-0.005095585478386838,3.045977011494253
rail507,depth_first,900,0,0,plain,-0.010657662778454296,3.3275862068965516
rail507,depth_first,900,0,1,plain,-0.010227842129478306,3.2873563218390807
rail507,depth_first,900,0,2,plain,-0.009812895983631555,3.264367816091954
rail507,depth_first,900,0,3,plain,-0.009391350112628257,3.2528735632183907
rail507,depth_first,900,0,5,plain,-0.00804233329372597,3.218390804597701
rail507,depth_first,900,0,7,plain,-0.00746136730664006,3.2011494252873565
rail507,depth_first,900,0,8,plain,-0.006830508471135668,3.17816091954023
rail507,depth_first,900,0,9,plain,-0.006303043067027869,3.1494252873563218
rail507,depth_first,900,0,10,plain,-0.00552634736444487,3.1436781609195403
rail507,depth_first,900,0,12,plain,-0.003415786284287296,3.0977011494252875
rail507,depth_first,900,0,13,plain,-0.0032505835291815324,3.074712643678161
rail507,depth_first,900,0,14,plain,-0.003201540088262217,3.045977011494253
rail507,depth_first,900,0,15,plain,-0.0030054391590036257,3.0114942528735633
rail507,depth_first,900,0,16,plain,-0.0017025615420385063,2.9942528735632186
rail507,depth_first,900,0,17,plain,-0.0015381365404272696,2.9597701149425286
rail507,depth_first,900,0,19,plain,-0.0007448511393561305,2.9310344827586206
rail507,depth_first,900,0,20,plain,-0.0007448511393561305,2.8620689655172415
rail507,depth_first,900,0,21,plain,1.6574983687768896e-05,2.793103448275862
rail507,depth_first,900,0,22,plain,0.0026733824099186474,2.7586206896551726
rail507,depth_first,900,0,24,plain,0.0033180193976517823,2.7471264367816093
rail507,depth_first,900,0,27,plain,0.003922972976105048,2.718390804597701
rail507,depth_first,900,0,29,plain,0.006748322671243407,2.6839080459770117
rail507,depth_first,900,0,31,plain,0.007208559680156175,2.6494252873563218
rail507,depth_first,900,0,33,plain,0.007736475701821567,2.6149425287356323
rail507,depth_first,900,0,34,plain,0.007898253546285731,2.5689655172413794
rail507,depth_first,900,0,35,plain,0.008271484119755892,2.557471264367816
rail507,depth_first,900,0,37,plain,0.00992890608918171,2.5114942528735633
rail507,depth_first,900,0,38,plain,0.010509031198686333,2.4942528735632186
rail507,depth_first,900,0,39,plain,0.011211890300290468,0.011494252873563218
rail507,depth_first,900,1,0,plain,-0.010657662778455276,3.3275862068965516
rail507,depth_first,900,1,1,plain,-0.01019278544262778,3.310344827586207
rail507,depth_first,900,1,2,plain,-0.009469366292525015,3.3045977011494254
rail507,depth_first,900,1,3,plain,-0.008988539399260635,3.2758620689655173
rail507,depth_first,900,1,4,plain,-0.008782146578221404,3.2586206896551726
rail507,depth_first,900,1,5,plain,-0.00756170916344039,3.2413793103448274
rail507,depth_first,900,1,6,plain,-0.007116338004586407,3.1954022988505746
rail507,depth_first,900,1,8,plain,-0.006797644648763995,3.1494252873563218
rail507,depth_first,900,1,9,plain,-0.006509283155205156,3.1206896551724137
rail507,depth_first,900,1,10,plain,-0.006088234434497247,3.1149425287356323
rail507,depth_first,900,1,11,plain,-0.005804689884607359,3.074712643678161
rail507,depth_first,900,1,12,plain,-0.004958422770793919,3.0402298850574714
rail507,depth_first,900,1,13,plain,-0.004444915072623979,3.028735632183908
rail507,depth_first,900,1,14,plain,-0.0040862508552845025,2.9885057471264367
rail507,depth_first,900,1,17,plain,-0.0012940257253830098,2.954022988505747
rail507,depth_first,900,1,18,plain,-0.0005119934464838759,2.9310344827586206
rail507,depth_first,900,1,20,plain,0.0004257130693915691,2.9022988505747125
rail507,depth_first,900,1,21,plain,0.0012881490289337752,2.8735632183908044
rail507,depth_first,900,1,23,plain,0.001738454616108112,2.8333333333333335
rail507,depth_first,900,1,25,plain,0.004254366323331378,2.8275862068965516
rail507,depth_first,900,1,27,plain,0.005500429435520527,2.7988505747126435
rail507,depth_first,900,1,28,,0.005500429435520527,0.005747126436781609
rail507,depth_first,900,2,0,plain,-0.010657662778455113,3.3275862068965516
rail507,depth_first,900,2,1,plain,-0.010656925334186704,3.3045977011494254
rail507,depth_first,900,2,5,plain,-0.010433104909864873,3.293103448275862
rail507,depth_first,900,2,6,plain,-0.009983207235944975,3.2873563218390807
rail507,depth_first,900,2,8,plain,-0.00847026854542811,3.2528735632183907
rail507,depth_first,900,2,9,plain,-0.008117397472002475,3.218390804597701
rail507,depth_first,900,2,10,plain,-0.007700168843763943,3.1724137931034484
rail507,depth_first,900,2,11,plain,-0.007389953963257212,3.1436781609195403
rail507,depth_first,900,2,12,plain,-0.006975783600659983,3.1264367816091956
rail507,depth_first,900,2,14,plain,-0.0065298357023272245,3.0977011494252875
rail507,depth_first,900,2,16,plain,-0.006051702320755356,3.0919540229885056
rail507,depth_first,900,2,17,plain,-0.005095585478386838,3.045977011494253
rail507,depth_first,900,2,18,plain,-0.00501520058174251,3.0172413793103448
rail507,depth_first,900,2,19,plain,-0.0046149928510889,2.9597701149425286
rail507,depth_first,900,2,20,plain,-0.004367146347198745,2.913793103448276
rail507,depth_first,900,2,21,plain,-0.0039320223962944515,2.8563218390804597
rail507,depth_first,900,2,22,plain,-0.0034001791095148756,2.8333333333333335
rail507,depth_first,900,2,24,plain,-0.002318925930828382,2.8160919540229883
rail507,depth_first,900,2,25,plain,-0.0012811157520545016,2.7701149425287355
rail507,depth_first,900,2,26,plain,-0.0009055865876252062,2.7298850574712645
rail507,depth_first,900,2,27,plain,-0.00013946992631967228,2.689655172413793
rail507,depth_first,900,2,28,plain,0.00036480605804227765,2.6551724137931036
rail507,depth_first,900,2,29,plain,0.0007209996850369326,2.6379310344827585
rail507,depth_first,900,2,32,plain,0.0022683680912192247,2.6206896551724137
rail507,depth_first,900,2,33,plain,0.0028174858765208977,2.574712643678161
rail507,depth_first,900,2,34,plain,0.0031216730724116684,2.5632183908045976
rail507,depth_first,900,2,35,plain,0.0038592824799722186,2.545977011494253
rail507,depth_first,900,2,37,plain,0.004740301968988386,2.4942528735632186
rail507,depth_first,900,2,38,plain,0.004898320070733606,2.4827586206896552
rail507,depth_first,900,2,39,plain,0.004898320070734259,2.4482758620689653
rail507,depth_first,900,2,40,plain,0.004898320070733606,2.3908045977011496
rail507,depth_first,900,2,41,plain,0.0059621923536996805,2.3448275862068964
rail507,depth_first,900,2,42,plain,0.006751149542170338,2.3160919540229883
rail507,depth_first,900,2,43,plain,0.007872161480235193,2.2988505747126435
rail507,depth_first,900,2,44,plain,0.008077654086342615,2.2528735632183907
rail507,depth_first,900,2,46,plain,0.00940881639303648,2.2126436781609193
rail507,depth_first,900,2,48,plain,0.012231063955201781,2.17816091954023
rail507,depth_first,900,2,49,plain,0.01320285803044404,2.1551724137931036
rail507,depth_first,900,2,51,plain,0.013202858030444202,2.1206896551724137
rail507,depth_first,900,2,55,plain,0.016347381864623676,0.017241379310344827
rail507,greedy_score,10,0,0,plain,-0.010657662778454296,3.3275862068965516
rail507,greedy_score,10,0,1,plain,-0.010227842129478306,3.2873563218390807
rail507,greedy_score,10,1,0,plain,-0.010657662778455276,3.3275862068965516
rail507,greedy_score,10,1,1,plain,-0.01019278544262778,3.310344827586207
rail507,greedy_score,10,2,0,plain,-0.010657662778455113,3.3275862068965516
rail507,greedy_score,10,2,1,plain,-0.010656925334186704,3.3045977011494254
rail507,greedy_score,300,0,0,plain,-0.010657662778454296,3.3275862068965516
rail507,greedy_score,300,0,1,plain,-0.010227842129478306,3.2873563218390807
rail507,greedy_score,300,0,2,plain,-0.009812895983631555,3.264367816091954
rail507,greedy_score,300,0,3,plain,-0.009391350112628257,3.2528735632183907
rail507,greedy_score,300,0,4,plain,-0.009001868279994725,3.218390804597701
rail507,greedy_score,300,0,5,plain,-0.008262903744322892,3.189655172413793
rail507,greedy_score,300,0,6,plain,-0.008042333293726132,3.1724137931034484
rail507,greedy_score,300,0,6,plain,-0.007331810883832223,3.160919540229885
rail507,greedy_score,300,1,0,plain,-0.010657662778455276,3.3275862068965516
rail507,greedy_score,300,1,1,plain,-0.01019278544262778,3.310344827586207
rail507,greedy_score,300,1,2,plain,-0.009469366292525015,3.3045977011494254
rail507,greedy_score,300,1,3,plain,-0.008988539399260635,3.2758620689655173
rail507,greedy_score,300,1,3,plain,-0.010139198942553173,3.264367816091954
rail507,greedy_score,300,1,4,plain,-0.008782146578221404,3.2586206896551726
rail507,greedy_score,300,1,4,plain,-0.010139198942552845,3.2298850574712645
rail507,greedy_score,300,1,5,plain,-0.00939670979904583,3.218390804597701
rail507,greedy_score,300,1,6,plain,-0.007116338004586407,3.1954022988505746
rail507,greedy_score,300,1,6,plain,-0.009626988140515725,3.189655172413793
rail507,greedy_score,300,2,0,plain,-0.010657662778455113,3.3275862068965516
rail507,greedy_score,300,2,1,plain,-0.010656925334186704,3.3045977011494254
rail507,greedy_score,300,2,2,plain,-0.010656925334187193,3.2586206896551726
rail507,greedy_score,300,2,3,plain,-0.010187275046436574,3.2413793103448274
rail507,greedy_score,300,2,4,plain,-0.009427030998727067,3.1954022988505746
rail507,greedy_score,300,2,5,plain,-0.008640215307859004,3.1666666666666665
rail507,greedy_score,300,2,6,plain,-0.00833893906312974,3.132183908045977
rail507,greedy_score,60,0,0,plain,-0.010657662778454296,3.3275862068965516
rail507,greedy_score,60,0,1,plain,-0.010227842129478306,3.2873563218390807
rail507,greedy_score,60,0,2,plain,-0.009812895983631555,3.264367816091954
rail507,greedy_score,60,0,3,plain,-0.009391350112628257,3.2528735632183907
rail507,greedy_score,60,1,0,plain,-0.010657662778455276,3.3275862068965516
rail507,greedy_score,60,1,1,plain,-0.01019278544262778,3.310344827586207
rail507,greedy_score,60,1,2,plain,-0.009469366292525015,3.3045977011494254
rail507,greedy_score,60,1,3,plain,-0.008988539399260635,3.2758620689655173
rail507,greedy_score,60,1,3,plain,-0.010139198942553173,3.264367816091954
rail507,greedy_score,60,1,4,plain,-0.008782146578221404,3.2586206896551726
rail507,greedy_score,60,2,0,plain,-0.010657662778455113,3.3275862068965516
rail507,greedy_score,60,2,1,plain,-0.010656925334186704,3.3045977011494254
rail507,greedy_score,60,2,2,plain,-0.010656925334187193,3.2586206896551726
rail507,greedy_score,60,2,3,plain,-0.010187275046436574,3.2413793103448274
rail507,greedy_score,900,0,0,plain,-0.010657662778454296,3.3275862068965516
rail507,greedy_score,900,0,1,plain,-0.010227842129478306,3.2873563218390807
rail507,greedy_score,900,0,2,plain,-0.009812895983631555,3.264367816091954
rail507,greedy_score,900,0,3,plain,-0.009391350112628257,3.2528735632183907
rail507,greedy_score,900,0,4,plain,-0.009001868279994725,3.218390804597701
rail507,greedy_score,900,0,5,plain,-0.008262903744322892,3.189655172413793
rail507,greedy_score,900,0,6,plain,-0.008042333293726132,3.1724137931034484
rail507,greedy_score,900,0,6,plain,-0.007331810883832223,3.160919540229885
rail507,greedy_score,900,0,7,plain,-0.007461367306640223,3.1551724137931036
rail507,greedy_score,900,0,7,plain,-0.007762044158534148,3.1264367816091956
rail507,greedy_score,900,1,0,plain,-0.010657662778455276,3.3275862068965516
rail507,greedy_score,900,1,1,plain,-0.01019278544262778,3.310344827586207
rail507,greedy_score,900,1,2,plain,-0.009469366292525015,3.3045977011494254
rail507,greedy_score,900,1,3,plain,-0.008988539399260635,3.2758620689655173
rail507,greedy_score,900,1,3,plain,-0.010139198942553173,3.264367816091954
rail507,greedy_score,900,1,4,plain,-0.008782146578221404,3.2586206896551726
rail507,greedy_score,900,1,4,plain,-0.010139198942552845,3.2298850574712645
rail507,greedy_score,900,1,5,plain,-0.00939670979904583,3.218390804597701
rail507,greedy_score,900,1,6,plain,-0.007116338004586407,3.1954022988505746
rail507,greedy_score,900,1,6,plain,-0.009626988140515725,3.189655172413793
rail507,greedy_score,900,1,7,plain,-0.0071163380045857535,3.1379310344827585
rail507,greedy_score,900,2,0,plain,-0.010657662778455113,3.3275862068965516
rail507,greedy_score,900,2,1,plain,-0.010656925334186704,3.3045977011494254
rail507,greedy_score,900,2,2,plain,-0.010656925334187193,3.2586206896551726
rail507,greedy_score,900,2,3,plain,-0.010187275046436574,3.2413793103448274
rail507,greedy_score,900,2,4,plain,-0.009427030998727067,3.1954022988505746
rail507,greedy_score,900,2,5,plain,-0.008640215307859004,3.1666666666666665
rail507,greedy_score,900,2,6,plain,-0.00833893906312974,3.132183908045977
rail507,greedy_score,900,2,7,plain,-0.006785360890087278,3.0977011494252875
rail507,greedy_score,900,2,7,plain,-0.008387347381865612,3.086206896551724
rail507,hybrid_best_bound_depth,10,0,0,plain,-0.010657662778454296,3.3275862068965516
rail507,hybrid_best_bound_depth,10,0,1,plain,-0.010227842129478306,3.2873563218390807
rail507,hybrid_best_bound_depth,10,0,2,plain,-0.009812895983631555,3.264367816091954
rail507,hybrid_best_bound_depth,10,1,0,plain,-0.010657662778455276,3.3275862068965516
rail507,hybrid_best_bound_depth,10,1,1,plain,-0.01019278544262778,3.310344827586207
rail507,hybrid_best_bound_depth,10,1,2,plain,-0.009469366292525015,3.3045977011494254
rail507,hybrid_best_bound_depth,10,2,0,plain,-0.010657662778455113,3.3275862068965516
rail507,hybrid_best_bound_depth,10,2,1,plain,-0.010656925334186704,3.3045977011494254
rail507,hybrid_best_bound_depth,300,0,0,plain,-0.010657662778454296,3.3275862068965516
rail507,hybrid_best_bound_depth,300,0,1,plain,-0.010227842129478306,3.2873563218390807
rail507,hybrid_best_bound_depth,300,0,2,plain,-0.009812895983631555,3.264367816091954
rail507,hybrid_best_bound_depth,300,0,3,plain,-0.009391350112628257,3.2528735632183907
rail507,hybrid_best_bound_depth,300,0,5,plain,-0.00804233329372597,3.218390804597701
rail507,hybrid_best_bound_depth,300,0,7,plain,-0.00746136730664006,3.2011494252873565
rail507,hybrid_best_bound_depth,300,0,8,plain,-0.006830508471135668,3.17816091954023
rail507,hybrid_best_bound_depth,300,0,9,plain,-0.006303043067027869,3.1494252873563218
rail507,hybrid_best_bound_depth,300,0,10,plain,-0.00552634736444487,3.1436781609195403
rail507,hybrid_best_bound_depth,300,0,12,plain,-0.003415786284287296,3.0977011494252875
rail507,hybrid_best_bound_depth,300,0,13,plain,-0.0032505835291815324,3.074712643678161
rail507,hybrid_best_bound_depth,300,0,14,plain,-0.003201540088262217,3.045977011494253
rail507,hybrid_best_bound_depth,300,0,15,plain,-0.0030054391590036257,3.0114942528735633
rail507,hybrid_best_bound_depth,300,0,16,plain,-0.0017025615420385063,2.9942528735632186
rail507,hybrid_best_bound_depth,300,0,17,plain,-0.0015381365404272696,2.9597701149425286
rail507,hybrid_best_bound_depth,300,0,19,plain,-0.0007448511393561305,2.9310344827586206
rail507,hybrid_best_bound_depth,300,0,20,plain,-0.0007448511393561305,2.8620689655172415
rail507,hybrid_best_bound_depth,300,0,21,plain,1.6574983687768896e-05,2.793103448275862
rail507,hybrid_best_bound_depth,300,0,22,plain,0.0026733824099186474,2.7586206896551726
rail507,hybrid_best_bound_depth,300,0,24,plain,0.0033180193976517823,2.7471264367816093
rail507,hybrid_best_bound_depth,300,0,27,plain,0.003922972976105048,2.718390804597701
rail507,hybrid_best_bound_depth,300,0,29,plain,0.006748322671243407,2.6839080459770117
rail507,hybrid_best_bound_depth,300,0,31,plain,0.007208559680156175,2.6494252873563218
rail507,hybrid_best_bound_depth,300,0,33,plain,0.007736475701821567,2.6149425287356323
rail507,hybrid_best_bound_depth,300,0,34,plain,0.007898253546285731,2.5689655172413794
rail507,hybrid_best_bound_depth,300,0,35,plain,0.008271484119755892,2.557471264367816
rail507,hybrid_best_bound_depth,300,0,37,plain,0.00992890608918171,2.5114942528735633
rail507,hybrid_best_bound_depth,300,0,38,plain,0.010509031198686333,2.4942528735632186
rail507,hybrid_best_bound_depth,300,0,39,plain,0.011211890300290468,0.011494252873563218
rail507,hybrid_best_bound_depth,300,1,0,plain,-0.010657662778455276,3.3275862068965516
rail507,hybrid_best_bound_depth,300,1,1,plain,-0.01019278544262778,3.310344827586207
rail507,hybrid_best_bound_depth,300,1,2,plain,-0.009469366292525015,3.3045977011494254
rail507,hybrid_best_bound_depth,300,1,3,plain,-0.008988539399260635,3.2758620689655173
rail507,hybrid_best_bound_depth,300,1,4,plain,-0.008782146578221404,3.2586206896551726
rail507,hybrid_best_bound_depth,300,1,5,plain,-0.00756170916344039,3.2413793103448274
rail507,hybrid_best_bound_depth,300,1,6,plain,-0.007116338004586407,3.1954022988505746
rail507,hybrid_best_bound_depth,300,1,8,plain,-0.006797644648763995,3.1494252873563218
rail507,hybrid_best_bound_depth,300,1,9,plain,-0.006509283155205156,3.1206896551724137
rail507,hybrid_best_bound_depth,300,1,10,plain,-0.006088234434497247,3.1149425287356323
rail507,hybrid_best_bound_depth,300,1,11,plain,-0.005804689884607359,3.074712643678161
rail507,hybrid_best_bound_depth,300,1,12,plain,-0.004958422770793919,3.0402298850574714
rail507,hybrid_best_bound_depth,300,1,13,plain,-0.004444915072623979,3.028735632183908
rail507,hybrid_best_bound_depth,300,1,14,plain,-0.0040862508552845025,2.9885057471264367
rail507,hybrid_best_bound_depth,300,1,17,plain,-0.0012940257253830098,2.954022988505747
rail507,hybrid_best_bound_depth,300,1,18,plain,-0.0005119934464838759,2.9310344827586206
rail507,hybrid_best_bound_depth,300,1,20,plain,0.0004257130693915691,2.9022988505747125
rail507,hybrid_best_bound_depth,300,1,21,plain,0.0012881490289337752,2.8735632183908044
rail507,hybrid_best_bound_depth,300,1,23,plain,0.001738454616108112,2.8333333333333335
rail507,hybrid_best_bound_depth,300,1,25,plain,0.004254366323331378,2.8275862068965516
rail507,hybrid_best_bound_depth,300,1,27,plain,0.005500429435520527,2.7988505747126435
rail507,hybrid_best_bound_depth,300,1,28,,0.005500429435520527,0.005747126436781609
rail507,hybrid_best_bound_depth,300,2,0,plain,-0.010657662778455113,3.3275862068965516
rail507,hybrid_best_bound_depth,300,2,1,plain,-0.010656925334186704,3.3045977011494254
rail507,hybrid_best_bound_depth,300,2,5,plain,-0.010433104909864873,3.293103448275862
rail507,hybrid_best_bound_depth,300,2,6,plain,-0.009983207235944975,3.2873563218390807
rail507,hybrid_best_bound_depth,300,2,8,plain,-0.00847026854542811,3.2528735632183907
rail507,hybrid_best_bound_depth,300,2,9,plain,-0.008117397472002475,3.218390804597701
rail507,hybrid_best_bound_depth,300,2,10,plain,-0.007700168843763943,3.1724137931034484
rail507,hybrid_best_bound_depth,300,2,11,plain,-0.007389953963257212,3.1436781609195403
rail507,hybrid_best_bound_depth,300,2,12,plain,-0.006975783600659983,3.1264367816091956
rail507,hybrid_best_bound_depth,300,2,14,plain,-0.0065298357023272245,3.0977011494252875
rail507,hybrid_best_bound_depth,300,2,16,plain,-0.006051702320755356,3.0919540229885056
rail507,hybrid_best_bound_depth,300,2,17,plain,-0.005095585478386838,3.045977011494253
rail507,hybrid_best_bound_depth,300,2,18,plain,-0.00501520058174251,3.0172413793103448
rail507,hybrid_best_bound_depth,300,2,19,plain,-0.0046149928510889,2.9597701149425286
rail507,hybrid_best_bound_depth,300,2,20,plain,-0.004367146347198745,2.913793103448276
rail507,hybrid_best_bound_depth,300,2,21,plain,-0.0039320223962944515,2.8563218390804597
rail507,hybrid_best_bound_depth,300,2,22,plain,-0.0034001791095148756,2.8333333333333335
rail507,hybrid_best_bound_depth,300,2,24,plain,-0.002318925930828382,2.8160919540229883
rail507,hybrid_best_bound_depth,300,2,25,plain,-0.0012811157520545016,2.7701149425287355
rail507,hybrid_best_bound_depth,300,2,26,plain,-0.0009055865876252062,2.7298850574712645
rail507,hybrid_best_bound_depth,300,2,27,plain,-0.00013946992631967228,2.689655172413793
rail507,hybrid_best_bound_depth,300,2,28,plain,0.00036480605804227765,2.6551724137931036
rail507,hybrid_best_bound_depth,300,2,29,plain,0.0007209996850369326,2.6379310344827585
rail507,hybrid_best_bound_depth,300,2,32,plain,0.0022683680912192247,2.6206896551724137
rail507,hybrid_best_bound_depth,300,2,33,plain,0.0028174858765208977,2.574712643678161
rail507,hybrid_best_bound_depth,300,2,34,plain,0.0031216730724116684,2.5632183908045976
rail507,hybrid_best_bound_depth,300,2,35,plain,0.0038592824799722186,2.545977011494253
rail507,hybrid_best_bound_depth,300,2,37,plain,0.004740301968988386,2.4942528735632186
rail507,hybrid_best_bound_depth,300,2,38,plain,0.004898320070733606,2.4827586206896552
rail507,hybrid_best_bound_depth,300,2,39,plain,0.004898320070734259,2.4482758620689653
rail507,hybrid_best_bound_depth,300,2,40,plain,0.004898320070733606,2.3908045977011496
rail507,hybrid_best_bound_depth,300,2,41,plain,0.0059621923536996805,2.3448275862068964
rail507,hybrid_best_bound_depth,300,2,42,plain,0.006751149542170338,2.3160919540229883
rail507,hybrid_best_bound_depth,300,2,43,plain,0.007872161480235193,2.2988505747126435
rail507,hybrid_best_bound_depth,300,2,44,plain,0.008077654086342615,2.2528735632183907
rail507,hybrid_best_bound_depth,300,2,46,plain,0.00940881639303648,2.2126436781609193
rail507,hybrid_best_bound_depth,300,2,48,plain,0.012231063955201781,2.17816091954023
rail507,hybrid_best_bound_depth,300,2,49,plain,0.01320285803044404,2.1551724137931036
rail507,hybrid_best_bound_depth,300,2,50,plain,0.013202858030444202,2.1264367816091956
rail507,hybrid_best_bound_depth,300,2,51,plain,0.013202858030444202,2.1206896551724137
rail507,hybrid_best_bound_depth,300,2,55,plain,0.016347381864623676,0.017241379310344827
rail507,hybrid_best_bound_depth,60,0,0,plain,-0.010657662778454296,3.3275862068965516
rail507,hybrid_best_bound_depth,60,0,1,plain,-0.010227842129478306,3.2873563218390807
rail507,hybrid_best_bound_depth,60,0,2,plain,-0.009812895983631555,3.264367816091954
rail507,hybrid_best_bound_depth,60,0,3,plain,-0.009391350112628257,3.2528735632183907
rail507,hybrid_best_bound_depth,60,0,5,plain,-0.00804233329372597,3.218390804597701
rail507,hybrid_best_bound_depth,60,0,7,plain,-0.00746136730664006,3.2011494252873565
rail507,hybrid_best_bound_depth,60,0,8,plain,-0.006830508471135668,3.17816091954023
rail507,hybrid_best_bound_depth,60,0,9,plain,-0.006303043067027869,3.1494252873563218
rail507,hybrid_best_bound_depth,60,0,10,plain,-0.00552634736444487,3.1436781609195403
rail507,hybrid_best_bound_depth,60,0,12,plain,-0.003415786284287296,3.0977011494252875
rail507,hybrid_best_bound_depth,60,0,13,plain,-0.0032505835291815324,3.074712643678161
rail507,hybrid_best_bound_depth,60,0,14,plain,-0.003201540088262217,3.045977011494253
rail507,hybrid_best_bound_depth,60,0,15,plain,-0.0030054391590036257,3.0114942528735633
rail507,hybrid_best_bound_depth,60,0,16,plain,-0.0017025615420385063,2.9942528735632186
rail507,hybrid_best_bound_depth,60,0,17,plain,-0.0015381365404272696,2.9597701149425286
rail507,hybrid_best_bound_depth,60,1,0,plain,-0.010657662778455276,3.3275862068965516
rail507,hybrid_best_bound_depth,60,1,1,plain,-0.01019278544262778,3.310344827586207
rail507,hybrid_best_bound_depth,60,1,2,plain,-0.009469366292525015,3.3045977011494254
rail507,hybrid_best_bound_depth,60,1,3,plain,-0.008988539399260635,3.2758620689655173
rail507,hybrid_best_bound_depth,60,1,4,plain,-0.008782146578221404,3.2586206896551726
rail507,hybrid_best_bound_depth,60,1,5,plain,-0.00756170916344039,3.2413793103448274
rail507,hybrid_best_bound_depth,60,1,6,plain,-0.007116338004586407,3.1954022988505746
rail507,hybrid_best_bound_depth,60,1,8,plain,-0.006797644648763995,3.1494252873563218
rail507,hybrid_best_bound_depth,60,1,9,plain,-0.006509283155205156,3.1206896551724137
rail507,hybrid_best_bound_depth,60,1,10,plain,-0.006088234434497247,3.1149425287356323
rail507,hybrid_best_bound_depth,60,1,11,plain,-0.005804689884607359,3.074712643678161
rail507,hybrid_best_bound_depth,60,1,12,plain,-0.004958422770793919,3.0402298850574714
rail507,hybrid_best_bound_depth,60,1,13,plain,-0.004444915072623979,3.028735632183908
rail507,hybrid_best_bound_depth,60,1,14,plain,-0.0040862508552845025,2.9885057471264367
rail507,hybrid_best_bound_depth,60,1,17,plain,-0.0012940257253830098,2.954022988505747
rail507,hybrid_best_bound_depth,60,1,18,plain,-0.0005119934464838759,2.9310344827586206
rail507,hybrid_best_bound_depth,60,1,20,plain,0.0004257130693915691,2.9022988505747125
rail507,hybrid_best_bound_depth,60,2,0,plain,-0.010657662778455113,3.3275862068965516
rail507,hybrid_best_bound_depth,60,2,1,plain,-0.010656925334186704,3.3045977011494254
rail507,hybrid_best_bound_depth,60,2,5,plain,-0.010433104909864873,3.293103448275862
rail507,hybrid_best_bound_depth,60,2,6,plain,-0.009983207235944975,3.2873563218390807
rail507,hybrid_best_bound_depth,60,2,8,plain,-0.00847026854542811,3.2528735632183907
rail507,hybrid_best_bound_depth,60,2,9,plain,-0.008117397472002475,3.218390804597701
rail507,hybrid_best_bound_depth,60,2,10,plain,-0.007700168843763943,3.1724137931034484
rail507,hybrid_best_bound_depth,60,2,11,plain,-0.007389953963257212,3.1436781609195403
rail507,hybrid_best_bound_depth,60,2,12,plain,-0.006975783600659983,3.1264367816091956
rail507,hybrid_best_bound_depth,60,2,14,plain,-0.0065298357023272245,3.0977011494252875
rail507,hybrid_best_bound_depth,60,2,16,plain,-0.006051702320755356,3.0919540229885056
rail507,hybrid_best_bound_depth,60,2,17,plain,-0.005095585478386838,3.045977011494253
rail507,hybrid_best_bound_depth,900,0,0,plain,-0.010657662778454296,3.3275862068965516
rail507,hybrid_best_bound_depth,900,0,1,plain,-0.010227842129478306,3.2873563218390807
rail507,hybrid_best_bound_depth,900,0,2,plain,-0.009812895983631555,3.264367816091954
rail507,hybrid_best_bound_depth,900,0,3,plain,-0.009391350112628257,3.2528735632183907
rail507,hybrid_best_bound_depth,900,0,5,plain,-0.00804233329372597,3.218390804597701
rail507,hybrid_best_bound_depth,900,0,7,plain,-0.00746136730664006,3.2011494252873565
rail507,hybrid_best_bound_depth,900,0,8,plain,-0.006830508471135668,3.17816091954023
rail507,hybrid_best_bound_depth,900,0,9,plain,-0.006303043067027869,3.1494252873563218
rail507,hybrid_best_bound_depth,900,0,10,plain,-0.00552634736444487,3.1436781609195403
rail507,hybrid_best_bound_depth,900,0,12,plain,-0.003415786284287296,3.0977011494252875
rail507,hybrid_best_bound_depth,900,0,13,plain,-0.0032505835291815324,3.074712643678161
rail507,hybrid_best_bound_depth,900,0,14,plain,-0.003201540088262217,3.045977011494253
rail507,hybrid_best_bound_depth,900,0,15,plain,-0.0030054391590036257,3.0114942528735633
rail507,hybrid_best_bound_depth,900,0,16,plain,-0.0017025615420385063,2.9942528735632186
rail507,hybrid_best_bound_depth,900,0,17,plain,-0.0015381365404272696,2.9597701149425286
rail507,hybrid_best_bound_depth,900,0,19,plain,-0.0007448511393561305,2.9310344827586206
rail507,hybrid_best_bound_depth,900,0,20,plain,-0.0007448511393561305,2.8620689655172415
rail507,hybrid_best_bound_depth,900,0,21,plain,1.6574983687768896e-05,2.793103448275862
rail507,hybrid_best_bound_depth,900,0,22,plain,0.0026733824099186474,2.7586206896551726
rail507,hybrid_best_bound_depth,900,0,24,plain,0.0033180193976517823,2.7471264367816093
rail507,hybrid_best_bound_depth,900,0,27,plain,0.003922972976105048,2.718390804597701
rail507,hybrid_best_bound_depth,900,0,29,plain,0.006748322671243407,2.6839080459770117
rail507,hybrid_best_bound_depth,900,0,31,plain,0.007208559680156175,2.6494252873563218
rail507,hybrid_best_bound_depth,900,0,33,plain,0.007736475701821567,2.6149425287356323
rail507,hybrid_best_bound_depth,900,0,34,plain,0.007898253546285731,2.5689655172413794
rail507,hybrid_best_bound_depth,900,0,35,plain,0.008271484119755892,2.557471264367816
rail507,hybrid_best_bound_depth,900,0,37,plain,0.00992890608918171,2.5114942528735633
rail507,hybrid_best_bound_depth,900,0,38,plain,0.010509031198686333,2.4942528735632186
rail507,hybrid_best_bound_depth,900,0,39,plain,0.011211890300290468,0.011494252873563218
rail507,hybrid_best_bound_depth,900,1,0,plain,-0.010657662778455276,3.3275862068965516
rail507,hybrid_best_bound_depth,900,1,1,plain,-0.01019278544262778,3.310344827586207
rail507,hybrid_best_bound_depth,900,1,2,plain,-0.009469366292525015,3.3045977011494254
rail507,hybrid_best_bound_depth,900,1,3,plain,-0.008988539399260635,3.2758620689655173
rail507,hybrid_best_bound_depth,900,1,4,plain,-0.008782146578221404,3.2586206896551726
rail507,hybrid_best_bound_depth,900,1,5,plain,-0.00756170916344039,3.2413793103448274
rail507,hybrid_best_bound_depth,900,1,6,plain,-0.007116338004586407,3.1954022988505746
rail507,hybrid_best_bound_depth,900,1,8,plain,-0.006797644648763995,3.1494252873563218
rail507,hybrid_best_bound_depth,900,1,9,plain,-0.006509283155205156,3.1206896551724137
rail507,hybrid_best_bound_depth,900,1,10,plain,-0.006088234434497247,3.1149425287356323
rail507,hybrid_best_bound_depth,900,1,11,plain,-0.005804689884607359,3.074712643678161
rail507,hybrid_best_bound_depth,900,1,12,plain,-0.004958422770793919,3.0402298850574714
rail507,hybrid_best_bound_depth,900,1,13,plain,-0.004444915072623979,3.028735632183908
rail507,hybrid_best_bound_depth,900,1,14,plain,-0.0040862508552845025,2.9885057471264367
rail507,hybrid_best_bound_depth,900,1,17,plain,-0.0012940257253830098,2.954022988505747
rail507,hybrid_best_bound_depth,900,1,18,plain,-0.0005119934464838759,2.9310344827586206
rail507,hybrid_best_bound_depth,900,1,20,plain,0.0004257130693915691,2.9022988505747125
rail507,hybrid_best_bound_depth,900,1,21,plain,0.0012881490289337752,2.8735632183908044
rail507,hybrid_best_bound_depth,900,1,23,plain,0.001738454616108112,2.8333333333333335
rail507,hybrid_best_bound_depth,900,1,25,plain,0.004254366323331378,2.8275862068965516
rail507,hybrid_best_bound_depth,900,1,27,plain,0.005500429435520527,2.7988505747126435
rail507,hybrid_best_bound_depth,900,1,28,,0.005500429435520527,0.005747126436781609
rail507,hybrid_best_bound_depth,900,2,0,plain,-0.010657662778455113,3.3275862068965516
rail507,hybrid_best_bound_depth,900,2,1,plain,-0.010656925334186704,3.3045977011494254
rail507,hybrid_best_bound_depth,900,2,5,plain,-0.010433104909864873,3.293103448275862
rail507,hybrid_best_bound_depth,900,2,6,plain,-0.009983207235944975,3.2873563218390807
rail507,hybrid_best_bound_depth,900,2,8,plain,-0.00847026854542811,3.2528735632183907
rail507,hybrid_best_bound_depth,900,2,9,plain,-0.008117397472002475,3.218390804597701
rail507,hybrid_best_bound_depth,900,2,10,plain,-0.007700168843763943,3.1724137931034484
rail507,hybrid_best_bound_depth,900,2,11,plain,-0.007389953963257212,3.1436781609195403
rail507,hybrid_best_bound_depth,900,2,12,plain,-0.006975783600659983,3.1264367816091956
rail507,hybrid_best_bound_depth,900,2,14,plain,-0.0065298357023272245,3.0977011494252875
rail507,hybrid_best_bound_depth,900,2,16,plain,-0.006051702320755356,3.0919540229885056
rail507,hybrid_best_bound_depth,900,2,17,plain,-0.005095585478386838,3.045977011494253
rail507,hybrid_best_bound_depth,900,2,18,plain,-0.00501520058174251,3.0172413793103448
rail507,hybrid_best_bound_depth,900,2,19,plain,-0.0046149928510889,2.9597701149425286
rail507,hybrid_best_bound_depth,900,2,20,plain,-0.004367146347198745,2.913793103448276
rail507,hybrid_best_bound_depth,900,2,21,plain,-0.0039320223962944515,2.8563218390804597
rail507,hybrid_best_bound_depth,900,2,22,plain,-0.0034001791095148756,2.8333333333333335
rail507,hybrid_best_bound_depth,900,2,24,plain,-0.002318925930828382,2.8160919540229883
rail507,hybrid_best_bound_depth,900,2,25,plain,-0.0012811157520545016,2.7701149425287355
rail507,hybrid_best_bound_depth,900,2,26,plain,-0.0009055865876252062,2.7298850574712645
rail507,hybrid_best_bound_depth,900,2,27,plain,-0.00013946992631967228,2.689655172413793
rail507,hybrid_best_bound_depth,900,2,28,plain,0.00036480605804227765,2.6551724137931036
rail507,hybrid_best_bound_depth,900,2,29,plain,0.0007209996850369326,2.6379310344827585
rail507,hybrid_best_bound_depth,900,2,32,plain,0.0022683680912192247,2.6206896551724137
rail507,hybrid_best_bound_depth,900,2,33,plain,0.0028174858765208977,2.574712643678161
rail507,hybrid_best_bound_depth,900,2,34,plain,0.0031216730724116684,2.5632183908045976
rail507,hybrid_best_bound_depth,900,2,35,plain,0.0038592824799722186,2.545977011494253
rail507,hybrid_best_bound_depth,900,2,37,plain,0.004740301968988386,2.4942528735632186
rail507,hybrid_best_bound_depth,900,2,38,plain,0.004898320070733606,2.4827586206896552
rail507,hybrid_best_bound_depth,900,2,39,plain,0.004898320070734259,2.4482758620689653
rail507,hybrid_best_bound_depth,900,2,40,plain,0.004898320070733606,2.3908045977011496
rail507,hybrid_best_bound_depth,900,2,41,plain,0.0059621923536996805,2.3448275862068964
rail507,hybrid_best_bound_depth,900,2,42,plain,0.006751149542170338,2.3160919540229883
rail507,hybrid_best_bound_depth,900,2,43,plain,0.007872161480235193,2.2988505747126435
rail507,hybrid_best_bound_depth,900,2,44,plain,0.008077654086342615,2.2528735632183907
rail507,hybrid_best_bound_depth,900,2,46,plain,0.00940881639303648,2.2126436781609193
rail507,hybrid_best_bound_depth,900,2,48,plain,0.012231063955201781,2.17816091954023
rail507,hybrid_best_bound_depth,900,2,49,plain,0.01320285803044404,2.1551724137931036
rail507,hybrid_best_bound_depth,900,2,50,plain,0.013202858030444202,2.1264367816091956
rail507,hybrid_best_bound_depth,900,2,51,plain,0.013202858030444202,2.1206896551724137
rail507,hybrid_best_bound_depth,900,2,55,plain,0.016347381864623676,0.017241379310344827
rail507,learned_portfolio,10,0,0,plain,-0.010657662778454296,3.3275862068965516
rail507,learned_portfolio,10,0,1,plain,-0.010227842129478306,3.2873563218390807
rail507,learned_portfolio,10,0,2,plain,-0.009812895983631555,3.264367816091954
rail507,learned_portfolio,10,1,0,plain,-0.010657662778455276,3.3275862068965516
rail507,learned_portfolio,10,1,1,plain,-0.01019278544262778,3.310344827586207
rail507,learned_portfolio,10,1,2,plain,-0.009469366292525015,3.3045977011494254
rail507,learned_portfolio,10,2,0,plain,-0.010657662778455113,3.3275862068965516
rail507,learned_portfolio,10,2,1,plain,-0.010656925334186704,3.3045977011494254
rail507,learned_portfolio,300,0,0,plain,-0.010657662778454296,3.3275862068965516
rail507,learned_portfolio,300,0,1,plain,-0.010227842129478306,3.2873563218390807
rail507,learned_portfolio,300,0,2,plain,-0.009812895983631555,3.264367816091954
rail507,learned_portfolio,300,0,5,plain,-0.009581392280739237,3.2413793103448274
rail507,learned_portfolio,300,0,6,plain,-0.009504210996763194,3.2298850574712645
rail507,learned_portfolio,300,0,7,plain,-0.008554284151003998,3.1954022988505746
rail507,learned_portfolio,300,0,8,plain,-0.007311736960494092,3.189655172413793
rail507,learned_portfolio,300,0,8,plain,-0.00806773523358052,3.1839080459770117
rail507,learned_portfolio,300,0,10,plain,-0.007737544250437819,3.17816091954023
rail507,learned_portfolio,300,0,11,plain,-0.006681732678218778,3.1436781609195403
rail507,learned_portfolio,300,1,0,plain,-0.010657662778455276,3.3275862068965516
rail507,learned_portfolio,300,1,1,plain,-0.01019278544262778,3.310344827586207
rail507,learned_portfolio,300,1,2,plain,-0.009469366292525015,3.3045977011494254
rail507,learned_portfolio,300,1,3,plain,-0.008988539399260635,3.2758620689655173
rail507,learned_portfolio,300,1,5,plain,-0.008293630095671009,3.2413793103448274
rail507,learned_portfolio,300,1,6,plain,-0.008190803184106862,3.2011494252873565
rail507,learned_portfolio,300,1,7,plain,-0.008190803184106699,3.1551724137931036
rail507,learned_portfolio,300,2,0,plain,-0.010657662778455113,3.3275862068965516
rail507,learned_portfolio,300,2,1,plain,-0.010656925334186704,3.3045977011494254
rail507,learned_portfolio,300,2,2,plain,-0.01022784212947798,3.2873563218390807
rail507,learned_portfolio,300,2,3,plain,-0.010192535562065418,3.2701149425287355
rail507,learned_portfolio,300,2,2,plain,-0.010656925334187193,3.2586206896551726
rail507,learned_portfolio,300,2,6,plain,-0.008972280052692495,3.235632183908046
rail507,learned_portfolio,300,2,7,plain,-0.009813725645243325,3.1954022988505746
rail507,learned_portfolio,300,2,8,plain,-0.008071715453964423,3.160919540229885
rail507,learned_portfolio,300,2,9,plain,-0.006836850044155019,3.1264367816091956
rail507,learned_portfolio,300,2,11,plain,-0.005414080064562458,3.1206896551724137
rail507,learned_portfolio,300,2,10,plain,-0.0066031836977934605,3.1091954022988504
rail507,learned_portfolio,300,2,12,plain,-0.004539208356199009,3.0977011494252875
rail507,learned_portfolio,300,2,13,plain,-0.00398959109632731,3.0402298850574714
rail507,learned_portfolio,60,0,0,plain,-0.010657662778454296,3.3275862068965516
rail507,learned_portfolio,60,0,1,plain,-0.010227842129478306,3.2873563218390807
rail507,learned_portfolio,60,0,2,plain,-0.009812895983631555,3.264367816091954
rail507,learned_portfolio,60,0,5,plain,-0.009581392280739237,3.2413793103448274
rail507,learned_portfolio,60,1,0,plain,-0.010657662778455276,3.3275862068965516
rail507,learned_portfolio,60,1,1,plain,-0.01019278544262778,3.310344827586207
rail507,learned_portfolio,60,1,2,plain,-0.009469366292525015,3.3045977011494254
rail507,learned_portfolio,60,1,3,plain,-0.008988539399260635,3.2758620689655173
rail507,learned_portfolio,60,1,5,plain,-0.008293630095671009,3.2413793103448274
rail507,learned_portfolio,60,2,0,plain,-0.010657662778455113,3.3275862068965516
rail507,learned_portfolio,60,2,1,plain,-0.010656925334186704,3.3045977011494254
rail507,learned_portfolio,60,2,2,plain,-0.01022784212947798,3.2873563218390807
rail507,learned_portfolio,60,2,3,plain,-0.010192535562065418,3.2701149425287355
rail507,learned_portfolio,60,2,2,plain,-0.010656925334187193,3.2586206896551726
rail507,learned_portfolio,60,2,6,plain,-0.008972280052692495,3.235632183908046
rail507,learned_portfolio,900,0,0,plain,-0.010657662778454296,3.3275862068965516
rail507,learned_portfolio,900,0,1,plain,-0.010227842129478306,3.2873563218390807
rail507,learned_portfolio,900,0,2,plain,-0.009812895983631555,3.264367816091954
rail507,learned_portfolio,900,0,5,plain,-0.009581392280739237,3.2413793103448274
rail507,learned_portfolio,900,0,6,plain,-0.009504210996763194,3.2298850574712645
rail507,learned_portfolio,900,0,7,plain,-0.008554284151003998,3.1954022988505746
rail507,learned_portfolio,900,0,8,plain,-0.007311736960494092,3.189655172413793
rail507,learned_portfolio,900,0,8,plain,-0.00806773523358052,3.1839080459770117
rail507,learned_portfolio,900,0,10,plain,-0.007737544250437819,3.17816091954023
rail507,learned_portfolio,900,0,11,plain,-0.006681732678218778,3.1436781609195403
rail507,learned_portfolio,900,0,12,plain,-0.006256342901792124,3.1149425287356323
rail507,learned_portfolio,900,0,13,plain,-0.0075562991453932745,3.086206896551724
rail507,learned_portfolio,900,0,12,plain,-0.00509188849919505,3.0632183908045976
rail507,learned_portfolio,900,0,13,plain,-0.004628801369103359,3.028735632183908
rail507,learned_portfolio,900,0,14,plain,-0.0035140634176643835,2.9942528735632186
rail507,learned_portfolio,900,1,0,plain,-0.010657662778455276,3.3275862068965516
rail507,learned_portfolio,900,1,1,plain,-0.01019278544262778,3.310344827586207
rail507,learned_portfolio,900,1,2,plain,-0.009469366292525015,3.3045977011494254
rail507,learned_portfolio,900,1,3,plain,-0.008988539399260635,3.2758620689655173
rail507,learned_portfolio,900,1,5,plain,-0.008293630095671009,3.2413793103448274
rail507,learned_portfolio,900,1,6,plain,-0.008190803184106862,3.2011494252873565
rail507,learned_portfolio,900,1,7,plain,-0.008190803184106699,3.1551724137931036
rail507,learned_portfolio,900,1,11,plain,-0.00499035161345806,3.1149425287356323
rail507,learned_portfolio,900,2,0,plain,-0.010657662778455113,3.3275862068965516
rail507,learned_portfolio,900,2,1,plain,-0.010656925334186704,3.3045977011494254
rail507,learned_portfolio,900,2,2,plain,-0.01022784212947798,3.2873563218390807
rail507,learned_portfolio,900,2,3,plain,-0.010192535562065418,3.2701149425287355
rail507,learned_portfolio,900,2,2,plain,-0.010656925334187193,3.2586206896551726
rail507,learned_portfolio,900,2,6,plain,-0.008972280052692495,3.235632183908046
rail507,learned_portfolio,900,2,7,plain,-0.009813725645243325,3.1954022988505746
rail507,learned_portfolio,900,2,8,plain,-0.008071715453964423,3.160919540229885
rail507,learned_portfolio,900,2,9,plain,-0.006836850044155019,3.1264367816091956
rail507,learned_portfolio,900,2,11,plain,-0.005414080064562458,3.1206896551724137
rail507,learned_portfolio,900,2,10,plain,-0.0066031836977934605,3.1091954022988504
rail507,learned_portfolio,900,2,12,plain,-0.004539208356199009,3.0977011494252875
rail507,learned_portfolio,900,2,13,plain,-0.00398959109632731,3.0402298850574714
rail507,learned_portfolio,900,2,14,plain,-0.003285704308599511,3.0057471264367814
rail507,learned_portfolio,900,2,15,plain,-0.002633615795752508,2.9770114942528734
rail507,learned_portfolio,900,2,16,plain,-0.0018206989622602178,2.942528735632184
rail507,learned_portfolio,900,2,17,plain,-0.0010130597929433854,2.896551724137931
rail507,learned_portfolio,900,2,20,plain,-0.0010130597929435487,2.8735632183908044
rail507,learned_portfolio,900,2,21,plain,-0.00033739913467062334,2.8505747126436782
rail507,learned_portfolio,900,2,20,plain,0.0004514289705286564,2.8448275862068964
rail507,learned_portfolio,900,2,21,plain,0.0007406852320797101,2.810344827586207
rail507,random_uniform,10,0,0,plain,-0.010657662778454296,3.3275862068965516
rail507,random_uniform,10,0,1,plain,-0.010227842129478306,3.2873563218390807
rail507,random_uniform,10,1,0,plain,-0.010657662778455276,3.3275862068965516
rail507,random_uniform,10,2,0,plain,-0.010657662778455113,3.3275862068965516
rail507,random_uniform,300,0,0,plain,-0.010657662778454296,3.3275862068965516
rail507,random_uniform,300,0,1,plain,-0.010227842129478306,3.2873563218390807
rail507,random_uniform,300,0,4,plain,-0.010046736166165094,3.264367816091954
rail507,random_uniform,300,0,9,plain,-0.009837436142216292,3.2586206896551726
rail507,random_uniform,300,0,10,plain,-0.009837436142215966,3.2126436781609193
rail507,random_uniform,300,0,5,plain,-0.010045650325105729,3.206896551724138
rail507,random_uniform,300,0,11,plain,-0.00961873455577691,3.160919540229885
rail507,random_uniform,300,1,0,plain,-0.010657662778455276,3.3275862068965516
rail507,random_uniform,300,1,1,plain,-0.01019278544262778,3.310344827586207
rail507,random_uniform,300,1,2,plain,-0.009469366292525015,3.3045977011494254
rail507,random_uniform,300,1,3,plain,-0.010139198942553173,3.264367816091954
rail507,random_uniform,300,1,4,plain,-0.010139198942552682,3.2298850574712645
rail507,random_uniform,300,1,5,plain,-0.00939670979904583,3.218390804597701
rail507,random_uniform,300,1,6,plain,-0.009322139675520112,3.206896551724138
rail507,random_uniform,300,1,7,plain,-0.00921429384497832,3.1839080459770117
rail507,random_uniform,300,1,8,plain,-0.009587870759107133,3.1666666666666665
rail507,random_uniform,300,1,9,plain,-0.009180285176411097,3.1206896551724137
rail507,random_uniform,300,2,0,plain,-0.010657662778455113,3.3275862068965516
rail507,random_uniform,300,2,1,plain,-0.010656925334186704,3.3045977011494254
rail507,random_uniform,300,2,2,plain,-0.01022784212947798,3.2873563218390807
rail507,random_uniform,300,2,3,plain,-0.010192535562065418,3.2701149425287355
rail507,random_uniform,300,2,4,plain,-0.009853139036052469,3.2241379310344827
rail507,random_uniform,300,2,6,plain,-0.00916496252052384,3.218390804597701
rail507,random_uniform,300,2,7,plain,-0.008878722409743214,3.17816091954023
rail507,random_uniform,300,2,9,plain,-0.008535841609968472,3.160919540229885
rail507,random_uniform,300,2,10,plain,-0.007954896873091349,3.1149425287356323
rail507,random_uniform,300,2,11,plain,-0.00684433532342612,3.0804597701149423
rail507,random_uniform,300,2,11,plain,-0.007053404041993412,3.074712643678161
rail507,random_uniform,300,2,13,plain,-0.00607216297347247,3.0114942528735633
rail507,random_uniform,60,0,0,plain,-0.010657662778454296,3.3275862068965516
rail507,random_uniform,60,0,1,plain,-0.010227842129478306,3.2873563218390807
rail507,random_uniform,60,0,4,plain,-0.010046736166165094,3.264367816091954
rail507,random_uniform,60,1,0,plain,-0.010657662778455276,3.3275862068965516
rail507,random_uniform,60,1,1,plain,-0.01019278544262778,3.310344827586207
rail507,random_uniform,60,1,2,plain,-0.009469366292525015,3.3045977011494254
rail507,random_uniform,60,1,3,plain,-0.010139198942553173,3.264367816091954
rail507,random_uniform,60,1,4,plain,-0.010139198942552682,3.2298850574712645
rail507,random_uniform,60,2,0,plain,-0.010657662778455113,3.3275862068965516
rail507,random_uniform,60,2,1,plain,-0.010656925334186704,3.3045977011494254
rail507,random_uniform,60,2,2,plain,-0.01022784212947798,3.2873563218390807
rail507,random_uniform,60,2,3,plain,-0.010192535562065418,3.2701149425287355
rail507,random_uniform,60,2,4,plain,-0.009853139036052469,3.2241379310344827
rail507,random_uniform,60,2,6,plain,-0.00916496252052384,3.218390804597701
rail507,random_uniform,60,2,7,plain,-0.008878722409743214,3.17816091954023
rail507,random_uniform,900,0,0,plain,-0.010657662778454296,3.3275862068965516
rail507,random_uniform,900,0,1,plain,-0.010227842129478306,3.2873563218390807
rail507,random_uniform,900,0,4,plain,-0.010046736166165094,3.264367816091954
rail507,random_uniform,900,0,9,plain,-0.009837436142216292,3.2586206896551726
rail507,random_uniform,900,0,10,plain,-0.009837436142215966,3.2126436781609193
rail507,random_uniform,900,0,5,plain,-0.010045650325105729,3.206896551724138
rail507,random_uniform,900,0,11,plain,-0.00961873455577691,3.160919540229885
rail507,random_uniform,900,0,12,plain,-0.008863395020631548,3.1551724137931036
rail507,random_uniform,900,0,14,plain,-0.009266360931484929,3.1494252873563218
rail507,random_uniform,900,1,0,plain,-0.010657662778455276,3.3275862068965516
rail507,random_uniform,900,1,1,plain,-0.01019278544262778,3.310344827586207
rail507,random_uniform,900,1,2,plain,-0.009469366292525015,3.3045977011494254
rail507,random_uniform,900,1,3,plain,-0.010139198942553173,3.264367816091954
rail507,random_uniform,900,1,4,plain,-0.010139198942552682,3.2298850574712645
rail507,random_uniform,900,1,5,plain,-0.00939670979904583,3.218390804597701
rail507,random_uniform,900,1,6,plain,-0.009322139675520112,3.206896551724138
rail507,random_uniform,900,1,7,plain,-0.00921429384497832,3.1839080459770117
rail507,random_uniform,900,1,8,plain,-0.009587870759107133,3.1666666666666665
rail507,random_uniform,900,1,9,plain,-0.009180285176411097,3.1206896551724137
rail507,random_uniform,900,1,10,plain,-0.0078086150697123,3.074712643678161
rail507,random_uniform,900,1,11,plain,-0.00729908696230095,3.057471264367816
rail507,random_uniform,900,2,0,plain,-0.010657662778455113,3.3275862068965516
rail507,random_uniform,900,2,1,plain,-0.010656925334186704,3.3045977011494254
rail507,random_uniform,900,2,2,plain,-0.01022784212947798,3.2873563218390807
rail507,random_uniform,900,2,3,plain,-0.010192535562065418,3.2701149425287355
rail507,random_uniform,900,2,4,plain,-0.009853139036052469,3.2241379310344827
rail507,random_uniform,900,2,6,plain,-0.00916496252052384,3.218390804597701
rail507,random_uniform,900,2,7,plain,-0.008878722409743214,3.17816091954023
rail507,random_uniform,900,2,9,plain,-0.008535841609968472,3.160919540229885
rail507,random_uniform,900,2,10,plain,-0.007954896873091349,3.1149425287356323
rail507,random_uniform,900,2,11,plain,-0.00684433532342612,3.0804597701149423
rail507,random_uniform,900,2,11,plain,-0.007053404041993412,3.074712643678161
rail507,random_uniform,900,2,13,plain,-0.00607216297347247,3.0114942528735633
rail507,random_uniform,900,2,16,plain,-0.00471529659049732,2.9827586206896552
rail507,safeguarded_hybrid,10,0,0,plain,-0.010657662778454296,3.3275862068965516
rail507,safeguarded_hybrid,10,0,1,plain,-0.010227842129478306,3.2873563218390807
rail507,safeguarded_hybrid,10,0,2,plain,-0.009812895983631555,3.264367816091954
rail507,safeguarded_hybrid,10,1,0,plain,-0.010657662778455276,3.3275862068965516
rail507,safeguarded_hybrid,10,1,1,plain,-0.01019278544262778,3.310344827586207
rail507,safeguarded_hybrid,10,1,2,plain,-0.009469366292525015,3.3045977011494254
rail507,safeguarded_hybrid,10,2,0,plain,-0.010657662778455113,3.3275862068965516
rail507,safeguarded_hybrid,10,2,1,plain,-0.010656925334186704,3.3045977011494254
rail507,safeguarded_hybrid,300,0,0,plain,-0.010657662778454296,3.3275862068965516
rail507,safeguarded_hybrid,300,0,1,plain,-0.010227842129478306,3.2873563218390807
rail507,safeguarded_hybrid,300,0,2,plain,-0.009812895983631555,3.264367816091954
rail507,safeguarded_hybrid,300,0,5,plain,-0.009581392280739237,3.2413793103448274
rail507,safeguarded_hybrid,300,0,6,plain,-0.009504210996763194,3.2298850574712645
rail507,safeguarded_hybrid,300,0,7,plain,-0.008554284151003998,3.1954022988505746
rail507,safeguarded_hybrid,300,0,8,plain,-0.007311736960494092,3.189655172413793
rail507,safeguarded_hybrid,300,0,8,plain,-0.00806773523358052,3.1839080459770117
rail507,safeguarded_hybrid,300,0,10,plain,-0.007737544250437819,3.17816091954023
rail507,safeguarded_hybrid,300,0,11,plain,-0.006681732678218778,3.1436781609195403
rail507,safeguarded_hybrid,300,1,0,plain,-0.010657662778455276,3.3275862068965516
rail507,safeguarded_hybrid,300,1,1,plain,-0.01019278544262778,3.310344827586207
rail507,safeguarded_hybrid,300,1,2,plain,-0.009469366292525015,3.3045977011494254
rail507,safeguarded_hybrid,300,1,3,plain,-0.008988539399260635,3.2758620689655173
rail507,safeguarded_hybrid,300,1,5,plain,-0.008293630095671009,3.2413793103448274
rail507,safeguarded_hybrid,300,1,6,plain,-0.008190803184106862,3.2011494252873565
rail507,safeguarded_hybrid,300,1,7,plain,-0.008190803184106699,3.1551724137931036
rail507,safeguarded_hybrid,300,2,0,plain,-0.010657662778455113,3.3275862068965516
rail507,safeguarded_hybrid,300,2,1,plain,-0.010656925334186704,3.3045977011494254
rail507,safeguarded_hybrid,300,2,2,plain,-0.01022784212947798,3.2873563218390807
rail507,safeguarded_hybrid,300,2,3,plain,-0.010192535562065418,3.2701149425287355
rail507,safeguarded_hybrid,300,2,2,plain,-0.010656925334187193,3.2586206896551726
rail507,safeguarded_hybrid,300,2,6,plain,-0.008972280052692495,3.235632183908046
rail507,safeguarded_hybrid,300,2,7,plain,-0.009813725645243325,3.1954022988505746
rail507,safeguarded_hybrid,300,2,8,plain,-0.008071715453964423,3.160919540229885
rail507,safeguarded_hybrid,300,2,9,plain,-0.006836850044155019,3.1264367816091956
rail507,safeguarded_hybrid,300,2,11,plain,-0.005414080064562458,3.1206896551724137
rail507,safeguarded_hybrid,300,2,10,plain,-0.0066031836977934605,3.1091954022988504
rail507,safeguarded_hybrid,300,2,12,plain,-0.004539208356199009,3.0977011494252875
rail507,safeguarded_hybrid,300,2,13,plain,-0.00398959109632731,3.0402298850574714
rail507,safeguarded_hybrid,300,2,14,plain,-0.003285704308599511,3.0057471264367814
rail507,safeguarded_hybrid,60,0,0,plain,-0.010657662778454296,3.3275862068965516
rail507,safeguarded_hybrid,60,0,1,plain,-0.010227842129478306,3.2873563218390807
rail507,safeguarded_hybrid,60,0,2,plain,-0.009812895983631555,3.264367816091954
rail507,safeguarded_hybrid,60,0,5,plain,-0.009581392280739237,3.2413793103448274
rail507,safeguarded_hybrid,60,0,6,plain,-0.009504210996763194,3.2298850574712645
rail507,safeguarded_hybrid,60,1,0,plain,-0.010657662778455276,3.3275862068965516
rail507,safeguarded_hybrid,60,1,1,plain,-0.01019278544262778,3.310344827586207
rail507,safeguarded_hybrid,60,1,2,plain,-0.009469366292525015,3.3045977011494254
rail507,safeguarded_hybrid,60,1,3,plain,-0.008988539399260635,3.2758620689655173
rail507,safeguarded_hybrid,60,1,5,plain,-0.008293630095671009,3.2413793103448274
rail507,safeguarded_hybrid,60,2,0,plain,-0.010657662778455113,3.3275862068965516
rail507,safeguarded_hybrid,60,2,1,plain,-0.010656925334186704,3.3045977011494254
rail507,safeguarded_hybrid,60,2,2,plain,-0.01022784212947798,3.2873563218390807
rail507,safeguarded_hybrid,60,2,3,plain,-0.010192535562065418,3.2701149425287355
rail507,safeguarded_hybrid,60,2,2,plain,-0.010656925334187193,3.2586206896551726
rail507,safeguarded_hybrid,60,2,6,plain,-0.008972280052692495,3.235632183908046
rail507,safeguarded_hybrid,900,0,0,plain,-0.010657662778454296,3.3275862068965516
rail507,safeguarded_hybrid,900,0,1,plain,-0.010227842129478306,3.2873563218390807
rail507,safeguarded_hybrid,900,0,2,plain,-0.009812895983631555,3.264367816091954
rail507,safeguarded_hybrid,900,0,5,plain,-0.009581392280739237,3.2413793103448274
rail507,safeguarded_hybrid,900,0,6,plain,-0.009504210996763194,3.2298850574712645
rail507,safeguarded_hybrid,900,0,7,plain,-0.008554284151003998,3.1954022988505746
rail507,safeguarded_hybrid,900,0,8,plain,-0.007311736960494092,3.189655172413793
rail507,safeguarded_hybrid,900,0,8,plain,-0.00806773523358052,3.1839080459770117
rail507,safeguarded_hybrid,900,0,10,plain,-0.007737544250437819,3.17816091954023
rail507,safeguarded_hybrid,900,0,11,plain,-0.006681732678218778,3.1436781609195403
rail507,safeguarded_hybrid,900,0,12,plain,-0.006256342901792124,3.1149425287356323
rail507,safeguarded_hybrid,900,0,13,plain,-0.0075562991453932745,3.086206896551724
rail507,safeguarded_hybrid,900,0,12,plain,-0.00509188849919505,3.0632183908045976
rail507,safeguarded_hybrid,900,0,13,plain,-0.004628801369103359,3.028735632183908
rail507,safeguarded_hybrid,900,0,14,plain,-0.0035140634176643835,2.9942528735632186
rail507,safeguarded_hybrid,900,1,0,plain,-0.010657662778455276,3.3275862068965516
rail507,safeguarded_hybrid,900,1,1,plain,-0.01019278544262778,3.310344827586207
rail507,safeguarded_hybrid,900,1,2,plain,-0.009469366292525015,3.3045977011494254
rail507,safeguarded_hybrid,900,1,3,plain,-0.008988539399260635,3.2758620689655173
rail507,safeguarded_hybrid,900,1,5,plain,-0.008293630095671009,3.2413793103448274
rail507,safeguarded_hybrid,900,1,6,plain,-0.008190803184106862,3.2011494252873565
rail507,safeguarded_hybrid,900,1,7,plain,-0.008190803184106699,3.1551724137931036
rail507,safeguarded_hybrid,900,1,11,plain,-0.00499035161345806,3.1149425287356323
rail507,safeguarded_hybrid,900,2,0,plain,-0.010657662778455113,3.3275862068965516
rail507,safeguarded_hybrid,900,2,1,plain,-0.010656925334186704,3.3045977011494254
rail507,safeguarded_hybrid,900,2,2,plain,-0.01022784212947798,3.2873563218390807
rail507,safeguarded_hybrid,900,2,3,plain,-0.010192535562065418,3.2701149425287355
rail507,safeguarded_hybrid,900,2,2,plain,-0.010656925334187193,3.2586206896551726
rail507,safeguarded_hybrid,900,2,6,plain,-0.008972280052692495,3.235632183908046
rail507,safeguarded_hybrid,900,2,7,plain,-0.009813725645243325,3.1954022988505746
rail507,safeguarded_hybrid,900,2,8,plain,-0.008071715453964423,3.160919540229885
rail507,safeguarded_hybrid,900,2,9,plain,-0.006836850044155019,3.1264367816091956
rail507,safeguarded_hybrid,900,2,11,plain,-0.005414080064562458,3.1206896551724137
rail507,safeguarded_hybrid,900,2,10,plain,-0.0066031836977934605,3.1091954022988504
rail507,safeguarded_hybrid,900,2,12,plain,-0.004539208356199009,3.0977011494252875
rail507,safeguarded_hybrid,900,2,13,plain,-0.00398959109632731,3.0402298850574714
rail507,safeguarded_hybrid,900,2,14,plain,-0.003285704308599511,3.0057471264367814
rail507,safeguarded_hybrid,900,2,15,plain,-0.002633615795752508,2.9770114942528734
rail507,safeguarded_hybrid,900,2,16,plain,-0.0018206989622602178,2.942528735632184
rail507,safeguarded_hybrid,900,2,17,plain,-0.0010130597929433854,2.896551724137931
rail507,safeguarded_hybrid,900,2,20,plain,-0.0010130597929435487,2.8735632183908044
rail507,safeguarded_hybrid,900,2,21,plain,-0.00033739913467062334,2.8505747126436782
rail507,safeguarded_hybrid,900,2,20,plain,0.0004514289705286564,2.8448275862068964
rail507,safeguarded_hybrid,900,2,21,plain,0.0007406852320797101,2.810344827586207
