instance,policy,budget,seed,status,status_family,incumbent,optimum,gap_vs_opt,final_gap,nodes,ttff,elapsed,root_fractional_count,root_fractional_ratio,root_integer_variable_count,root_solve_seconds,root_integrality_gap_l1,root_binary_near_integral_ratio,root_binary_midpoint_ratio
academictimetablesmall,best_bound,10,0,time_limit,time_limit,,0.0,,,15,,10.048399000021163,4991,0.1725437322823757,28926,7.015358957985882,0.014855599880935308,0.9613150798589504,0.027172785729101846
academictimetablesmall,best_bound,10,1,time_limit,time_limit,,0.0,,,13,,10.0016421659966,5250,0.1814976146027795,28926,7.004692874965258,0.014538896733832463,0.9605199474521192,0.026550508193320888
academictimetablesmall,best_bound,10,2,time_limit,time_limit,,0.0,,,15,,10.004904125002213,5258,0.18177418239645993,28926,7.002800667018164,0.014922302349535189,0.9589988245868769,0.027172785729101846
academictimetablesmall,best_bound,300,0,node_limit,node_limit,,0.0,,,401,,89.49743437499274,4991,0.1725437322823757,28926,6.998097416013479,0.014855599880935308,0.9613150798589504,0.027172785729101846
academictimetablesmall,best_bound,300,1,node_limit,node_limit,,0.0,,,401,,88.74154791701585,5250,0.1814976146027795,28926,7.014470125024673,0.014538896733832463,0.9605199474521192,0.026550508193320888
academictimetablesmall,best_bound,300,2,node_limit,node_limit,,0.0,,,401,,85.12003458297113,5258,0.18177418239645993,28926,7.019031666975934,0.014922302349535189,0.9589988245868769,0.027172785729101846
academictimetablesmall,best_bound,60,0,time_limit,time_limit,,0.0,,,257,,60.00278304098174,4991,0.1725437322823757,28926,6.999309875012841,0.014855599880935308,0.9613150798589504,0.027172785729101846
academictimetablesmall,best_bound,60,1,time_limit,time_limit,,0.0,,,229,,60.00247224996565,5250,0.1814976146027795,28926,7.0134631670080125,0.014538896733832463,0.9605199474521192,0.026550508193320888
academictimetablesmall,best_bound,60,2,time_limit,time_limit,,0.0,,,267,,60.068963833968155,5258,0.18177418239645993,28926,7.006662082974799,0.014922302349535189,0.9589988245868769,0.027172785729101846
academictimetablesmall,best_bound,900,0,node_limit,node_limit,,0.0,,,401,,89.93019229202764,4991,0.1725437322823757,28926,6.983582416025456,0.014855599880935308,0.9613150798589504,0.027172785729101846
academictimetablesmall,best_bound,900,1,node_limit,node_limit,,0.0,,,401,,89.1568222080241,5250,0.1814976146027795,28926,7.036346999986563,0.014538896733832463,0.9605199474521192,0.026550508193320888
academictimetablesmall,best_bound,900,2,node_limit,node_limit,,0.0,,,401,,85.2363283750019,5258,0.18177418239645993,28926,7.014210874971468,0.014922302349535189,0.9589988245868769,0.027172785729101846
academictimetablesmall,best_estimate,10,0,time_limit,time_limit,,0.0,,,13,,10.001578540948685,4991,0.1725437322823757,28926,7.014641999965534,0.014855599880935308,0.9613150798589504,0.027172785729101846
academictimetablesmall,best_estimate,10,1,time_limit,time_limit,,0.0,,,15,,10.07922245899681,5250,0.1814976146027795,28926,7.000805750023574,0.014538896733832463,0.9605199474521192,0.026550508193320888
academictimetablesmall,best_estimate,10,2,time_limit,time_limit,,0.0,,,13,,10.001371832971927,5258,0.18177418239645993,28926,7.010931290977169,0.014922302349535189,0.9589988245868769,0.027172785729101846
academictimetablesmall,best_estimate,300,0,node_limit,node_limit,,0.0,,,401,,134.11273458402138,4991,0.1725437322823757,28926,7.006535624968819,0.014855599880935308,0.9613150798589504,0.027172785729101846
academictimetablesmall,best_estimate,300,1,node_limit,node_limit,,0.0,,,401,,135.64975783298723,5250,0.1814976146027795,28926,7.038445540994871,0.014538896733832463,0.9605199474521192,0.026550508193320888
academictimetablesmall,best_estimate,300,2,node_limit,node_limit,,0.0,,,401,,133.13119966699742,5258,0.18177418239645993,28926,7.007903249992523,0.014922302349535189,0.9589988245868769,0.027172785729101846
academictimetablesmall,best_estimate,60,0,time_limit,time_limit,,0.0,,,193,,60.107082874979824,4991,0.1725437322823757,28926,6.991152208996937,0.014855599880935308,0.9613150798589504,0.027172785729101846
academictimetablesmall,best_estimate,60,1,time_limit,time_limit,,0.0,,,187,,60.00401516602142,5250,0.1814976146027795,28926,6.998378666990902,0.014538896733832463,0.9605199474521192,0.026550508193320888
academictimetablesmall,best_estimate,60,2,time_limit,time_limit,,0.0,,,197,,60.075560249970295,5258,0.18177418239645993,28926,6.999984625028446,0.014922302349535189,0.9589988245868769,0.027172785729101846
academictimetablesmall,best_estimate,900,0,node_limit,node_limit,,0.0,,,401,,135.33437237504404,4991,0.1725437322823757,28926,6.996874500007834,0.014855599880935308,0.9613150798589504,0.027172785729101846
academictimetablesmall,best_estimate,900,1,node_limit,node_limit,,0.0,,,401,,136.43028650002088,5250,0.1814976146027795,28926,7.014623541035689,0.014538896733832463,0.9605199474521192,0.026550508193320888
academictimetablesmall,best_estimate,900,2,node_limit,node_limit,,0.0,,,401,,133.98677854199195,5258,0.18177418239645993,28926,6.997858582995832,0.014922302349535189,0.9589988245868769,0.027172785729101846
academictimetablesmall,boltzmann_adaptive,10,0,time_limit,time_limit,,0.0,,,15,,10.015423667035066,4991,0.1725437322823757,28926,7.012799083022401,0.014855599880935308,0.9613150798589504,0.027172785729101846
academictimetablesmall,boltzmann_adaptive,10,1,time_limit,time_limit,,0.0,,,15,,10.085666375001892,5250,0.1814976146027795,28926,7.037859125004616,0.014538896733832463,0.9605199474521192,0.026550508193320888
academictimetablesmall,boltzmann_adaptive,10,2,time_limit,time_limit,,0.0,,,15,,10.008305999974255,5258,0.18177418239645993,28926,6.991697792022023,0.014922302349535189,0.9589988245868769,0.027172785729101846
academictimetablesmall,boltzmann_adaptive,300,0,node_limit,node_limit,,0.0,,,401,,95.32069787499495,4991,0.1725437322823757,28926,7.004712334019132,0.014855599880935308,0.9613150798589504,0.027172785729101846
academictimetablesmall,boltzmann_adaptive,300,1,node_limit,node_limit,,0.0,,,401,,95.52518916700501,5250,0.1814976146027795,28926,7.009061666962225,0.014538896733832463,0.9605199474521192,0.026550508193320888
academictimetablesmall,boltzmann_adaptive,300,2,node_limit,node_limit,,0.0,,,401,,94.05034237500513,5258,0.18177418239645993,28926,6.996566959016491,0.014922302349535189,0.9589988245868769,0.027172785729101846
academictimetablesmall,boltzmann_adaptive,60,0,time_limit,time_limit,,0.0,,,235,,60.000800125009846,4991,0.1725437322823757,28926,6.999010375002399,0.014855599880935308,0.9613150798589504,0.027172785729101846
academictimetablesmall,boltzmann_adaptive,60,1,time_limit,time_limit,,0.0,,,239,,60.0051974170492,5250,0.1814976146027795,28926,7.019759625021834,0.014538896733832463,0.9605199474521192,0.026550508193320888
academictimetablesmall,boltzmann_adaptive,60,2,time_limit,time_limit,,0.0,,,241,,60.0253792500007,5258,0.18177418239645993,28926,7.04639649996534,0.014922302349535189,0.9589988245868769,0.027172785729101846
academictimetablesmall,boltzmann_adaptive,900,0,node_limit,node_limit,,0.0,,,401,,96.00992066704202,4991,0.1725437322823757,28926,7.015708291961346,0.014855599880935308,0.9613150798589504,0.027172785729101846
academictimetablesmall,boltzmann_adaptive,900,1,node_limit,node_limit,,0.0,,,401,,96.09435808303533,5250,0.1814976146027795,28926,7.03502795798704,0.014538896733832463,0.9605199474521192,0.026550508193320888
academictimetablesmall,boltzmann_adaptive,900,2,node_limit,node_limit,,0.0,,,401,,94.46476308302954,5258,0.18177418239645993,28926,7.007661041978281,0.014922302349535189,0.9589988245868769,0.027172785729101846
academictimetablesmall,depth_first,10,0,time_limit,time_limit,,0.0,,,15,,10.053427208971698,4991,0.1725437322823757,28926,6.987670250004157,0.014855599880935308,0.9613150798589504,0.027172785729101846
academictimetablesmall,depth_first,10,1,time_limit,time_limit,,0.0,,,13,,10.00140016595833,5250,0.1814976146027795,28926,6.995685333036818,0.014538896733832463,0.9605199474521192,0.026550508193320888
academictimetablesmall,depth_first,10,2,time_limit,time_limit,,0.0,,,15,,10.003578290983569,5258,0.18177418239645993,28926,6.989311583980452,0.014922302349535189,0.9589988245868769,0.027172785729101846
academictimetablesmall,depth_first,300,0,node_limit,node_limit,,0.0,,,401,,89.94549524999456,4991,0.1725437322823757,28926,7.001626083976589,0.014855599880935308,0.9613150798589504,0.027172785729101846
academictimetablesmall,depth_first,300,1,node_limit,node_limit,,0.0,,,401,,94.39442775002681,5250,0.1814976146027795,28926,6.999601749994326,0.014538896733832463,0.9605199474521192,0.026550508193320888
academictimetablesmall,depth_first,300,2,node_limit,node_limit,,0.0,,,401,,79.06054395897081,5258,0.18177418239645993,28926,7.001997999963351,0.014922302349535189,0.9589988245868769,0.027172785729101846
academictimetablesmall,depth_first,60,0,time_limit,time_limit,,0.0,,,243,,60.00619537499733,4991,0.1725437322823757,28926,7.007532958989032,0.014855599880935308,0.9613150798589504,0.027172785729101846
academictimetablesmall,depth_first,60,1,time_limit,time_limit,,0.0,,,235,,60.08440845803125,5250,0.1814976146027795,28926,7.006429374974687,0.014538896733832463,0.9605199474521192,0.026550508193320888
academictimetablesmall,depth_first,60,2,time_limit,time_limit,,0.0,,,277,,60.00635187502485,5258,0.18177418239645993,28926,6.996161542017944,0.014922302349535189,0.9589988245868769,0.027172785729101846
academictimetablesmall,depth_first,900,0,node_limit,node_limit,,0.0,,,401,,89.66329950001091,4991,0.1725437322823757,28926,7.007395749969874,0.014855599880935308,0.9613150798589504,0.027172785729101846
academictimetablesmall,depth_first,900,1,node_limit,node_limit,,0.0,,,401,,94.30750329099828,5250,0.1814976146027795,28926,7.021530625002924,0.014538896733832463,0.9605199474521192,0.026550508193320888
academictimetablesmall,depth_first,900,2,node_limit,node_limit,,0.0,,,401,,79.94668633397669,5258,0.18177418239645993,28926,7.039095249958336,0.014922302349535189,0.9589988245868769,0.027172785729101846
academictimetablesmall,greedy_score,10,0,time_limit,time_limit,,0.0,,,15,,10.005730999982916,4991,0.1725437322823757,28926,6.99478279100731,0.014855599880935308,0.9613150798589504,0.027172785729101846
academictimetablesmall,greedy_score,10,1,time_limit,time_limit,,0.0,,,13,,10.001398041960783,5250,0.1814976146027795,28926,7.023227791010868,0.014538896733832463,0.9605199474521192,0.026550508193320888
academictimetablesmall,greedy_score,10,2,time_limit,time_limit,,0.0,,,15,,10.00314858398633,5258,0.18177418239645993,28926,7.001462208980229,0.014922302349535189,0.9589988245868769,0.027172785729101846
academictimetablesmall,greedy_score,300,0,node_limit,node_limit,,0.0,,,401,,96.6133049170021,4991,0.1725437322823757,28926,6.994933291978668,0.014855599880935308,0.9613150798589504,0.027172785729101846
academictimetablesmall,greedy_score,300,1,node_limit,node_limit,,0.0,,,401,,94.11972324998351,5250,0.1814976146027795,28926,6.992620917037129,0.014538896733832463,0.9605199474521192,0.026550508193320888
academictimetablesmall,greedy_score,300,2,node_limit,node_limit,,0.0,,,401,,95.72645741701126,5258,0.18177418239645993,28926,7.003738125029486,0.014922302349535189,0.9589988245868769,0.027172785729101846
academictimetablesmall,greedy_score,60,0,time_limit,time_limit,,0.0,,,235,,60.00959050003439,4991,0.1725437322823757,28926,7.000105292012449,0.014855599880935308,0.9613150798589504,0.027172785729101846
academictimetablesmall,greedy_score,60,1,time_limit,time_limit,,0.0,,,237,,60.00131262501236,5250,0.1814976146027795,28926,7.005001250014175,0.014538896733832463,0.9605199474521192,0.026550508193320888
academictimetablesmall,greedy_score,60,2,time_limit,time_limit,,0.0,,,239,,60.01319262501784,5258,0.18177418239645993,28926,7.006733875023201,0.014922302349535189,0.9589988245868769,0.027172785729101846
academictimetablesmall,greedy_score,900,0,node_limit,node_limit,,0.0,,,401,,96.50039595802082,4991,0.1725437322823757,28926,6.965753750002477,0.014855599880935308,0.9613150798589504,0.027172785729101846
academictimetablesmall,greedy_score,900,1,node_limit,node_limit,,0.0,,,401,,94.47545045800507,5250,0.1814976146027795,28926,7.018276999995578,0.014538896733832463,0.9605199474521192,0.026550508193320888
academictimetablesmall,greedy_score,900,2,node_limit,node_limit,,0.0,,,401,,95.44358970900066,5258,0.18177418239645993,28926,6.99403825000627,0.014922302349535189,0.9589988245868769,0.027172785729101846
academictimetablesmall,hybrid_best_bound_depth,10,0,time_limit,time_limit,,0.0,,,15,,10.057249957986642,4991,0.1725437322823757,28926,7.0126491250121035,0.014855599880935308,0.9613150798589504,0.027172785729101846
academictimetablesmall,hybrid_best_bound_depth,10,1,time_limit,time_limit,,0.0,,,13,,10.002013958001044,5250,0.1814976146027795,28926,7.0218803330208175,0.014538896733832463,0.9605199474521192,0.026550508193320888
academictimetablesmall,hybrid_best_bound_depth,10,2,time_limit,time_limit,,0.0,,,15,,10.003795625001658,5258,0.18177418239645993,28926,6.988784541958012,0.014922302349535189,0.9589988245868769,0.027172785729101846
academictimetablesmall,hybrid_best_bound_depth,300,0,node_limit,node_limit,,0.0,,,401,,90.05002095899545,4991,0.1725437322823757,28926,7.01687008299632,0.014855599880935308,0.9613150798589504,0.027172785729101846
academictimetablesmall,hybrid_best_bound_depth,300,1,node_limit,node_limit,,0.0,,,401,,97.50230733299395,5250,0.1814976146027795,28926,7.0328399580321275,0.014538896733832463,0.9605199474521192,0.026550508193320888
academictimetablesmall,hybrid_best_bound_depth,300,2,node_limit,node_limit,,0.0,,,401,,84.93987679196289,5258,0.18177418239645993,28926,6.995702417043503,0.014922302349535189,0.9589988245868769,0.027172785729101846
academictimetablesmall,hybrid_best_bound_depth,60,0,time_limit,time_limit,,0.0,,,261,,60.05396108399145,4991,0.1725437322823757,28926,6.984838083037175,0.014855599880935308,0.9613150798589504,0.027172785729101846
academictimetablesmall,hybrid_best_bound_depth,60,1,time_limit,time_limit,,0.0,,,215,,60.00267837499268,5250,0.1814976146027795,28926,7.013814041973092,0.014538896733832463,0.9605199474521192,0.026550508193320888
academictimetablesmall,hybrid_best_bound_depth,60,2,time_limit,time_limit,,0.0,,,261,,60.06030070898123,5258,0.18177418239645993,28926,7.0104813749785535,0.014922302349535189,0.9589988245868769,0.027172785729101846
academictimetablesmall,hybrid_best_bound_depth,900,0,node_limit,node_limit,,0.0,,,401,,90.07342562498525,4991,0.1725437322823757,28926,6.997428082977422,0.014855599880935308,0.9613150798589504,0.027172785729101846
academictimetablesmall,hybrid_best_bound_depth,900,1,node_limit,node_limit,,0.0,,,401,,97.85725945897866,5250,0.1814976146027795,28926,6.992597916978411,0.014538896733832463,0.9605199474521192,0.026550508193320888
academictimetablesmall,hybrid_best_bound_depth,900,2,node_limit,node_limit,,0.0,,,401,,84.82676858303603,5258,0.18177418239645993,28926,7.005046916019637,0.014922302349535189,0.9589988245868769,0.027172785729101846
academictimetablesmall,learned_portfolio,10,0,time_limit,time_limit,,0.0,,,43,,10.05314970901236,4991,0.1725437322823757,28926,0.1895149169722572,0.014855599880935308,0.9613150798589504,0.027172785729101846
academictimetablesmall,learned_portfolio,10,1,time_limit,time_limit,,0.0,,,41,,10.002693957998417,5250,0.1814976146027795,28926,0.19908541697077453,0.014538896733832463,0.9605199474521192,0.026550508193320888
academictimetablesmall,learned_portfolio,10,2,time_limit,time_limit,,0.0,,,47,,10.002446459024213,5258,0.18177418239645993,28926,0.17036391701549292,0.014922302349535189,0.9589988245868769,0.027172785729101846
academictimetablesmall,learned_portfolio,300,0,node_limit,node_limit,,0.0,,,401,,92.23508070898242,4991,0.1725437322823757,28926,0.17790725000668317,0.014855599880935308,0.9613150798589504,0.027172785729101846
academictimetablesmall,learned_portfolio,300,1,node_limit,node_limit,,0.0,,,401,,92.73597129096743,5250,0.1814976146027795,28926,0.1940624580020085,0.014538896733832463,0.9605199474521192,0.026550508193320888
academictimetablesmall,learned_portfolio,300,2,node_limit,node_limit,,0.0,,,401,,90.9109787089983,5258,0.18177418239645993,28926,0.1733691249974072,0.014922302349535189,0.9589988245868769,0.027172785729101846
academictimetablesmall,learned_portfolio,60,0,time_limit,time_limit,,0.0,,,257,,60.00418708304642,4991,0.1725437322823757,28926,0.1775284589966759,0.014855599880935308,0.9613150798589504,0.027172785729101846
academictimetablesmall,learned_portfolio,60,1,time_limit,time_limit,,0.0,,,261,,60.08167304197559,5250,0.1814976146027795,28926,0.1888503339723684,0.014538896733832463,0.9605199474521192,0.026550508193320888
academictimetablesmall,learned_portfolio,60,2,time_limit,time_limit,,0.0,,,267,,60.07750291697448,5258,0.18177418239645993,28926,0.17448495898861438,0.014922302349535189,0.9589988245868769,0.027172785729101846
academictimetablesmall,learned_portfolio,900,0,node_limit,node_limit,,0.0,,,401,,92.16282433399465,4991,0.1725437322823757,28926,0.17900149995693937,0.014855599880935308,0.9613150798589504,0.027172785729101846
academictimetablesmall,learned_portfolio,900,1,node_limit,node_limit,,0.0,,,401,,92.23422383301659,5250,0.1814976146027795,28926,0.18751970800803974,0.014538896733832463,0.9605199474521192,0.026550508193320888
academictimetablesmall,learned_portfolio,900,2,node_limit,node_limit,,0.0,,,401,,90.65642841596855,5258,0.18177418239645993,28926,0.18410862499149516,0.014922302349535189,0.9589988245868769,0.027172785729101846
academictimetablesmall,learned_v2,10,0,time_limit,time_limit,,0.0,,,41,,10.123673249967396,4991,0.1725437322823757,28926,0.17913754103938118,0.014855599880935308,0.9613150798589504,0.027172785729101846
academictimetablesmall,learned_v2,10,1,time_limit,time_limit,,0.0,,,41,,10.003478833998088,5250,0.1814976146027795,28926,0.19729004200780764,0.014538896733832463,0.9605199474521192,0.026550508193320888
academictimetablesmall,learned_v2,10,2,time_limit,time_limit,,0.0,,,41,,10.080416792014148,5258,0.18177418239645993,28926,0.17845766700338572,0.014922302349535189,0.9589988245868769,0.027172785729101846
academictimetablesmall,learned_v2,300,0,node_limit,node_limit,,0.0,,,401,,129.66774629201973,4991,0.1725437322823757,28926,0.16908895899541676,0.014855599880935308,0.9613150798589504,0.027172785729101846
academictimetablesmall,learned_v2,300,1,node_limit,node_limit,,0.0,,,401,,132.047759625013,5250,0.1814976146027795,28926,0.18909845902817324,0.014538896733832463,0.9605199474521192,0.026550508193320888
academictimetablesmall,learned_v2,300,2,node_limit,node_limit,,0.0,,,401,,130.6648814160144,5258,0.18177418239645993,28926,0.1761779579683207,0.014922302349535189,0.9589988245868769,0.027172785729101846
academictimetablesmall,learned_v2,60,0,time_limit,time_limit,,0.0,,,213,,60.176668625033926,4991,0.1725437322823757,28926,0.17398395895725116,0.014855599880935308,0.9613150798589504,0.027172785729101846
academictimetablesmall,learned_v2,60,1,time_limit,time_limit,,0.0,,,211,,60.04978008300532,5250,0.1814976146027795,28926,0.18039258301723748,0.014538896733832463,0.9605199474521192,0.026550508193320888
academictimetablesmall,learned_v2,60,2,time_limit,time_limit,,0.0,,,213,,60.003627000027336,5258,0.18177418239645993,28926,0.17054125003051013,0.014922302349535189,0.9589988245868769,0.027172785729101846
academictimetablesmall,learned_v2,900,0,node_limit,node_limit,,0.0,,,401,,129.17648766597267,4991,0.1725437322823757,28926,0.17184250004356727,0.014855599880935308,0.9613150798589504,0.027172785729101846
academictimetablesmall,learned_v2,900,1,node_limit,node_limit,,0.0,,,401,,132.3221188329626,5250,0.1814976146027795,28926,0.19360083399806172,0.014538896733832463,0.9605199474521192,0.026550508193320888
academictimetablesmall,learned_v2,900,2,node_limit,node_limit,,0.0,,,401,,130.27367466699798,5258,0.18177418239645993,28926,0.17298520798794925,0.014922302349535189,0.9589988245868769,0.027172785729101846
academictimetablesmall,random_uniform,10,0,time_limit,time_limit,,0.0,,,15,,10.054689500015229,4991,0.1725437322823757,28926,6.984382833004929,0.014855599880935308,0.9613150798589504,0.027172785729101846
academictimetablesmall,random_uniform,10,1,time_limit,time_limit,,0.0,,,15,,10.076085582957603,5250,0.1814976146027795,28926,7.041435624996666,0.014538896733832463,0.9605199474521192,0.026550508193320888
academictimetablesmall,random_uniform,10,2,time_limit,time_limit,,0.0,,,15,,10.002607708971482,5258,0.18177418239645993,28926,7.024341624986846,0.014922302349535189,0.9589988245868769,0.027172785729101846
academictimetablesmall,random_uniform,300,0,node_limit,node_limit,,0.0,,,401,,95.43836495798314,4991,0.1725437322823757,28926,7.019138000032399,0.014855599880935308,0.9613150798589504,0.027172785729101846
academictimetablesmall,random_uniform,300,1,node_limit,node_limit,,0.0,,,401,,92.81536108296132,5250,0.1814976146027795,28926,7.015913916984573,0.014538896733832463,0.9605199474521192,0.026550508193320888
academictimetablesmall,random_uniform,300,2,node_limit,node_limit,,0.0,,,401,,93.02767808304634,5258,0.18177418239645993,28926,7.044445457984693,0.014922302349535189,0.9589988245868769,0.027172785729101846
academictimetablesmall,random_uniform,60,0,time_limit,time_limit,,0.0,,,231,,60.001087291981094,4991,0.1725437322823757,28926,6.995792041998357,0.014855599880935308,0.9613150798589504,0.027172785729101846
academictimetablesmall,random_uniform,60,1,time_limit,time_limit,,0.0,,,247,,60.00224033300765,5250,0.1814976146027795,28926,6.983233375009149,0.014538896733832463,0.9605199474521192,0.026550508193320888
academictimetablesmall,random_uniform,60,2,time_limit,time_limit,,0.0,,,243,,60.02118212496862,5258,0.18177418239645993,28926,7.023478624993004,0.014922302349535189,0.9589988245868769,0.027172785729101846
academictimetablesmall,random_uniform,900,0,node_limit,node_limit,,0.0,,,401,,95.44239549996564,4991,0.1725437322823757,28926,7.0017052909825,0.014855599880935308,0.9613150798589504,0.027172785729101846
academictimetablesmall,random_uniform,900,1,node_limit,node_limit,,0.0,,,401,,93.03992654202739,5250,0.1814976146027795,28926,7.014434167009313,0.014538896733832463,0.9605199474521192,0.026550508193320888
academictimetablesmall,random_uniform,900,2,node_limit,node_limit,,0.0,,,401,,93.00449933396885,5258,0.18177418239645993,28926,6.998948291002307,0.014922302349535189,0.9589988245868769,0.027172785729101846
academictimetablesmall,safeguarded_hybrid,10,0,time_limit,time_limit,,0.0,,,15,,10.086507082975004,4991,0.1725437322823757,28926,7.007868041982874,0.014855599880935308,0.9613150798589504,0.027172785729101846
academictimetablesmall,safeguarded_hybrid,10,1,time_limit,time_limit,,0.0,,,13,,10.001360333000775,5250,0.1814976146027795,28926,7.0006892500096,0.014538896733832463,0.9605199474521192,0.026550508193320888
academictimetablesmall,safeguarded_hybrid,10,2,time_limit,time_limit,,0.0,,,13,,10.001516749965958,5258,0.18177418239645993,28926,7.008768792031333,0.014922302349535189,0.9589988245868769,0.027172785729101846
academictimetablesmall,safeguarded_hybrid,300,0,node_limit,node_limit,,0.0,,,401,,134.59770208399277,4991,0.1725437322823757,28926,7.006983665982261,0.014855599880935308,0.9613150798589504,0.027172785729101846
academictimetablesmall,safeguarded_hybrid,300,1,node_limit,node_limit,,0.0,,,401,,136.63444925000658,5250,0.1814976146027795,28926,7.012827791972086,0.014538896733832463,0.9605199474521192,0.026550508193320888
academictimetablesmall,safeguarded_hybrid,300,2,node_limit,node_limit,,0.0,,,401,,136.13937295903452,5258,0.18177418239645993,28926,7.003940875001717,0.014922302349535189,0.9589988245868769,0.027172785729101846
academictimetablesmall,safeguarded_hybrid,60,0,time_limit,time_limit,,0.0,,,193,,60.038424834026955,4991,0.1725437322823757,28926,7.003917249967344,0.014855599880935308,0.9613150798589504,0.027172785729101846
academictimetablesmall,safeguarded_hybrid,60,1,time_limit,time_limit,,0.0,,,195,,60.206891541951336,5250,0.1814976146027795,28926,7.039922832977027,0.014538896733832463,0.9605199474521192,0.026550508193320888
academictimetablesmall,safeguarded_hybrid,60,2,time_limit,time_limit,,0.0,,,195,,60.00265391601715,5258,0.18177418239645993,28926,7.023401833022945,0.014922302349535189,0.9589988245868769,0.027172785729101846
academictimetablesmall,safeguarded_hybrid,900,0,node_limit,node_limit,,0.0,,,401,,134.73663295799633,4991,0.1725437322823757,28926,6.999665541981813,0.014855599880935308,0.9613150798589504,0.027172785729101846
academictimetablesmall,safeguarded_hybrid,900,1,node_limit,node_limit,,0.0,,,401,,136.3803171669715,5250,0.1814976146027795,28926,7.000166459009051,0.014538896733832463,0.9605199474521192,0.026550508193320888
academictimetablesmall,safeguarded_hybrid,900,2,node_limit,node_limit,,0.0,,,401,,134.05922024999745,5258,0.18177418239645993,28926,6.99675654101884,0.014922302349535189,0.9589988245868769,0.027172785729101846
air05,best_bound,10,0,time_limit,time_limit,26611.0,26374.0,0.008986122696595131,0.0014619804556294772,123,0.19864812499145046,10.025153458991554,224,0.03113273106323836,7195,0.10319104202790186,0.00642717671054123,0.9751216122307158,0.011396803335649757
air05,best_bound,10,0,time_limit,time_limit,26611.0,26374.0,0.008986122696595131,0.004019972575103547,117,0.21205566602293402,10.028497457969934,224,0.03113273106323836,7195,0.11498062498867512,0.00642717671054123,0.9751216122307158,0.011396803335649757
air05,best_bound,10,1,time_limit,time_limit,26611.0,26374.0,0.008986122696595131,0.004019972575103547,117,0.21025524998549372,10.002888541959692,224,0.03113273106323836,7195,0.11363166599767283,0.00642717671054123,0.9751216122307158,0.011396803335649757
air05,best_bound,10,2,time_limit,time_limit,26611.0,26374.0,0.008986122696595131,0.004019972575103547,117,0.21168791700620204,10.01496954204049,224,0.03113273106323836,7195,0.11584270797902718,0.00642717671054123,0.9751216122307158,0.011396803335649757
air05,best_bound,300,0,node_limit,node_limit,26611.0,26374.0,0.008986122696595131,0.003569952275374982,401,0.21227245801128447,34.37655745801749,224,0.03113273106323836,7195,0.11550854198867455,0.00642717671054123,0.9751216122307158,0.011396803335649757
air05,best_bound,300,1,node_limit,node_limit,26611.0,26374.0,0.008986122696595131,0.003569952275374982,401,0.211291000014171,34.52018429199234,224,0.03113273106323836,7195,0.11475700000301003,0.00642717671054123,0.9751216122307158,0.011396803335649757
air05,best_bound,300,2,node_limit,node_limit,26611.0,26374.0,0.008986122696595131,0.003569952275374982,401,0.21756466705119237,34.44602900004247,224,0.03113273106323836,7195,0.11999258300056681,0.00642717671054123,0.9751216122307158,0.011396803335649757
air05,best_bound,60,0,node_limit,node_limit,26611.0,26374.0,0.008986122696595131,0.003569952275374982,401,0.21109683404210955,34.454631875036284,224,0.03113273106323836,7195,0.11446887499187142,0.00642717671054123,0.9751216122307158,0.011396803335649757
air05,best_bound,60,1,node_limit,node_limit,26611.0,26374.0,0.008986122696595131,0.003569952275374982,401,0.21061125001870096,34.34000191697851,224,0.03113273106323836,7195,0.1142749169957824,0.00642717671054123,0.9751216122307158,0.011396803335649757
air05,best_bound,60,2,node_limit,node_limit,26611.0,26374.0,0.008986122696595131,0.003569952275374982,401,0.2104670830303803,34.44324100000085,224,0.03113273106323836,7195,0.11343100003432482,0.00642717671054123,0.9751216122307158,0.011396803335649757
air05,best_bound,900,0,node_limit,node_limit,26611.0,26374.0,0.008986122696595131,0.003569952275374982,401,0.20921024994459003,34.515358832955826,224,0.03113273106323836,7195,0.11281604203395545,0.00642717671054123,0.9751216122307158,0.011396803335649757
air05,best_bound,900,1,node_limit,node_limit,26611.0,26374.0,0.008986122696595131,0.003569952275374982,401,0.2132226669928059,34.58627854200313,224,0.03113273106323836,7195,0.11627112503629178,0.00642717671054123,0.9751216122307158,0.011396803335649757
air05,best_bound,900,2,node_limit,node_limit,26611.0,26374.0,0.008986122696595131,0.003569952275374982,401,0.21195391699438915,34.63920966698788,224,0.03113273106323836,7195,0.11558041599346325,0.00642717671054123,0.9751216122307158,0.011396803335649757
air05,best_estimate,10,0,time_limit,time_limit,26611.0,26374.0,0.008986122696595131,0.004019972575103547,117,0.21168729098280892,10.027625125017948,224,0.03113273106323836,7195,0.1147160409600474,0.00642717671054123,0.9751216122307158,0.011396803335649757
air05,best_estimate,10,1,time_limit,time_limit,26611.0,26374.0,0.008986122696595131,0.002418538221237836,115,0.21231675002491102,10.000373332994059,224,0.03113273106323836,7195,0.11549758398905396,0.00642717671054123,0.9751216122307158,0.011396803335649757
air05,best_estimate,10,2,time_limit,time_limit,26611.0,26374.0,0.008986122696595131,0.0069716329297586175,115,0.20979341701604426,10.00219254201511,224,0.03113273106323836,7195,0.11273891699966043,0.00642717671054123,0.9751216122307158,0.011396803335649757
air05,best_estimate,300,0,node_limit,node_limit,26611.0,26374.0,0.008986122696595131,0.003569952275374982,401,0.21273891697637737,34.634450417011976,224,0.03113273106323836,7195,0.115819750004448,0.00642717671054123,0.9751216122307158,0.011396803335649757
air05,best_estimate,300,1,node_limit,node_limit,26611.0,26374.0,0.008986122696595131,0.003569952275374982,401,0.21766620897687972,34.85787495900877,224,0.03113273106323836,7195,0.11989650002215058,0.00642717671054123,0.9751216122307158,0.011396803335649757
air05,best_estimate,300,2,node_limit,node_limit,26611.0,26374.0,0.008986122696595131,0.003569952275374982,401,0.21643495798343793,34.4398594579543,224,0.03113273106323836,7195,0.11603766703046858,0.00642717671054123,0.9751216122307158,0.011396803335649757
air05,best_estimate,60,0,node_limit,node_limit,26611.0,26374.0,0.008986122696595131,0.003569952275374982,401,0.21119391702814028,34.630182083987165,224,0.03113273106323836,7195,0.11445216700667515,0.00642717671054123,0.9751216122307158,0.011396803335649757
air05,best_estimate,60,1,node_limit,node_limit,26611.0,26374.0,0.008986122696595131,0.003569952275374982,401,0.21238345903111622,34.38943141704658,224,0.03113273106323836,7195,0.11524762504268438,0.00642717671054123,0.9751216122307158,0.011396803335649757
air05,best_estimate,60,2,node_limit,node_limit,26611.0,26374.0,0.008986122696595131,0.003569952275374982,401,0.21261670801322907,34.46710816700943,224,0.03113273106323836,7195,0.1147337089641951,0.00642717671054123,0.9751216122307158,0.011396803335649757
air05,best_estimate,900,0,node_limit,node_limit,26611.0,26374.0,0.008986122696595131,0.003569952275374982,401,0.21040608297334984,34.989042832981795,224,0.03113273106323836,7195,0.11383233300875872,0.00642717671054123,0.9751216122307158,0.011396803335649757
air05,best_estimate,900,1,node_limit,node_limit,26611.0,26374.0,0.008986122696595131,0.003569952275374982,401,0.2149830000125803,34.675561083015054,224,0.03113273106323836,7195,0.11714849999407306,0.00642717671054123,0.9751216122307158,0.011396803335649757
air05,best_estimate,900,2,node_limit,node_limit,26611.0,26374.0,0.008986122696595131,0.003569952275374982,401,0.21624720800900832,34.75305808300618,224,0.03113273106323836,7195,0.11824579199310392,0.00642717671054123,0.9751216122307158,0.011396803335649757
air05,boltzmann_adaptive,10,0,time_limit,time_limit,29888.0,26374.0,0.13323727913854555,0.10118859522709162,93,0.20916824997402728,10.000981457997113,224,0.03113273106323836,7195,0.11280133301625028,0.00642717671054123,0.9751216122307158,0.011396803335649757
air05,boltzmann_adaptive,10,1,time_limit,time_limit,29888.0,26374.0,0.13323727913854555,0.11272728484444978,93,0.2093740840209648,10.027546208992135,224,0.03113273106323836,7195,0.11214370897505432,0.00642717671054123,0.9751216122307158,0.011396803335649757
air05,boltzmann_adaptive,10,2,time_limit,time_limit,28671.0,26374.0,0.08709334951088193,0.07114394176338983,95,0.21048841701122,10.027785792015493,224,0.03113273106323836,7195,0.11413808300858364,0.00642717671054123,0.9751216122307158,0.011396803335649757
air05,boltzmann_adaptive,300,0,node_limit,node_limit,27615.0,26374.0,0.04705391673617957,0.00033049447221438486,401,0.2134272080147639,34.905251166026574,224,0.03113273106323836,7195,0.11668141698464751,0.00642717671054123,0.9751216122307158,0.011396803335649757
air05,boltzmann_adaptive,300,1,node_limit,node_limit,26618.0,26374.0,0.00925153560324562,0.0002892287157684088,401,0.2094093339983374,37.82375758397393,224,0.03113273106323836,7195,0.11276295798597857,0.00642717671054123,0.9751216122307158,0.011396803335649757
air05,boltzmann_adaptive,300,2,node_limit,node_limit,27510.0,26374.0,0.043072723136422235,0.0017932872894708483,401,0.20951608300674707,35.65608995797811,224,0.03113273106323836,7195,0.11344654200365767,0.00642717671054123,0.9751216122307158,0.011396803335649757
air05,boltzmann_adaptive,60,0,node_limit,node_limit,27615.0,26374.0,0.04705391673617957,0.00033049447221438486,401,0.21224912500474602,34.94870291603729,224,0.03113273106323836,7195,0.11552649998338893,0.00642717671054123,0.9751216122307158,0.011396803335649757
air05,boltzmann_adaptive,60,1,node_limit,node_limit,26618.0,26374.0,0.00925153560324562,0.0017182940873120174,401,0.21156170801259577,37.361634625005536,224,0.03113273106323836,7195,0.11482587497448549,0.00642717671054123,0.9751216122307158,0.011396803335649757
air05,boltzmann_adaptive,60,2,node_limit,node_limit,27510.0,26374.0,0.043072723136422235,0.0017932872894708483,401,0.21156279096612707,35.579596291005146,224,0.03113273106323836,7195,0.11465816700365394,0.00642717671054123,0.9751216122307158,0.011396803335649757
air05,boltzmann_adaptive,900,0,node_limit,node_limit,27615.0,26374.0,0.04705391673617957,0.00033049447221438486,401,0.21642570901894942,35.29779066698393,224,0.03113273106323836,7195,0.11891470901900902,0.00642717671054123,0.9751216122307158,0.011396803335649757
air05,boltzmann_adaptive,900,1,node_limit,node_limit,26618.0,26374.0,0.00925153560324562,0.0006564466338913778,401,0.2137815419700928,37.55839099996956,224,0.03113273106323836,7195,0.11680033296579495,0.00642717671054123,0.9751216122307158,0.011396803335649757
air05,boltzmann_adaptive,900,2,node_limit,node_limit,27510.0,26374.0,0.043072723136422235,0.0017932872894708483,401,0.2119750830461271,35.848717500048224,224,0.03113273106323836,7195,0.11525999999139458,0.00642717671054123,0.9751216122307158,0.011396803335649757
air05,depth_first,10,0,time_limit,time_limit,26611.0,26374.0,0.008986122696595131,0.004019972575103547,123,0.19878437503939494,10.001788125024177,224,0.03113273106323836,7195,0.10355120798340067,0.00642717671054123,0.9751216122307158,0.011396803335649757
air05,depth_first,10,0,time_limit,time_limit,26611.0,26374.0,0.008986122696595131,0.004019972575103547,117,0.21182554203551263,10.028178207983728,224,0.03113273106323836,7195,0.11452354199718684,0.00642717671054123,0.9751216122307158,0.011396803335649757
air05,depth_first,10,1,time_limit,time_limit,26611.0,26374.0,0.008986122696595131,0.004019972575103547,117,0.2112685000174679,10.028298666991759,224,0.03113273106323836,7195,0.1147524580010213,0.00642717671054123,0.9751216122307158,0.011396803335649757
air05,depth_first,10,2,time_limit,time_limit,26611.0,26374.0,0.008986122696595131,0.004019972575103547,117,0.21208604204002768,10.029685457993764,224,0.03113273106323836,7195,0.11520187498535961,0.00642717671054123,0.9751216122307158,0.011396803335649757
air05,depth_first,300,0,node_limit,node_limit,26611.0,26374.0,0.008986122696595131,0.003569952275374982,401,0.2073702090419829,34.306705709022935,224,0.03113273106323836,7195,0.10986958397552371,0.00642717671054123,0.9751216122307158,0.011396803335649757
air05,depth_first,300,1,node_limit,node_limit,26611.0,26374.0,0.008986122696595131,0.003569952275374982,401,0.21287983300862834,34.49603387498064,224,0.03113273106323836,7195,0.11608145799254999,0.00642717671054123,0.9751216122307158,0.011396803335649757
air05,depth_first,300,2,node_limit,node_limit,26611.0,26374.0,0.008986122696595131,0.003569952275374982,401,0.21319166698958725,34.37885149999056,224,0.03113273106323836,7195,0.11612800002330914,0.00642717671054123,0.9751216122307158,0.011396803335649757
air05,depth_first,60,0,node_limit,node_limit,26611.0,26374.0,0.008986122696595131,0.003569952275374982,401,0.21133958298014477,34.366831541992724,224,0.03113273106323836,7195,0.11468249995959923,0.00642717671054123,0.9751216122307158,0.011396803335649757
air05,depth_first,60,1,node_limit,node_limit,26611.0,26374.0,0.008986122696595131,0.003569952275374982,401,0.21209266601363197,34.461385083035566,224,0.03113273106323836,7195,0.11534237500745803,0.00642717671054123,0.9751216122307158,0.011396803335649757
air05,depth_first,60,2,node_limit,node_limit,26611.0,26374.0,0.008986122696595131,0.003569952275374982,401,0.21235966600943357,34.46646912500728,224,0.03113273106323836,7195,0.11572212498867884,0.00642717671054123,0.9751216122307158,0.011396803335649757
air05,depth_first,900,0,node_limit,node_limit,26611.0,26374.0,0.008986122696595131,0.003569952275374982,401,0.21197374997427687,34.57824562501628,224,0.03113273106323836,7195,0.11522720800712705,0.00642717671054123,0.9751216122307158,0.011396803335649757
air05,depth_first,900,1,node_limit,node_limit,26611.0,26374.0,0.008986122696595131,0.003569952275374982,401,0.2124949999852106,34.33809933299199,224,0.03113273106323836,7195,0.11580570804653689,0.00642717671054123,0.9751216122307158,0.011396803335649757
air05,depth_first,900,2,node_limit,node_limit,26611.0,26374.0,0.008986122696595131,0.003569952275374982,401,0.21629312500590459,34.642760707996786,224,0.03113273106323836,7195,0.11866024998016655,0.00642717671054123,0.9751216122307158,0.011396803335649757
air05,greedy_score,10,0,time_limit,time_limit,26680.0,26374.0,0.011602335633578525,0.0018977597977868788,107,0.2100626669707708,10.027513041975908,224,0.03113273106323836,7195,0.11315370898228139,0.00642717671054123,0.9751216122307158,0.011396803335649757
air05,greedy_score,10,1,time_limit,time_limit,26680.0,26374.0,0.011602335633578525,0.0018977597977868788,107,0.2129672919982113,10.028335624956526,224,0.03113273106323836,7195,0.11601237498689443,0.00642717671054123,0.9751216122307158,0.011396803335649757
air05,greedy_score,10,2,time_limit,time_limit,26680.0,26374.0,0.011602335633578525,0.0018977597977868788,107,0.21113387501100078,10.030510791984852,224,0.03113273106323836,7195,0.11407466698437929,0.00642717671054123,0.9751216122307158,0.011396803335649757
air05,greedy_score,300,0,node_limit,node_limit,26736.0,26374.0,0.013725638886782437,0.0012345253438240174,401,0.2092229169793427,33.670474542013835,224,0.03113273106323836,7195,0.11272674996871501,0.00642717671054123,0.9751216122307158,0.011396803335649757
air05,greedy_score,300,1,node_limit,node_limit,26675.0,26374.0,0.011412754985971033,0.0001649484536089839,401,0.19943749997764826,36.109359374968335,224,0.03113273106323836,7195,0.10349654103629291,0.00642717671054123,0.9751216122307158,0.011396803335649757
air05,greedy_score,300,2,node_limit,node_limit,26675.0,26374.0,0.011412754985971033,0.0001649484536089839,401,0.21355341700837016,35.7628994580009,224,0.03113273106323836,7195,0.11661962501239032,0.00642717671054123,0.9751216122307158,0.011396803335649757
air05,greedy_score,60,0,node_limit,node_limit,26675.0,26374.0,0.011412754985971033,0.0001649484536089839,401,0.2103239590069279,35.90152524999576,224,0.03113273106323836,7195,0.11397320800460875,0.00642717671054123,0.9751216122307158,0.011396803335649757
air05,greedy_score,60,1,node_limit,node_limit,26675.0,26374.0,0.011412754985971033,0.0001649484536089839,401,0.21077454200712964,35.722154000017326,224,0.03113273106323836,7195,0.11389962496468797,0.00642717671054123,0.9751216122307158,0.011396803335649757
air05,greedy_score,60,2,node_limit,node_limit,26675.0,26374.0,0.011412754985971033,0.0001649484536089839,401,0.21314550004899502,35.7137554170331,224,0.03113273106323836,7195,0.1155948750092648,0.00642717671054123,0.9751216122307158,0.011396803335649757
air05,greedy_score,900,0,node_limit,node_limit,26675.0,26374.0,0.011412754985971033,0.0001649484536089839,401,0.2131298339809291,36.01358824997442,224,0.03113273106323836,7195,0.11633962497580796,0.00642717671054123,0.9751216122307158,0.011396803335649757
air05,greedy_score,900,1,node_limit,node_limit,26675.0,26374.0,0.011412754985971033,0.0001649484536089839,401,0.21003499999642372,36.11974541703239,224,0.03113273106323836,7195,0.11334424995584413,0.00642717671054123,0.9751216122307158,0.011396803335649757
air05,greedy_score,900,2,node_limit,node_limit,26675.0,26374.0,0.011412754985971033,0.0001649484536089839,401,0.21793279197299853,36.0548468339839,224,0.03113273106323836,7195,0.11679045803612098,0.00642717671054123,0.9751216122307158,0.011396803335649757
air05,hybrid_best_bound_depth,10,0,time_limit,time_limit,26611.0,26374.0,0.008986122696595131,0.0006061166671437301,123,0.19797054200898856,10.000608542002738,224,0.03113273106323836,7195,0.103120666986797,0.00642717671054123,0.9751216122307158,0.011396803335649757
air05,hybrid_best_bound_depth,10,0,time_limit,time_limit,26611.0,26374.0,0.008986122696595131,0.004019972575103547,117,0.209017249988392,10.01238133298466,224,0.03113273106323836,7195,0.11333812499651685,0.00642717671054123,0.9751216122307158,0.011396803335649757
air05,hybrid_best_bound_depth,10,1,time_limit,time_limit,26611.0,26374.0,0.008986122696595131,0.004019972575103547,117,0.21101520804222673,10.002405375009403,224,0.03113273106323836,7195,0.11445158300921321,0.00642717671054123,0.9751216122307158,0.011396803335649757
air05,hybrid_best_bound_depth,10,2,time_limit,time_limit,26611.0,26374.0,0.008986122696595131,0.004019972575103547,117,0.2106289580115117,10.028248041984625,224,0.03113273106323836,7195,0.11392845801310614,0.00642717671054123,0.9751216122307158,0.011396803335649757
air05,hybrid_best_bound_depth,300,0,node_limit,node_limit,26611.0,26374.0,0.008986122696595131,0.003569952275374982,401,0.21276333299465477,34.28221608296735,224,0.03113273106323836,7195,0.11562579101882875,0.00642717671054123,0.9751216122307158,0.011396803335649757
air05,hybrid_best_bound_depth,300,1,node_limit,node_limit,26611.0,26374.0,0.008986122696595131,0.003569952275374982,401,0.20940145896747708,34.718169041967485,224,0.03113273106323836,7195,0.11305829201592132,0.00642717671054123,0.9751216122307158,0.011396803335649757
air05,hybrid_best_bound_depth,300,2,node_limit,node_limit,26611.0,26374.0,0.008986122696595131,0.003569952275374982,401,0.20941733301151544,34.32743087504059,224,0.03113273106323836,7195,0.11282454198226333,0.00642717671054123,0.9751216122307158,0.011396803335649757
air05,hybrid_best_bound_depth,60,0,node_limit,node_limit,26611.0,26374.0,0.008986122696595131,0.003569952275374982,401,0.21221387496916577,34.49994966696249,224,0.03113273106323836,7195,0.11577049997868016,0.00642717671054123,0.9751216122307158,0.011396803335649757
air05,hybrid_best_bound_depth,60,1,node_limit,node_limit,26611.0,26374.0,0.008986122696595131,0.003569952275374982,401,0.21173912502126768,34.43453008303186,224,0.03113273106323836,7195,0.11501349997706711,0.00642717671054123,0.9751216122307158,0.011396803335649757
air05,hybrid_best_bound_depth,60,2,node_limit,node_limit,26611.0,26374.0,0.008986122696595131,0.003569952275374982,401,0.21241308300523087,34.30638041603379,224,0.03113273106323836,7195,0.11573120794491842,0.00642717671054123,0.9751216122307158,0.011396803335649757
air05,hybrid_best_bound_depth,900,0,node_limit,node_limit,26611.0,26374.0,0.008986122696595131,0.003569952275374982,401,0.2091077920049429,34.56656337500317,224,0.03113273106323836,7195,0.11284237500512972,0.00642717671054123,0.9751216122307158,0.011396803335649757
air05,hybrid_best_bound_depth,900,1,node_limit,node_limit,26611.0,26374.0,0.008986122696595131,0.003569952275374982,401,0.21896733302855864,34.627071790979244,224,0.03113273106323836,7195,0.12135987501824275,0.00642717671054123,0.9751216122307158,0.011396803335649757
air05,hybrid_best_bound_depth,900,2,node_limit,node_limit,26611.0,26374.0,0.008986122696595131,0.003569952275374982,401,0.21297829097602516,34.470262124959845,224,0.03113273106323836,7195,0.11316320800688118,0.00642717671054123,0.9751216122307158,0.011396803335649757
air05,learned_portfolio,10,0,time_limit,time_limit,27895.0,26374.0,0.05767043300219914,0.044084919778070795,101,0.1546931670163758,10.024791250005364,224,0.03113273106323836,7195,0.058948167017661035,0.00642717671054123,0.9751216122307158,0.011396803335649757
air05,learned_portfolio,10,1,time_limit,time_limit,26738.0,26374.0,0.013801471145825434,0.0016147980622426934,113,0.15468075004173443,10.001879999996163,224,0.03113273106323836,7195,0.05876983399502933,0.00642717671054123,0.9751216122307158,0.011396803335649757
air05,learned_portfolio,10,2,time_limit,time_limit,29849.0,26374.0,0.1317585500872071,0.08255187473921767,99,0.1614464579615742,10.026731874968391,224,0.03113273106323836,7195,0.06564866699045524,0.00642717671054123,0.9751216122307158,0.011396803335649757
air05,learned_portfolio,300,0,node_limit,node_limit,26911.0,26374.0,0.020360961553044666,0.0012441628578153993,401,0.16237849998287857,35.77319154102588,224,0.03113273106323836,7195,0.06539329199586064,0.00642717671054123,0.9751216122307158,0.011396803335649757
air05,learned_portfolio,300,1,node_limit,node_limit,26725.0,26374.0,0.013308561462045954,0.00238407234476857,401,0.16240170900709927,35.4998962089885,224,0.03113273106323836,7195,0.06532970897387713,0.00642717671054123,0.9751216122307158,0.011396803335649757
air05,learned_portfolio,300,2,node_limit,node_limit,27406.999999999847,26374.0,0.0391673617957021,0.00026833169141177074,401,0.16200283297803253,34.11193316598656,224,0.03113273106323836,7195,0.06440041604219005,0.00642717671054123,0.9751216122307158,0.011396803335649757
air05,learned_portfolio,60,0,node_limit,node_limit,26911.0,26374.0,0.020360961553044666,0.0012441628578153993,401,0.16248187504243106,35.94878679100657,224,0.03113273106323836,7195,0.06529354199301451,0.00642717671054123,0.9751216122307158,0.011396803335649757
air05,learned_portfolio,60,1,node_limit,node_limit,26725.0,26374.0,0.013308561462045954,0.0009446425348180725,401,0.16306541598169133,35.350360958022065,224,0.03113273106323836,7195,0.06562808295711875,0.00642717671054123,0.9751216122307158,0.011396803335649757
air05,learned_portfolio,60,2,node_limit,node_limit,27406.999999999847,26374.0,0.0391673617957021,0.00026833169141177074,401,0.16207983304047957,33.99986937502399,224,0.03113273106323836,7195,0.06473904196172953,0.00642717671054123,0.9751216122307158,0.011396803335649757
air05,learned_portfolio,900,0,node_limit,node_limit,26911.0,26374.0,0.020360961553044666,0.0012441628578153993,401,0.16380233399104327,36.422997542016674,224,0.03113273106323836,7195,0.06704866600921378,0.00642717671054123,0.9751216122307158,0.011396803335649757
air05,learned_portfolio,900,1,node_limit,node_limit,26725.0,26374.0,0.013308561462045954,0.00238407234476857,401,0.16268445801688358,36.10250504099531,224,0.03113273106323836,7195,0.06579075002809986,0.00642717671054123,0.9751216122307158,0.011396803335649757
air05,learned_portfolio,900,2,node_limit,node_limit,27406.999999999847,26374.0,0.0391673617957021,0.00026833169141177074,401,0.16129041701788083,34.772177541977726,224,0.03113273106323836,7195,0.06472895795013756,0.00642717671054123,0.9751216122307158,0.011396803335649757
air05,learned_v2,10,0,time_limit,time_limit,26611.0,26374.0,0.008986122696595131,0.005675482404758715,113,0.1690410829614848,10.000652791990433,224,0.03113273106323836,7195,0.07085787499090657,0.00642717671054123,0.9751216122307158,0.011396803335649757
air05,learned_v2,10,1,time_limit,time_limit,26611.0,26374.0,0.008986122696595131,0.0069716329297586175,115,0.16894850000971928,10.030749000026844,224,0.03113273106323836,7195,0.07046520797302946,0.00642717671054123,0.9751216122307158,0.011396803335649757
air05,learned_v2,10,2,time_limit,time_limit,26611.0,26374.0,0.008986122696595131,0.005675482404758715,113,0.16937470895936713,10.000810541969258,224,0.03113273106323836,7195,0.07117866596672684,0.00642717671054123,0.9751216122307158,0.011396803335649757
air05,learned_v2,300,0,node_limit,node_limit,26611.0,26374.0,0.008986122696595131,0.003569952275374982,401,0.16680783301126212,35.53238191601122,224,0.03113273106323836,7195,0.06907174998195842,0.00642717671054123,0.9751216122307158,0.011396803335649757
air05,learned_v2,300,1,node_limit,node_limit,26611.0,26374.0,0.008986122696595131,0.003569952275374982,401,0.16571841697441414,35.40147199999774,224,0.03113273106323836,7195,0.06754300004104152,0.00642717671054123,0.9751216122307158,0.011396803335649757
air05,learned_v2,300,2,node_limit,node_limit,26435.0,26374.0,0.002312883900811405,0.003938906752411163,401,0.16888204199494794,35.44594887498533,224,0.03113273106323836,7195,0.06959541700780392,0.00642717671054123,0.9751216122307158,0.011396803335649757
air05,learned_v2,60,0,node_limit,node_limit,26611.0,26374.0,0.008986122696595131,0.003569952275374982,401,0.16662366699893028,35.31205712497467,224,0.03113273106323836,7195,0.06917766598053277,0.00642717671054123,0.9751216122307158,0.011396803335649757
air05,learned_v2,60,1,node_limit,node_limit,26611.0,26374.0,0.008986122696595131,0.003569952275374982,401,0.16718904196750373,35.362414916977286,224,0.03113273106323836,7195,0.06901725003262982,0.00642717671054123,0.9751216122307158,0.011396803335649757
air05,learned_v2,60,2,node_limit,node_limit,26611.0,26374.0,0.008986122696595131,0.003569952275374982,401,0.16688387503381819,35.305461167008616,224,0.03113273106323836,7195,0.06849595799576491,0.00642717671054123,0.9751216122307158,0.011396803335649757
air05,learned_v2,900,0,node_limit,node_limit,26611.0,26374.0,0.008986122696595131,0.003569952275374982,401,0.16656358301406726,35.63682662503561,224,0.03113273106323836,7195,0.06875412497902289,0.00642717671054123,0.9751216122307158,0.011396803335649757
air05,learned_v2,900,1,node_limit,node_limit,26611.0,26374.0,0.008986122696595131,0.003569952275374982,401,0.16557329194620252,35.80910449998919,224,0.03113273106323836,7195,0.06778004200896248,0.00642717671054123,0.9751216122307158,0.011396803335649757
air05,learned_v2,900,2,node_limit,node_limit,26611.0,26374.0,0.008986122696595131,0.003569952275374982,401,0.1654654999729246,36.03245012497064,224,0.03113273106323836,7195,0.067571458988823,0.00642717671054123,0.9751216122307158,0.011396803335649757
air05,random_uniform,10,0,time_limit,time_limit,29774.0,26374.0,0.12891484037309472,0.11224410164415062,95,0.19803083303850144,10.002021083026193,224,0.03113273106323836,7195,0.10297762497793883,0.00642717671054123,0.9751216122307158,0.011396803335649757
air05,random_uniform,10,0,time_limit,time_limit,29888.0,26374.0,0.13323727913854555,0.11563021554981734,89,0.21122570900479332,10.003310208965559,224,0.03113273106323836,7195,0.11425554199377075,0.00642717671054123,0.9751216122307158,0.011396803335649757
air05,random_uniform,10,1,time_limit,time_limit,29888.0,26374.0,0.13323727913854555,0.12045864440818589,89,0.21063954196870327,10.002160708012525,224,0.03113273106323836,7195,0.11398516700137407,0.00642717671054123,0.9751216122307158,0.011396803335649757
air05,random_uniform,10,2,time_limit,time_limit,27867.0,26374.0,0.05660878137559718,0.03007467287798833,99,0.21152175002498552,10.027979875041638,224,0.03113273106323836,7195,0.11519425001461059,0.00642717671054123,0.9751216122307158,0.011396803335649757
air05,random_uniform,300,0,node_limit,node_limit,29888.0,26374.0,0.13323727913854555,0.10101876385172312,401,0.21181708300719038,43.41676379099954,224,0.03113273106323836,7195,0.115032333007548,0.00642717671054123,0.9751216122307158,0.011396803335649757
air05,random_uniform,300,1,node_limit,node_limit,29323.0,26374.0,0.11181466595889891,0.09062923734817606,401,0.21355795802082866,43.135858250025194,224,0.03113273106323836,7195,0.11665845796233043,0.00642717671054123,0.9751216122307158,0.011396803335649757
air05,random_uniform,300,2,node_limit,node_limit,26613.0,26374.0,0.009061954955638128,0.00014213387050119783,401,0.2118943749810569,38.66507250000723,224,0.03113273106323836,7195,0.11511829105438665,0.00642717671054123,0.9751216122307158,0.011396803335649757
air05,random_uniform,60,0,node_limit,node_limit,29888.0,26374.0,0.13323727913854555,0.10101876385172312,401,0.21205324999755248,43.65705395897385,224,0.03113273106323836,7195,0.11538299999665469,0.00642717671054123,0.9751216122307158,0.011396803335649757
air05,random_uniform,60,1,node_limit,node_limit,28873.0,26374.0,0.09475240767422462,0.07645624378348514,401,0.2124414580175653,42.86523183301324,224,0.03113273106323836,7195,0.11544212501030415,0.00642717671054123,0.9751216122307158,0.011396803335649757
air05,random_uniform,60,2,node_limit,node_limit,26625.0,26374.0,0.00951694850989611,0.00016364855801496991,401,0.2112404169747606,38.2121399170137,224,0.03113273106323836,7195,0.11449695803457871,0.00642717671054123,0.9751216122307158,0.011396803335649757
air05,random_uniform,900,0,node_limit,node_limit,29888.0,26374.0,0.13323727913854555,0.10101876385172312,401,0.21164562494959682,43.899607832951006,224,0.03113273106323836,7195,0.11474799999268726,0.00642717671054123,0.9751216122307158,0.011396803335649757
air05,random_uniform,900,1,node_limit,node_limit,29323.0,26374.0,0.11181466595889891,0.09062923734817606,401,0.21163412497844547,43.045849499991164,224,0.03113273106323836,7195,0.11525016598170623,0.00642717671054123,0.9751216122307158,0.011396803335649757
air05,random_uniform,900,2,node_limit,node_limit,26625.0,26374.0,0.00951694850989611,0.00016364855801496991,401,0.2160953750135377,38.46197991701774,224,0.03113273106323836,7195,0.11854479199973866,0.00642717671054123,0.9751216122307158,0.011396803335649757
air05,safeguarded_hybrid,10,0,time_limit,time_limit,27895.0,26374.0,0.05767043300219914,0.04075292274658964,93,0.21121658303309232,10.000423500023317,224,0.03113273106323836,7195,0.11496466700918972,0.00642717671054123,0.9751216122307158,0.011396803335649757
air05,safeguarded_hybrid,10,1,time_limit,time_limit,26738.0,26374.0,0.013801471145825434,0.0018083978299227963,105,0.21168125001713634,10.027805750025436,224,0.03113273106323836,7195,0.11479541601147503,0.00642717671054123,0.9751216122307158,0.011396803335649757
air05,safeguarded_hybrid,10,2,time_limit,time_limit,29849.0,26374.0,0.1317585500872071,0.08367102337805571,97,0.21199737495044246,10.002304875000846,224,0.03113273106323836,7195,0.11546825000550598,0.00642717671054123,0.9751216122307158,0.011396803335649757
air05,safeguarded_hybrid,300,0,node_limit,node_limit,26911.0,26374.0,0.020360961553044666,0.0012441628578153993,401,0.2110587500501424,35.89094358304283,224,0.03113273106323836,7195,0.11453620798420161,0.00642717671054123,0.9751216122307158,0.011396803335649757
air05,safeguarded_hybrid,300,1,node_limit,node_limit,26725.0,26374.0,0.013308561462045954,0.00238407234476857,401,0.2123977080336772,35.55756433302304,224,0.03113273106323836,7195,0.11483333300566301,0.00642717671054123,0.9751216122307158,0.011396803335649757
air05,safeguarded_hybrid,300,2,node_limit,node_limit,27406.999999999847,26374.0,0.0391673617957021,0.00026833169141177074,401,0.213715709047392,34.28105883405078,224,0.03113273106323836,7195,0.11654245795216411,0.00642717671054123,0.9751216122307158,0.011396803335649757
air05,safeguarded_hybrid,60,0,node_limit,node_limit,26875.0,26374.0,0.01899598089027072,0.00010269656905519971,401,0.2123463330208324,36.15022854198469,224,0.03113273106323836,7195,0.11527887498959899,0.00642717671054123,0.9751216122307158,0.011396803335649757
air05,safeguarded_hybrid,60,1,node_limit,node_limit,26725.0,26374.0,0.013308561462045954,0.00238407234476857,401,0.20991783298086375,35.428081874968484,224,0.03113273106323836,7195,0.11284816695842892,0.00642717671054123,0.9751216122307158,0.011396803335649757
air05,safeguarded_hybrid,60,2,node_limit,node_limit,27406.999999999847,26374.0,0.0391673617957021,0.00026833169141177074,401,0.21159762499155477,34.14401774998987,224,0.03113273106323836,7195,0.1145714579615742,0.00642717671054123,0.9751216122307158,0.011396803335649757
air05,safeguarded_hybrid,900,0,node_limit,node_limit,26911.0,26374.0,0.020360961553044666,0.0012441628578153993,401,0.21555208298377693,36.17431841697544,224,0.03113273106323836,7195,0.11809858400374651,0.00642717671054123,0.9751216122307158,0.011396803335649757
air05,safeguarded_hybrid,900,1,node_limit,node_limit,26725.0,26374.0,0.013308561462045954,0.00238407234476857,401,0.21348191698780283,35.79826054198202,224,0.03113273106323836,7195,0.11648429202614352,0.00642717671054123,0.9751216122307158,0.011396803335649757
air05,safeguarded_hybrid,900,2,node_limit,node_limit,27470.0,26374.0,0.04155607795556229,0.0010315991324724718,401,0.21283937495900318,34.40747466596076,224,0.03113273106323836,7195,0.11549120902782306,0.00642717671054123,0.9751216122307158,0.011396803335649757
atlanta-ip,best_bound,10,0,time_limit,time_limit,,90.009878614,,,1,,12.140554166981019,2069,0.04423492185662669,46773,12.140125041012652,0.007100971822800775,0.9713716330597638,0.012107056378168727
atlanta-ip,best_bound,10,1,time_limit,time_limit,,90.009878614,,,1,,12.230611457955092,2069,0.04423492185662669,46773,12.230147082998883,0.007100971822800775,0.9713716330597638,0.012107056378168727
atlanta-ip,best_bound,10,2,time_limit,time_limit,,90.009878614,,,1,,12.059510999999475,2069,0.04423492185662669,46773,12.05902549996972,0.007100971822800775,0.9713716330597638,0.012107056378168727
atlanta-ip,best_bound,300,0,time_limit,time_limit,,90.009878614,,,185,,300.00791225000285,2069,0.04423492185662669,46773,12.343377999961376,0.007100971822800775,0.9713716330597638,0.012107056378168727
atlanta-ip,best_bound,300,1,time_limit,time_limit,,90.009878614,,,169,,300.00825925002573,2069,0.04423492185662669,46773,12.202672166982666,0.007100971822800775,0.9713716330597638,0.012107056378168727
atlanta-ip,best_bound,300,2,time_limit,time_limit,,90.009878614,,,183,,300.00502966699423,2069,0.04423492185662669,46773,12.25052704202244,0.007100971822800775,0.9713716330597638,0.012107056378168727
atlanta-ip,best_bound,60,0,time_limit,time_limit,,90.009878614,,,15,,60.00549270800548,2069,0.04423492185662669,46773,12.171376916987356,0.007100971822800775,0.9713716330597638,0.012107056378168727
atlanta-ip,best_bound,60,1,time_limit,time_limit,,90.009878614,,,15,,60.00546087499242,2069,0.04423492185662669,46773,12.260479458025657,0.007100971822800775,0.9713716330597638,0.012107056378168727
atlanta-ip,best_bound,60,2,time_limit,time_limit,,90.009878614,,,15,,60.004510959028266,2069,0.04423492185662669,46773,12.270419832959305,0.007100971822800775,0.9713716330597638,0.012107056378168727
atlanta-ip,best_bound,900,0,node_limit,node_limit,,90.009878614,,,401,,499.5293190840166,2069,0.04423492185662669,46773,12.380603666999377,0.007100971822800775,0.9713716330597638,0.012107056378168727
atlanta-ip,best_bound,900,1,node_limit,node_limit,,90.009878614,,,401,,541.0836127499933,2069,0.04423492185662669,46773,12.16843337501632,0.007100971822800775,0.9713716330597638,0.012107056378168727
atlanta-ip,best_bound,900,2,node_limit,node_limit,,90.009878614,,,401,,504.2357130839955,2069,0.04423492185662669,46773,12.34741116699297,0.007100971822800775,0.9713716330597638,0.012107056378168727
atlanta-ip,best_estimate,10,0,time_limit,time_limit,,90.009878614,,,1,,12.229862499982119,2069,0.04423492185662669,46773,12.229408790997695,0.007100971822800775,0.9713716330597638,0.012107056378168727
atlanta-ip,best_estimate,10,1,time_limit,time_limit,,90.009878614,,,1,,12.098770916985814,2069,0.04423492185662669,46773,12.098308291984722,0.007100971822800775,0.9713716330597638,0.012107056378168727
atlanta-ip,best_estimate,10,2,time_limit,time_limit,,90.009878614,,,1,,12.08974029199453,2069,0.04423492185662669,46773,12.089336499979254,0.007100971822800775,0.9713716330597638,0.012107056378168727
atlanta-ip,best_estimate,300,0,time_limit,time_limit,,90.009878614,,,107,,300.0137971250224,2069,0.04423492185662669,46773,12.209504541999195,0.007100971822800775,0.9713716330597638,0.012107056378168727
atlanta-ip,best_estimate,300,1,time_limit,time_limit,,90.009878614,,,105,,300.0050019590417,2069,0.04423492185662669,46773,12.244617833988741,0.007100971822800775,0.9713716330597638,0.012107056378168727
atlanta-ip,best_estimate,300,2,time_limit,time_limit,,90.009878614,,,105,,300.0053179170354,2069,0.04423492185662669,46773,12.238735207996797,0.007100971822800775,0.9713716330597638,0.012107056378168727
atlanta-ip,best_estimate,60,0,time_limit,time_limit,,90.009878614,,,15,,60.00475187494885,2069,0.04423492185662669,46773,12.217784540960565,0.007100971822800775,0.9713716330597638,0.012107056378168727
atlanta-ip,best_estimate,60,1,time_limit,time_limit,,90.009878614,,,15,,60.005371832987294,2069,0.04423492185662669,46773,12.354290874965955,0.007100971822800775,0.9713716330597638,0.012107056378168727
atlanta-ip,best_estimate,60,2,time_limit,time_limit,,90.009878614,,,15,,60.00512870796956,2069,0.04423492185662669,46773,12.271236292028334,0.007100971822800775,0.9713716330597638,0.012107056378168727
atlanta-ip,best_estimate,900,0,time_limit,time_limit,,90.009878614,,,367,,900.0049875829718,2069,0.04423492185662669,46773,12.49348549998831,0.007100971822800775,0.9713716330597638,0.012107056378168727
atlanta-ip,best_estimate,900,1,node_limit,node_limit,,90.009878614,,,401,,883.9647805000423,2069,0.04423492185662669,46773,12.330301416979637,0.007100971822800775,0.9713716330597638,0.012107056378168727
atlanta-ip,best_estimate,900,2,time_limit,time_limit,,90.009878614,,,367,,900.0017273330013,2069,0.04423492185662669,46773,12.422969791979995,0.007100971822800775,0.9713716330597638,0.012107056378168727
atlanta-ip,boltzmann_adaptive,10,0,time_limit,time_limit,,90.009878614,,,1,,12.094293667003512,2069,0.04423492185662669,46773,12.093856416002382,0.007100971822800775,0.9713716330597638,0.012107056378168727
atlanta-ip,boltzmann_adaptive,10,1,time_limit,time_limit,,90.009878614,,,1,,12.081846625020262,2069,0.04423492185662669,46773,12.081448082986753,0.007100971822800775,0.9713716330597638,0.012107056378168727
atlanta-ip,boltzmann_adaptive,10,2,time_limit,time_limit,,90.009878614,,,1,,12.135460041987244,2069,0.04423492185662669,46773,12.135036624968052,0.007100971822800775,0.9713716330597638,0.012107056378168727
atlanta-ip,boltzmann_adaptive,300,0,time_limit,time_limit,,90.009878614,,,79,,300.01660816697404,2069,0.04423492185662669,46773,12.26590237498749,0.007100971822800775,0.9713716330597638,0.012107056378168727
atlanta-ip,boltzmann_adaptive,300,1,time_limit,time_limit,,90.009878614,,,81,,300.00762783299433,2069,0.04423492185662669,46773,12.244251916999929,0.007100971822800775,0.9713716330597638,0.012107056378168727
atlanta-ip,boltzmann_adaptive,300,2,time_limit,time_limit,,90.009878614,,,81,,300.0057178750285,2069,0.04423492185662669,46773,12.251118334010243,0.007100971822800775,0.9713716330597638,0.012107056378168727
atlanta-ip,boltzmann_adaptive,60,0,time_limit,time_limit,,90.009878614,,,15,,60.01614949997747,2069,0.04423492185662669,46773,12.360938459052704,0.007100971822800775,0.9713716330597638,0.012107056378168727
atlanta-ip,boltzmann_adaptive,60,1,time_limit,time_limit,,90.009878614,,,15,,60.017182749987114,2069,0.04423492185662669,46773,12.245203584025148,0.007100971822800775,0.9713716330597638,0.012107056378168727
atlanta-ip,boltzmann_adaptive,60,2,time_limit,time_limit,,90.009878614,,,15,,60.01759929198306,2069,0.04423492185662669,46773,12.178049417037982,0.007100971822800775,0.9713716330597638,0.012107056378168727
atlanta-ip,boltzmann_adaptive,900,0,time_limit,time_limit,,90.009878614,,,243,,900.0052676250343,2069,0.04423492185662669,46773,12.237424624967389,0.007100971822800775,0.9713716330597638,0.012107056378168727
atlanta-ip,boltzmann_adaptive,900,1,time_limit,time_limit,,90.009878614,,,251,,900.0052760830149,2069,0.04423492185662669,46773,12.304552000015974,0.007100971822800775,0.9713716330597638,0.012107056378168727
atlanta-ip,boltzmann_adaptive,900,2,time_limit,time_limit,,90.009878614,,,255,,900.0017004580004,2069,0.04423492185662669,46773,12.434550000005402,0.007100971822800775,0.9713716330597638,0.012107056378168727
atlanta-ip,depth_first,10,0,time_limit,time_limit,,90.009878614,,,1,,12.151085417019203,2069,0.04423492185662669,46773,12.150669665948953,0.007100971822800775,0.9713716330597638,0.012107056378168727
atlanta-ip,depth_first,10,1,time_limit,time_limit,,90.009878614,,,1,,12.182606832997408,2069,0.04423492185662669,46773,12.182179542025551,0.007100971822800775,0.9713716330597638,0.012107056378168727
atlanta-ip,depth_first,10,2,time_limit,time_limit,,90.009878614,,,1,,12.066487709002104,2069,0.04423492185662669,46773,12.066114375018515,0.007100971822800775,0.9713716330597638,0.012107056378168727
atlanta-ip,depth_first,300,0,time_limit,time_limit,,90.009878614,,,183,,300.004654291959,2069,0.04423492185662669,46773,12.33332649996737,0.007100971822800775,0.9713716330597638,0.012107056378168727
atlanta-ip,depth_first,300,1,time_limit,time_limit,,90.009878614,,,169,,300.005496125028,2069,0.04423492185662669,46773,12.255586582992692,0.007100971822800775,0.9713716330597638,0.012107056378168727
atlanta-ip,depth_first,300,2,time_limit,time_limit,,90.009878614,,,183,,300.00382695900043,2069,0.04423492185662669,46773,12.292584042006638,0.007100971822800775,0.9713716330597638,0.012107056378168727
atlanta-ip,depth_first,60,0,time_limit,time_limit,,90.009878614,,,15,,60.00563916703686,2069,0.04423492185662669,46773,12.171341374982148,0.007100971822800775,0.9713716330597638,0.012107056378168727
atlanta-ip,depth_first,60,1,time_limit,time_limit,,90.009878614,,,15,,60.003865667036735,2069,0.04423492185662669,46773,12.238271125010215,0.007100971822800775,0.9713716330597638,0.012107056378168727
atlanta-ip,depth_first,60,2,time_limit,time_limit,,90.009878614,,,15,,60.0041732499958,2069,0.04423492185662669,46773,12.129190542036667,0.007100971822800775,0.9713716330597638,0.012107056378168727
atlanta-ip,depth_first,900,0,node_limit,node_limit,,90.009878614,,,401,,500.17065983300563,2069,0.04423492185662669,46773,12.422988667036407,0.007100971822800775,0.9713716330597638,0.012107056378168727
atlanta-ip,depth_first,900,1,node_limit,node_limit,,90.009878614,,,401,,537.9396947080386,2069,0.04423492185662669,46773,12.425673458026722,0.007100971822800775,0.9713716330597638,0.012107056378168727
atlanta-ip,depth_first,900,2,node_limit,node_limit,,90.009878614,,,401,,501.07279708300484,2069,0.04423492185662669,46773,12.396926582965534,0.007100971822800775,0.9713716330597638,0.012107056378168727
atlanta-ip,greedy_score,10,0,time_limit,time_limit,,90.009878614,,,1,,12.16865870798938,2069,0.04423492185662669,46773,12.168255499971565,0.007100971822800775,0.9713716330597638,0.012107056378168727
atlanta-ip,greedy_score,10,1,time_limit,time_limit,,90.009878614,,,1,,12.155098250019364,2069,0.04423492185662669,46773,12.154703166976105,0.007100971822800775,0.9713716330597638,0.012107056378168727
atlanta-ip,greedy_score,10,2,time_limit,time_limit,,90.009878614,,,1,,12.120699083025102,2069,0.04423492185662669,46773,12.120269250008278,0.007100971822800775,0.9713716330597638,0.012107056378168727
atlanta-ip,greedy_score,300,0,time_limit,time_limit,,90.009878614,,,81,,300.00496779201785,2069,0.04423492185662669,46773,12.26477958302712,0.007100971822800775,0.9713716330597638,0.012107056378168727
atlanta-ip,greedy_score,300,1,time_limit,time_limit,,90.009878614,,,81,,300.00402533402666,2069,0.04423492185662669,46773,12.308078666974325,0.007100971822800775,0.9713716330597638,0.012107056378168727
atlanta-ip,greedy_score,300,2,time_limit,time_limit,,90.009878614,,,81,,300.0042864170391,2069,0.04423492185662669,46773,12.201654666976538,0.007100971822800775,0.9713716330597638,0.012107056378168727
atlanta-ip,greedy_score,60,0,time_limit,time_limit,,90.009878614,,,15,,60.01677312498214,2069,0.04423492185662669,46773,12.156039541994687,0.007100971822800775,0.9713716330597638,0.012107056378168727
atlanta-ip,greedy_score,60,1,time_limit,time_limit,,90.009878614,,,15,,60.015928749984596,2069,0.04423492185662669,46773,12.402157708012965,0.007100971822800775,0.9713716330597638,0.012107056378168727
atlanta-ip,greedy_score,60,2,time_limit,time_limit,,90.009878614,,,15,,60.01766729197698,2069,0.04423492185662669,46773,12.310406333010178,0.007100971822800775,0.9713716330597638,0.012107056378168727
atlanta-ip,greedy_score,900,0,time_limit,time_limit,,90.009878614,,,251,,900.0055045419722,2069,0.04423492185662669,46773,12.264372166013345,0.007100971822800775,0.9713716330597638,0.012107056378168727
atlanta-ip,greedy_score,900,1,time_limit,time_limit,,90.009878614,,,251,,900.0057809160207,2069,0.04423492185662669,46773,12.46046504197875,0.007100971822800775,0.9713716330597638,0.012107056378168727
atlanta-ip,greedy_score,900,2,time_limit,time_limit,,90.009878614,,,255,,900.0068254999933,2069,0.04423492185662669,46773,12.316838457947597,0.007100971822800775,0.9713716330597638,0.012107056378168727
atlanta-ip,hybrid_best_bound_depth,10,0,time_limit,time_limit,,90.009878614,,,1,,12.140805332979653,2069,0.04423492185662669,46773,12.140347332984675,0.007100971822800775,0.9713716330597638,0.012107056378168727
atlanta-ip,hybrid_best_bound_depth,10,1,time_limit,time_limit,,90.009878614,,,1,,12.240571334026754,2069,0.04423492185662669,46773,12.240122958028223,0.007100971822800775,0.9713716330597638,0.012107056378168727
atlanta-ip,hybrid_best_bound_depth,10,2,time_limit,time_limit,,90.009878614,,,1,,12.136250250041485,2069,0.04423492185662669,46773,12.135835084016435,0.007100971822800775,0.9713716330597638,0.012107056378168727
atlanta-ip,hybrid_best_bound_depth,300,0,time_limit,time_limit,,90.009878614,,,185,,300.0071784580359,2069,0.04423492185662669,46773,12.368605625000782,0.007100971822800775,0.9713716330597638,0.012107056378168727
atlanta-ip,hybrid_best_bound_depth,300,1,time_limit,time_limit,,90.009878614,,,167,,300.00463887496153,2069,0.04423492185662669,46773,12.166601624980103,0.007100971822800775,0.9713716330597638,0.012107056378168727
atlanta-ip,hybrid_best_bound_depth,300,2,time_limit,time_limit,,90.009878614,,,183,,300.0034099589684,2069,0.04423492185662669,46773,12.28651137498673,0.007100971822800775,0.9713716330597638,0.012107056378168727
atlanta-ip,hybrid_best_bound_depth,60,0,time_limit,time_limit,,90.009878614,,,15,,60.00372087501455,2069,0.04423492185662669,46773,12.176060875004623,0.007100971822800775,0.9713716330597638,0.012107056378168727
atlanta-ip,hybrid_best_bound_depth,60,1,time_limit,time_limit,,90.009878614,,,15,,60.005733958038036,2069,0.04423492185662669,46773,12.204786625050474,0.007100971822800775,0.9713716330597638,0.012107056378168727
atlanta-ip,hybrid_best_bound_depth,60,2,time_limit,time_limit,,90.009878614,,,15,,60.00490191701101,2069,0.04423492185662669,46773,12.386351916997228,0.007100971822800775,0.9713716330597638,0.012107056378168727
atlanta-ip,hybrid_best_bound_depth,900,0,node_limit,node_limit,,90.009878614,,,401,,499.5971730830497,2069,0.04423492185662669,46773,12.27709245798178,0.007100971822800775,0.9713716330597638,0.012107056378168727
atlanta-ip,hybrid_best_bound_depth,900,1,node_limit,node_limit,,90.009878614,,,401,,539.4572470830171,2069,0.04423492185662669,46773,12.372378583997488,0.007100971822800775,0.9713716330597638,0.012107056378168727
atlanta-ip,hybrid_best_bound_depth,900,2,node_limit,node_limit,,90.009878614,,,401,,501.42018974997336,2069,0.04423492185662669,46773,12.451222791045438,0.007100971822800775,0.9713716330597638,0.012107056378168727
atlanta-ip,learned_portfolio,10,0,time_limit,time_limit,,90.009878614,,,3,,10.005184583016671,2069,0.04423492185662669,46773,3.168041541997809,0.007100971822800775,0.9713716330597638,0.012107056378168727
atlanta-ip,learned_portfolio,10,1,time_limit,time_limit,,90.009878614,,,3,,10.003069500031415,2069,0.04423492185662669,46773,3.1672210000106134,0.007100971822800775,0.9713716330597638,0.012107056378168727
atlanta-ip,learned_portfolio,10,2,time_limit,time_limit,,90.009878614,,,3,,10.005008874984924,2069,0.04423492185662669,46773,3.212362624995876,0.007100971822800775,0.9713716330597638,0.012107056378168727
atlanta-ip,learned_portfolio,300,0,time_limit,time_limit,,90.009878614,,,79,,300.0020939169917,2069,0.04423492185662669,46773,3.4529377089929767,0.007100971822800775,0.9713716330597638,0.012107056378168727
atlanta-ip,learned_portfolio,300,1,time_limit,time_limit,,90.009878614,,,83,,300.0009296670323,2069,0.04423492185662669,46773,3.474039332999382,0.007100971822800775,0.9713716330597638,0.012107056378168727
atlanta-ip,learned_portfolio,300,2,time_limit,time_limit,,90.009878614,,,79,,300.00710595800774,2069,0.04423492185662669,46773,3.4575070420396514,0.007100971822800775,0.9713716330597638,0.012107056378168727
atlanta-ip,learned_portfolio,60,0,time_limit,time_limit,,90.009878614,,,17,,60.00615870801266,2069,0.04423492185662669,46773,3.2103580000111833,0.007100971822800775,0.9713716330597638,0.012107056378168727
atlanta-ip,learned_portfolio,60,1,time_limit,time_limit,,90.009878614,,,17,,60.00742212496698,2069,0.04423492185662669,46773,3.2022754999925382,0.007100971822800775,0.9713716330597638,0.012107056378168727
atlanta-ip,learned_portfolio,60,2,time_limit,time_limit,,90.009878614,,,17,,60.008174624992535,2069,0.04423492185662669,46773,3.2010264580021612,0.007100971822800775,0.9713716330597638,0.012107056378168727
atlanta-ip,learned_portfolio,900,0,time_limit,time_limit,,90.009878614,,,257,,900.0043309999746,2069,0.04423492185662669,46773,3.499033666041214,0.007100971822800775,0.9713716330597638,0.012107056378168727
atlanta-ip,learned_portfolio,900,1,time_limit,time_limit,,90.009878614,,,315,,900.0068953330046,2069,0.04423492185662669,46773,3.515698249975685,0.007100971822800775,0.9713716330597638,0.012107056378168727
atlanta-ip,learned_portfolio,900,2,time_limit,time_limit,,90.009878614,,,289,,900.2247568750172,2069,0.04423492185662669,46773,3.4946537080104463,0.007100971822800775,0.9713716330597638,0.012107056378168727
atlanta-ip,learned_v2,10,0,time_limit,time_limit,,90.009878614,,,3,,10.005971374979708,2069,0.04423492185662669,46773,3.5031242090044543,0.007100971822800775,0.9713716330597638,0.012107056378168727
atlanta-ip,learned_v2,10,1,time_limit,time_limit,,90.009878614,,,3,,10.006132374983281,2069,0.04423492185662669,46773,3.44558587501524,0.007100971822800775,0.9713716330597638,0.012107056378168727
atlanta-ip,learned_v2,10,2,time_limit,time_limit,,90.009878614,,,3,,10.006608915980905,2069,0.04423492185662669,46773,3.4481677089934237,0.007100971822800775,0.9713716330597638,0.012107056378168727
atlanta-ip,learned_v2,300,0,time_limit,time_limit,,90.009878614,,,185,,300.005028375017,2069,0.04423492185662669,46773,3.53961995895952,0.007100971822800775,0.9713716330597638,0.012107056378168727
atlanta-ip,learned_v2,300,1,time_limit,time_limit,,90.009878614,,,171,,300.0048890840262,2069,0.04423492185662669,46773,3.5477495419909246,0.007100971822800775,0.9713716330597638,0.012107056378168727
atlanta-ip,learned_v2,300,2,time_limit,time_limit,,90.009878614,,,185,,300.0043727919692,2069,0.04423492185662669,46773,3.577451042016037,0.007100971822800775,0.9713716330597638,0.012107056378168727
atlanta-ip,learned_v2,60,0,time_limit,time_limit,,90.009878614,,,17,,60.01828429201851,2069,0.04423492185662669,46773,3.4362350840237923,0.007100971822800775,0.9713716330597638,0.012107056378168727
atlanta-ip,learned_v2,60,1,time_limit,time_limit,,90.009878614,,,17,,60.02017920900835,2069,0.04423492185662669,46773,3.4929377090302296,0.007100971822800775,0.9713716330597638,0.012107056378168727
atlanta-ip,learned_v2,60,2,time_limit,time_limit,,90.009878614,,,17,,60.01945874997182,2069,0.04423492185662669,46773,3.3898663749569096,0.007100971822800775,0.9713716330597638,0.012107056378168727
atlanta-ip,learned_v2,900,0,node_limit,node_limit,,90.009878614,,,401,,491.22937479201937,2069,0.04423492185662669,46773,3.646190083003603,0.007100971822800775,0.9713716330597638,0.012107056378168727
atlanta-ip,learned_v2,900,1,node_limit,node_limit,,90.009878614,,,401,,528.8466663329746,2069,0.04423492185662669,46773,3.5736232090275735,0.007100971822800775,0.9713716330597638,0.012107056378168727
atlanta-ip,learned_v2,900,2,node_limit,node_limit,,90.009878614,,,401,,494.1223655830254,2069,0.04423492185662669,46773,3.709599625028204,0.007100971822800775,0.9713716330597638,0.012107056378168727
atlanta-ip,random_uniform,10,0,time_limit,time_limit,,90.009878614,,,1,,12.171594291983638,2069,0.04423492185662669,46773,12.171176832984202,0.007100971822800775,0.9713716330597638,0.012107056378168727
atlanta-ip,random_uniform,10,1,time_limit,time_limit,,90.009878614,,,1,,12.177281666023191,2069,0.04423492185662669,46773,12.176833875011653,0.007100971822800775,0.9713716330597638,0.012107056378168727
atlanta-ip,random_uniform,10,2,time_limit,time_limit,,90.009878614,,,1,,12.07267929194495,2069,0.04423492185662669,46773,12.072254333994351,0.007100971822800775,0.9713716330597638,0.012107056378168727
atlanta-ip,random_uniform,300,0,time_limit,time_limit,,90.009878614,,,79,,300.006479499978,2069,0.04423492185662669,46773,12.222125707950909,0.007100971822800775,0.9713716330597638,0.012107056378168727
atlanta-ip,random_uniform,300,1,time_limit,time_limit,,90.009878614,,,79,,300.0052543330239,2069,0.04423492185662669,46773,12.225433166953735,0.007100971822800775,0.9713716330597638,0.012107056378168727
atlanta-ip,random_uniform,300,2,time_limit,time_limit,,90.009878614,,,83,,300.00527783297,2069,0.04423492185662669,46773,12.288478250033222,0.007100971822800775,0.9713716330597638,0.012107056378168727
atlanta-ip,random_uniform,60,0,time_limit,time_limit,,90.009878614,,,15,,60.00748858303996,2069,0.04423492185662669,46773,12.21075770794414,0.007100971822800775,0.9713716330597638,0.012107056378168727
atlanta-ip,random_uniform,60,1,time_limit,time_limit,,90.009878614,,,15,,60.007582999998704,2069,0.04423492185662669,46773,12.213978708023205,0.007100971822800775,0.9713716330597638,0.012107056378168727
atlanta-ip,random_uniform,60,2,time_limit,time_limit,,90.009878614,,,15,,60.01715629204409,2069,0.04423492185662669,46773,12.337446208985057,0.007100971822800775,0.9713716330597638,0.012107056378168727
atlanta-ip,random_uniform,900,0,time_limit,time_limit,,90.009878614,,,243,,900.0058882499579,2069,0.04423492185662669,46773,12.204339541960508,0.007100971822800775,0.9713716330597638,0.012107056378168727
atlanta-ip,random_uniform,900,1,time_limit,time_limit,,90.009878614,,,251,,900.0082113749813,2069,0.04423492185662669,46773,12.315725958033,0.007100971822800775,0.9713716330597638,0.012107056378168727
atlanta-ip,random_uniform,900,2,time_limit,time_limit,,90.009878614,,,275,,900.0069612499792,2069,0.04423492185662669,46773,12.37789512501331,0.007100971822800775,0.9713716330597638,0.012107056378168727
atlanta-ip,safeguarded_hybrid,10,0,time_limit,time_limit,,90.009878614,,,1,,12.147498167003505,2069,0.04423492185662669,46773,12.147056791989598,0.007100971822800775,0.9713716330597638,0.012107056378168727
atlanta-ip,safeguarded_hybrid,10,1,time_limit,time_limit,,90.009878614,,,1,,12.036627000023145,2069,0.04423492185662669,46773,12.036253458005376,0.007100971822800775,0.9713716330597638,0.012107056378168727
atlanta-ip,safeguarded_hybrid,10,2,time_limit,time_limit,,90.009878614,,,1,,12.161320708983112,2069,0.04423492185662669,46773,12.16088545799721,0.007100971822800775,0.9713716330597638,0.012107056378168727
atlanta-ip,safeguarded_hybrid,300,0,time_limit,time_limit,,90.009878614,,,81,,300.0082434579963,2069,0.04423492185662669,46773,12.378975041036028,0.007100971822800775,0.9713716330597638,0.012107056378168727
atlanta-ip,safeguarded_hybrid,300,1,time_limit,time_limit,,90.009878614,,,83,,300.00540283398004,2069,0.04423492185662669,46773,12.352538082981482,0.007100971822800775,0.9713716330597638,0.012107056378168727
atlanta-ip,safeguarded_hybrid,300,2,time_limit,time_limit,,90.009878614,,,79,,300.0067352919723,2069,0.04423492185662669,46773,12.274234500015154,0.007100971822800775,0.9713716330597638,0.012107056378168727
atlanta-ip,safeguarded_hybrid,60,0,time_limit,time_limit,,90.009878614,,,15,,60.01956016704207,2069,0.04423492185662669,46773,12.381316041981336,0.007100971822800775,0.9713716330597638,0.012107056378168727
atlanta-ip,safeguarded_hybrid,60,1,time_limit,time_limit,,90.009878614,,,15,,60.00801537500229,2069,0.04423492185662669,46773,12.265974125009961,0.007100971822800775,0.9713716330597638,0.012107056378168727
atlanta-ip,safeguarded_hybrid,60,2,time_limit,time_limit,,90.009878614,,,15,,60.00910800002748,2069,0.04423492185662669,46773,12.235230707970913,0.007100971822800775,0.9713716330597638,0.012107056378168727
atlanta-ip,safeguarded_hybrid,900,0,time_limit,time_limit,,90.009878614,,,253,,900.0077085419907,2069,0.04423492185662669,46773,12.205375999968965,0.007100971822800775,0.9713716330597638,0.012107056378168727
atlanta-ip,safeguarded_hybrid,900,1,time_limit,time_limit,,90.009878614,,,309,,900.0954181669513,2069,0.04423492185662669,46773,12.350066874991171,0.007100971822800775,0.9713716330597638,0.012107056378168727
atlanta-ip,safeguarded_hybrid,900,2,time_limit,time_limit,,90.009878614,,,285,,900.0065316249966,2069,0.04423492185662669,46773,12.31592008296866,0.007100971822800775,0.9713716330597638,0.012107056378168727
csched007,best_bound,10,0,time_limit,time_limit,,350.9999999999955,,,217,,10.007100750051904,84,0.05765271105010295,1457,0.0332485829712823,0.015226983037552707,0.9485243651338366,0.03225806451612903
csched007,best_bound,10,1,time_limit,time_limit,,350.9999999999955,,,235,,10.007822500017937,84,0.05765271105010295,1457,0.03399558301316574,0.015226983037552709,0.9485243651338366,0.03225806451612903
csched007,best_bound,10,2,time_limit,time_limit,,350.9999999999955,,,237,,10.003871834021993,84,0.05765271105010295,1457,0.03389579203212634,0.015226983037552743,0.9485243651338366,0.03225806451612903
csched007,best_bound,300,0,node_limit,node_limit,,350.9999999999955,,,401,,17.217993542028125,84,0.05765271105010295,1457,0.03295158303808421,0.015226983037552707,0.9485243651338366,0.03225806451612903
csched007,best_bound,300,1,node_limit,node_limit,,350.9999999999955,,,401,,16.399893417023122,84,0.05765271105010295,1457,0.034133083012420684,0.015226983037552709,0.9485243651338366,0.03225806451612903
csched007,best_bound,300,2,node_limit,node_limit,,350.9999999999955,,,401,,16.129511041974183,84,0.05765271105010295,1457,0.032954583992250264,0.015226983037552743,0.9485243651338366,0.03225806451612903
csched007,best_bound,60,0,node_limit,node_limit,,350.9999999999955,,,401,,17.27250466699479,84,0.05765271105010295,1457,0.0335064580431208,0.015226983037552707,0.9485243651338366,0.03225806451612903
csched007,best_bound,60,1,node_limit,node_limit,,350.9999999999955,,,401,,16.389177416975144,84,0.05765271105010295,1457,0.034756834036670625,0.015226983037552709,0.9485243651338366,0.03225806451612903
csched007,best_bound,60,2,node_limit,node_limit,,350.9999999999955,,,401,,16.103617499989923,84,0.05765271105010295,1457,0.03292974998475984,0.015226983037552743,0.9485243651338366,0.03225806451612903
csched007,best_bound,900,0,node_limit,node_limit,,350.9999999999955,,,401,,17.170655708003324,84,0.05765271105010295,1457,0.034589125018101186,0.015226983037552707,0.9485243651338366,0.03225806451612903
csched007,best_bound,900,1,node_limit,node_limit,,350.9999999999955,,,401,,16.38704262499232,84,0.05765271105010295,1457,0.03369308297988027,0.015226983037552709,0.9485243651338366,0.03225806451612903
csched007,best_bound,900,2,node_limit,node_limit,,350.9999999999955,,,401,,16.102433916006703,84,0.05765271105010295,1457,0.03392862499458715,0.015226983037552743,0.9485243651338366,0.03225806451612903
csched007,best_estimate,10,0,time_limit,time_limit,,350.9999999999955,,,219,,10.001947166980244,84,0.05765271105010295,1457,0.03380341699812561,0.015226983037552707,0.9485243651338366,0.03225806451612903
csched007,best_estimate,10,1,time_limit,time_limit,,350.9999999999955,,,247,,10.007444875023793,84,0.05765271105010295,1457,0.03385587502270937,0.015226983037552709,0.9485243651338366,0.03225806451612903
csched007,best_estimate,10,2,time_limit,time_limit,,350.9999999999955,,,221,,10.007828083995264,84,0.05765271105010295,1457,0.03396629198687151,0.015226983037552743,0.9485243651338366,0.03225806451612903
csched007,best_estimate,300,0,node_limit,node_limit,,350.9999999999955,,,401,,18.014160624996293,84,0.05765271105010295,1457,0.03297091700369492,0.015226983037552707,0.9485243651338366,0.03225806451612903
csched007,best_estimate,300,1,node_limit,node_limit,,350.9999999999955,,,401,,15.424012125004083,84,0.05765271105010295,1457,0.03399016696494073,0.015226983037552709,0.9485243651338366,0.03225806451612903
csched007,best_estimate,300,2,node_limit,node_limit,,350.9999999999955,,,401,,17.71757079201052,84,0.05765271105010295,1457,0.03335095796501264,0.015226983037552743,0.9485243651338366,0.03225806451612903
csched007,best_estimate,60,0,node_limit,node_limit,,350.9999999999955,,,401,,18.040869166958146,84,0.05765271105010295,1457,0.03314966696780175,0.015226983037552707,0.9485243651338366,0.03225806451612903
csched007,best_estimate,60,1,node_limit,node_limit,,350.9999999999955,,,401,,15.44465666700853,84,0.05765271105010295,1457,0.03403745801188052,0.015226983037552709,0.9485243651338366,0.03225806451612903
csched007,best_estimate,60,2,node_limit,node_limit,,350.9999999999955,,,401,,17.70503520796774,84,0.05765271105010295,1457,0.03404287499142811,0.015226983037552743,0.9485243651338366,0.03225806451612903
csched007,best_estimate,900,0,node_limit,node_limit,,350.9999999999955,,,401,,18.01264379202621,84,0.05765271105010295,1457,0.03416008298518136,0.015226983037552707,0.9485243651338366,0.03225806451612903
csched007,best_estimate,900,1,node_limit,node_limit,,350.9999999999955,,,401,,15.443896916985977,84,0.05765271105010295,1457,0.033562916971277446,0.015226983037552709,0.9485243651338366,0.03225806451612903
csched007,best_estimate,900,2,node_limit,node_limit,,350.9999999999955,,,401,,17.699781082978006,84,0.05765271105010295,1457,0.03263012500246987,0.015226983037552743,0.9485243651338366,0.03225806451612903
csched007,boltzmann_adaptive,10,0,time_limit,time_limit,,350.9999999999955,,,153,,10.002894082979765,84,0.05765271105010295,1457,0.03112775000045076,0.015226983037552707,0.9485243651338366,0.03225806451612903
csched007,boltzmann_adaptive,10,1,time_limit,time_limit,,350.9999999999955,,,157,,10.002060915983748,84,0.05765271105010295,1457,0.03371333301765844,0.015226983037552709,0.9485243651338366,0.03225806451612903
csched007,boltzmann_adaptive,10,2,time_limit,time_limit,,350.9999999999955,,,153,,10.002295874990523,84,0.05765271105010295,1457,0.033404832996893674,0.015226983037552743,0.9485243651338366,0.03225806451612903
csched007,boltzmann_adaptive,300,0,node_limit,node_limit,,350.9999999999955,,,401,,22.744636458985042,84,0.05765271105010295,1457,0.03384070796892047,0.015226983037552707,0.9485243651338366,0.03225806451612903
csched007,boltzmann_adaptive,300,1,node_limit,node_limit,,350.9999999999955,,,401,,21.61036333302036,84,0.05765271105010295,1457,0.034633041999768466,0.015226983037552709,0.9485243651338366,0.03225806451612903
csched007,boltzmann_adaptive,300,2,node_limit,node_limit,,350.9999999999955,,,401,,21.96682820795104,84,0.05765271105010295,1457,0.032259416999295354,0.015226983037552743,0.9485243651338366,0.03225806451612903
csched007,boltzmann_adaptive,60,0,node_limit,node_limit,,350.9999999999955,,,401,,22.780968082952313,84,0.05765271105010295,1457,0.03295870899455622,0.015226983037552707,0.9485243651338366,0.03225806451612903
csched007,boltzmann_adaptive,60,1,node_limit,node_limit,,350.9999999999955,,,401,,21.641915666987188,84,0.05765271105010295,1457,0.03347495797788724,0.015226983037552709,0.9485243651338366,0.03225806451612903
csched007,boltzmann_adaptive,60,2,node_limit,node_limit,,350.9999999999955,,,401,,22.015447958023287,84,0.05765271105010295,1457,0.03286266699433327,0.015226983037552743,0.9485243651338366,0.03225806451612903
csched007,boltzmann_adaptive,900,0,node_limit,node_limit,,350.9999999999955,,,401,,22.78006749995984,84,0.05765271105010295,1457,0.033907667035236955,0.015226983037552707,0.9485243651338366,0.03225806451612903
csched007,boltzmann_adaptive,900,1,node_limit,node_limit,,350.9999999999955,,,401,,21.61111537500983,84,0.05765271105010295,1457,0.033436625031754375,0.015226983037552709,0.9485243651338366,0.03225806451612903
csched007,boltzmann_adaptive,900,2,node_limit,node_limit,,350.9999999999955,,,401,,21.99474175000796,84,0.05765271105010295,1457,0.033261042030062526,0.015226983037552743,0.9485243651338366,0.03225806451612903
csched007,depth_first,10,0,time_limit,time_limit,,350.9999999999955,,,217,,10.003121874993667,84,0.05765271105010295,1457,0.03393358300672844,0.015226983037552707,0.9485243651338366,0.03225806451612903
csched007,depth_first,10,1,time_limit,time_limit,,350.9999999999955,,,235,,10.007560125028249,84,0.05765271105010295,1457,0.03407804196467623,0.015226983037552709,0.9485243651338366,0.03225806451612903
csched007,depth_first,10,2,time_limit,time_limit,,350.9999999999955,,,239,,10.002439834002871,84,0.05765271105010295,1457,0.034116583003196865,0.015226983037552743,0.9485243651338366,0.03225806451612903
csched007,depth_first,300,0,node_limit,node_limit,,350.9999999999955,,,401,,17.16824937495403,84,0.05765271105010295,1457,0.0337721660034731,0.015226983037552707,0.9485243651338366,0.03225806451612903
csched007,depth_first,300,1,node_limit,node_limit,,350.9999999999955,,,401,,16.347523125004955,84,0.05765271105010295,1457,0.03375329100526869,0.015226983037552709,0.9485243651338366,0.03225806451612903
csched007,depth_first,300,2,node_limit,node_limit,,350.9999999999955,,,401,,16.160763999971095,84,0.05765271105010295,1457,0.03286979196127504,0.015226983037552743,0.9485243651338366,0.03225806451612903
csched007,depth_first,60,0,node_limit,node_limit,,350.9999999999955,,,401,,17.25510154099902,84,0.05765271105010295,1457,0.033985542017035186,0.015226983037552707,0.9485243651338366,0.03225806451612903
csched007,depth_first,60,1,node_limit,node_limit,,350.9999999999955,,,401,,16.297231000033207,84,0.05765271105010295,1457,0.03316466702381149,0.015226983037552709,0.9485243651338366,0.03225806451612903
csched007,depth_first,60,2,node_limit,node_limit,,350.9999999999955,,,401,,16.139036207983736,84,0.05765271105010295,1457,0.03358724998543039,0.015226983037552743,0.9485243651338366,0.03225806451612903
csched007,depth_first,900,0,node_limit,node_limit,,350.9999999999955,,,401,,17.189452624996193,84,0.05765271105010295,1457,0.033636791980825365,0.015226983037552707,0.9485243651338366,0.03225806451612903
csched007,depth_first,900,1,node_limit,node_limit,,350.9999999999955,,,401,,16.297028832952492,84,0.05765271105010295,1457,0.033251208951696754,0.015226983037552709,0.9485243651338366,0.03225806451612903
csched007,depth_first,900,2,node_limit,node_limit,,350.9999999999955,,,401,,16.06338033400243,84,0.05765271105010295,1457,0.033142165979370475,0.015226983037552743,0.9485243651338366,0.03225806451612903
csched007,greedy_score,10,0,time_limit,time_limit,,350.9999999999955,,,195,,10.00676429196028,84,0.05765271105010295,1457,0.03336391597986221,0.015226983037552707,0.9485243651338366,0.03225806451612903
csched007,greedy_score,10,1,time_limit,time_limit,,350.9999999999955,,,181,,10.007672666979488,84,0.05765271105010295,1457,0.0338747079949826,0.015226983037552709,0.9485243651338366,0.03225806451612903
csched007,greedy_score,10,2,time_limit,time_limit,,350.9999999999955,,,173,,10.00101641699439,84,0.05765271105010295,1457,0.034152874955907464,0.015226983037552743,0.9485243651338366,0.03225806451612903
csched007,greedy_score,300,0,node_limit,node_limit,,350.9999999999955,,,401,,18.32719758298481,84,0.05765271105010295,1457,0.03401874995324761,0.015226983037552707,0.9485243651338366,0.03225806451612903
csched007,greedy_score,300,1,node_limit,node_limit,,350.9999999999955,,,401,,18.181730290991254,84,0.05765271105010295,1457,0.033644832961726934,0.015226983037552709,0.9485243651338366,0.03225806451612903
csched007,greedy_score,300,2,node_limit,node_limit,,350.9999999999955,,,401,,19.583656749979127,84,0.05765271105010295,1457,0.03349975001765415,0.015226983037552743,0.9485243651338366,0.03225806451612903
csched007,greedy_score,60,0,node_limit,node_limit,,350.9999999999955,,,401,,18.411618790996727,84,0.05765271105010295,1457,0.0337481249589473,0.015226983037552707,0.9485243651338366,0.03225806451612903
csched007,greedy_score,60,1,node_limit,node_limit,,350.9999999999955,,,401,,18.191661417018622,84,0.05765271105010295,1457,0.033722084015607834,0.015226983037552709,0.9485243651338366,0.03225806451612903
csched007,greedy_score,60,2,node_limit,node_limit,,350.9999999999955,,,401,,19.612718958000187,84,0.05765271105010295,1457,0.033584208984393626,0.015226983037552743,0.9485243651338366,0.03225806451612903
csched007,greedy_score,900,0,node_limit,node_limit,,350.9999999999955,,,401,,18.411598000035156,84,0.05765271105010295,1457,0.032674374990165234,0.015226983037552707,0.9485243651338366,0.03225806451612903
csched007,greedy_score,900,1,node_limit,node_limit,,350.9999999999955,,,401,,18.166160500026308,84,0.05765271105010295,1457,0.03399475000333041,0.015226983037552709,0.9485243651338366,0.03225806451612903
csched007,greedy_score,900,2,node_limit,node_limit,,350.9999999999955,,,401,,19.58548512501875,84,0.05765271105010295,1457,0.0346900419681333,0.015226983037552743,0.9485243651338366,0.03225806451612903
csched007,hybrid_best_bound_depth,10,0,time_limit,time_limit,,350.9999999999955,,,215,,10.003014791000169,84,0.05765271105010295,1457,0.033772083988878876,0.015226983037552707,0.9485243651338366,0.03225806451612903
csched007,hybrid_best_bound_depth,10,1,time_limit,time_limit,,350.9999999999955,,,233,,10.003845333005302,84,0.05765271105010295,1457,0.03394062502775341,0.015226983037552709,0.9485243651338366,0.03225806451612903
csched007,hybrid_best_bound_depth,10,2,time_limit,time_limit,,350.9999999999955,,,239,,10.008460874960292,84,0.05765271105010295,1457,0.03329370799474418,0.015226983037552743,0.9485243651338366,0.03225806451612903
csched007,hybrid_best_bound_depth,300,0,node_limit,node_limit,,350.9999999999955,,,401,,17.24426233395934,84,0.05765271105010295,1457,0.03360358398640528,0.015226983037552707,0.9485243651338366,0.03225806451612903
csched007,hybrid_best_bound_depth,300,1,node_limit,node_limit,,350.9999999999955,,,401,,16.408385584014468,84,0.05765271105010295,1457,0.033161291969008744,0.015226983037552709,0.9485243651338366,0.03225806451612903
csched007,hybrid_best_bound_depth,300,2,node_limit,node_limit,,350.9999999999955,,,401,,16.108837583044078,84,0.05765271105010295,1457,0.03365425002994016,0.015226983037552743,0.9485243651338366,0.03225806451612903
csched007,hybrid_best_bound_depth,60,0,node_limit,node_limit,,350.9999999999955,,,401,,17.158442499989178,84,0.05765271105010295,1457,0.03392379096476361,0.015226983037552707,0.9485243651338366,0.03225806451612903
csched007,hybrid_best_bound_depth,60,1,node_limit,node_limit,,350.9999999999955,,,401,,16.37114175001625,84,0.05765271105010295,1457,0.0341387499938719,0.015226983037552709,0.9485243651338366,0.03225806451612903
csched007,hybrid_best_bound_depth,60,2,node_limit,node_limit,,350.9999999999955,,,401,,16.106981458025984,84,0.05765271105010295,1457,0.03348691697465256,0.015226983037552743,0.9485243651338366,0.03225806451612903
csched007,hybrid_best_bound_depth,900,0,node_limit,node_limit,,350.9999999999955,,,401,,17.197137707960792,84,0.05765271105010295,1457,0.03375195898115635,0.015226983037552707,0.9485243651338366,0.03225806451612903
csched007,hybrid_best_bound_depth,900,1,node_limit,node_limit,,350.9999999999955,,,401,,16.409653541981243,84,0.05765271105010295,1457,0.03310379199683666,0.015226983037552709,0.9485243651338366,0.03225806451612903
csched007,hybrid_best_bound_depth,900,2,node_limit,node_limit,,350.9999999999955,,,401,,16.12915770802647,84,0.05765271105010295,1457,0.03360983403399587,0.015226983037552743,0.9485243651338366,0.03225806451612903
csched007,learned_portfolio,10,0,time_limit,time_limit,,350.9999999999955,,,155,,10.007320875010919,84,0.05765271105010295,1457,0.025400125014130026,0.015226983037552707,0.9485243651338366,0.03225806451612903
csched007,learned_portfolio,10,1,time_limit,time_limit,,350.9999999999955,,,161,,10.007860833022278,84,0.05765271105010295,1457,0.024461749999318272,0.015226983037552709,0.9485243651338366,0.03225806451612903
csched007,learned_portfolio,10,2,time_limit,time_limit,,350.9999999999955,,,153,,10.0074840420275,84,0.05765271105010295,1457,0.025951582996640354,0.015226983037552743,0.9485243651338366,0.03225806451612903
csched007,learned_portfolio,300,0,node_limit,node_limit,,350.9999999999955,,,401,,22.69250662496779,84,0.05765271105010295,1457,0.024264167004730552,0.015226983037552707,0.9485243651338366,0.03225806451612903
csched007,learned_portfolio,300,1,node_limit,node_limit,,350.9999999999955,,,401,,21.821719792031217,84,0.05765271105010295,1457,0.026467374991625547,0.015226983037552709,0.9485243651338366,0.03225806451612903
csched007,learned_portfolio,300,2,node_limit,node_limit,,350.9999999999955,,,401,,22.058711207995657,84,0.05765271105010295,1457,0.026000249956268817,0.015226983037552743,0.9485243651338366,0.03225806451612903
csched007,learned_portfolio,60,0,node_limit,node_limit,,350.9999999999955,,,401,,22.761720125039574,84,0.05765271105010295,1457,0.02604783297283575,0.015226983037552707,0.9485243651338366,0.03225806451612903
csched007,learned_portfolio,60,1,node_limit,node_limit,,350.9999999999955,,,401,,21.496253332996275,84,0.05765271105010295,1457,0.026141832990106195,0.015226983037552709,0.9485243651338366,0.03225806451612903
csched007,learned_portfolio,60,2,node_limit,node_limit,,350.9999999999955,,,401,,22.067546999955084,84,0.05765271105010295,1457,0.025786333018913865,0.015226983037552743,0.9485243651338366,0.03225806451612903
csched007,learned_portfolio,900,0,node_limit,node_limit,,350.9999999999955,,,401,,22.822477374982554,84,0.05765271105010295,1457,0.026672667008824646,0.015226983037552707,0.9485243651338366,0.03225806451612903
csched007,learned_portfolio,900,1,node_limit,node_limit,,350.9999999999955,,,401,,20.982425541966222,84,0.05765271105010295,1457,0.026297333010006696,0.015226983037552709,0.9485243651338366,0.03225806451612903
csched007,learned_portfolio,900,2,node_limit,node_limit,,350.9999999999955,,,401,,22.025386166002136,84,0.05765271105010295,1457,0.025481709046289325,0.015226983037552743,0.9485243651338366,0.03225806451612903
csched007,learned_v2,10,0,time_limit,time_limit,,350.9999999999955,,,223,,10.000767459045164,84,0.05765271105010295,1457,0.02474224998150021,0.015226983037552707,0.9485243651338366,0.03225806451612903
csched007,learned_v2,10,1,time_limit,time_limit,,350.9999999999955,,,235,,10.007697749999352,84,0.05765271105010295,1457,0.026362708013039082,0.015226983037552709,0.9485243651338366,0.03225806451612903
csched007,learned_v2,10,2,time_limit,time_limit,,350.9999999999955,,,239,,10.004699041019194,84,0.05765271105010295,1457,0.025727708009071648,0.015226983037552743,0.9485243651338366,0.03225806451612903
csched007,learned_v2,300,0,node_limit,node_limit,,350.9999999999955,,,401,,16.945562790962867,84,0.05765271105010295,1457,0.025797042006161064,0.015226983037552707,0.9485243651338366,0.03225806451612903
csched007,learned_v2,300,1,node_limit,node_limit,,350.9999999999955,,,401,,16.13292891695164,84,0.05765271105010295,1457,0.024733708007261157,0.015226983037552709,0.9485243651338366,0.03225806451612903
csched007,learned_v2,300,2,node_limit,node_limit,,350.9999999999955,,,401,,15.947178000002168,84,0.05765271105010295,1457,0.025271833001170307,0.015226983037552743,0.9485243651338366,0.03225806451612903
csched007,learned_v2,60,0,node_limit,node_limit,,350.9999999999955,,,401,,17.2209217500058,84,0.05765271105010295,1457,0.02593916602199897,0.015226983037552707,0.9485243651338366,0.03225806451612903
csched007,learned_v2,60,1,node_limit,node_limit,,350.9999999999955,,,401,,16.35397841699887,84,0.05765271105010295,1457,0.025972625007852912,0.015226983037552709,0.9485243651338366,0.03225806451612903
csched007,learned_v2,60,2,node_limit,node_limit,,350.9999999999955,,,401,,15.99999691703124,84,0.05765271105010295,1457,0.025972832983825356,0.015226983037552743,0.9485243651338366,0.03225806451612903
csched007,learned_v2,900,0,node_limit,node_limit,,350.9999999999955,,,401,,16.83170241699554,84,0.05765271105010295,1457,0.02456583402818069,0.015226983037552707,0.9485243651338366,0.03225806451612903
csched007,learned_v2,900,1,node_limit,node_limit,,350.9999999999955,,,401,,16.11489874997642,84,0.05765271105010295,1457,0.025637999991886318,0.015226983037552709,0.9485243651338366,0.03225806451612903
csched007,learned_v2,900,2,node_limit,node_limit,,350.9999999999955,,,401,,15.811854875006247,84,0.05765271105010295,1457,0.025347874965518713,0.015226983037552743,0.9485243651338366,0.03225806451612903
csched007,random_uniform,10,0,time_limit,time_limit,,350.9999999999955,,,151,,10.006152499991003,84,0.05765271105010295,1457,0.03433387499535456,0.015226983037552707,0.9485243651338366,0.03225806451612903
csched007,random_uniform,10,1,time_limit,time_limit,,350.9999999999955,,,153,,10.006316250015516,84,0.05765271105010295,1457,0.03397841699188575,0.015226983037552709,0.9485243651338366,0.03225806451612903
csched007,random_uniform,10,2,time_limit,time_limit,,350.9999999999955,,,157,,10.006170459033456,84,0.05765271105010295,1457,0.033586832985747606,0.015226983037552743,0.9485243651338366,0.03225806451612903
csched007,random_uniform,300,0,node_limit,node_limit,,350.9999999999955,,,401,,26.524361542018596,84,0.05765271105010295,1457,0.03356387501116842,0.015226983037552707,0.9485243651338366,0.03225806451612903
csched007,random_uniform,300,1,node_limit,node_limit,,350.9999999999955,,,401,,26.13350504101254,84,0.05765271105010295,1457,0.03374954097671434,0.015226983037552709,0.9485243651338366,0.03225806451612903
csched007,random_uniform,300,2,node_limit,node_limit,,350.9999999999955,,,401,,25.366019541979767,84,0.05765271105010295,1457,0.033914417028427124,0.015226983037552743,0.9485243651338366,0.03225806451612903
csched007,random_uniform,60,0,node_limit,node_limit,,350.9999999999955,,,401,,26.44262762501603,84,0.05765271105010295,1457,0.03366625000489876,0.015226983037552707,0.9485243651338366,0.03225806451612903
csched007,random_uniform,60,1,node_limit,node_limit,,350.9999999999955,,,401,,26.078039332991466,84,0.05765271105010295,1457,0.03396254201652482,0.015226983037552709,0.9485243651338366,0.03225806451612903
csched007,random_uniform,60,2,node_limit,node_limit,,350.9999999999955,,,401,,25.348069166997448,84,0.05765271105010295,1457,0.03304900001967326,0.015226983037552743,0.9485243651338366,0.03225806451612903
csched007,random_uniform,900,0,node_limit,node_limit,,350.9999999999955,,,401,,26.516683833964635,84,0.05765271105010295,1457,0.03419083298649639,0.015226983037552707,0.9485243651338366,0.03225806451612903
csched007,random_uniform,900,1,node_limit,node_limit,,350.9999999999955,,,401,,26.097854208026547,84,0.05765271105010295,1457,0.03390962502453476,0.015226983037552709,0.9485243651338366,0.03225806451612903
csched007,random_uniform,900,2,node_limit,node_limit,,350.9999999999955,,,401,,25.365905084006954,84,0.05765271105010295,1457,0.03357070800848305,0.015226983037552743,0.9485243651338366,0.03225806451612903
csched007,safeguarded_hybrid,10,0,time_limit,time_limit,,350.9999999999955,,,155,,10.007616040995345,84,0.05765271105010295,1457,0.034270667005330324,0.015226983037552707,0.9485243651338366,0.03225806451612903
csched007,safeguarded_hybrid,10,1,time_limit,time_limit,,350.9999999999955,,,167,,10.00654129195027,84,0.05765271105010295,1457,0.03474625002127141,0.015226983037552709,0.9485243651338366,0.03225806451612903
csched007,safeguarded_hybrid,10,2,time_limit,time_limit,,350.9999999999955,,,161,,10.001793542003725,84,0.05765271105010295,1457,0.03351541701704264,0.015226983037552743,0.9485243651338366,0.03225806451612903
csched007,safeguarded_hybrid,300,0,node_limit,node_limit,,350.9999999999955,,,401,,21.779234583023936,84,0.05765271105010295,1457,0.033847207960207015,0.015226983037552707,0.9485243651338366,0.03225806451612903
csched007,safeguarded_hybrid,300,1,node_limit,node_limit,,350.9999999999955,,,401,,20.39955499995267,84,0.05765271105010295,1457,0.034145915997214615,0.015226983037552709,0.9485243651338366,0.03225806451612903
csched007,safeguarded_hybrid,300,2,node_limit,node_limit,512.9999999999986,350.9999999999955,0.46153846153847633,0.09411955815464362,401,16.954609917011112,21.46703770797467,84,0.05765271105010295,1457,0.03347024996764958,0.015226983037552743,0.9485243651338366,0.03225806451612903
csched007,safeguarded_hybrid,60,0,node_limit,node_limit,,350.9999999999955,,,401,,21.83279895799933,84,0.05765271105010295,1457,0.03381525003351271,0.015226983037552707,0.9485243651338366,0.03225806451612903
csched007,safeguarded_hybrid,60,1,node_limit,node_limit,,350.9999999999955,,,401,,20.397296916984487,84,0.05765271105010295,1457,0.032863125030416995,0.015226983037552709,0.9485243651338366,0.03225806451612903
csched007,safeguarded_hybrid,60,2,node_limit,node_limit,512.9999999999986,350.9999999999955,0.46153846153847633,0.09411955815464362,401,16.946785999985877,21.43723083299119,84,0.05765271105010295,1457,0.0333243339555338,0.015226983037552743,0.9485243651338366,0.03225806451612903
csched007,safeguarded_hybrid,900,0,node_limit,node_limit,,350.9999999999955,,,401,,21.774940917035565,84,0.05765271105010295,1457,0.0335730419610627,0.015226983037552707,0.9485243651338366,0.03225806451612903
csched007,safeguarded_hybrid,900,1,node_limit,node_limit,,350.9999999999955,,,401,,20.34849916701205,84,0.05765271105010295,1457,0.0329659580020234,0.015226983037552709,0.9485243651338366,0.03225806451612903
csched007,safeguarded_hybrid,900,2,node_limit,node_limit,512.9999999999986,350.9999999999955,0.46153846153847633,0.09411955815464362,401,16.897262917016633,21.361135374987498,84,0.05765271105010295,1457,0.03338720800820738,0.015226983037552743,0.9485243651338366,0.03225806451612903
csched008,best_bound,10,0,time_limit,time_limit,188.0,173.0,0.08670520231213873,0.010638297872340425,193,6.669723041006364,10.010325625014957,81,0.0630841121495327,1284,0.025206416961736977,0.016574979383909793,0.9462616822429907,0.03426791277258567
csched008,best_bound,10,1,time_limit,time_limit,,173.0,,,229,,10.008417000004556,79,0.061526479750778816,1284,0.024632000015117228,0.014830112990159726,0.940809968847352,0.028037383177570093
csched008,best_bound,10,2,time_limit,time_limit,184.0,173.0,0.06358381502890173,0.010869565217391767,203,3.6033367910422385,10.009697916044388,76,0.059190031152647975,1284,0.023437540978193283,0.014155075834028046,0.9439252336448598,0.02881619937694704
csched008,best_bound,300,0,node_limit,node_limit,188.0,173.0,0.08670520231213873,0.005319148936170213,401,6.658698000013828,18.79706004197942,81,0.0630841121495327,1284,0.025264333991799504,0.016574979383909793,0.9462616822429907,0.03426791277258567
csched008,best_bound,300,1,node_limit,node_limit,,173.0,,,401,,13.67206204199465,79,0.061526479750778816,1284,0.025496540998574346,0.014830112990159726,0.940809968847352,0.028037383177570093
csched008,best_bound,300,2,node_limit,node_limit,182.0,173.0,0.05202312138728324,0.016483516483516952,401,3.6111213749973103,16.951263749971986,76,0.059190031152647975,1284,0.024216875026468188,0.014155075834028046,0.9439252336448598,0.02881619937694704
csched008,best_bound,60,0,node_limit,node_limit,188.0,173.0,0.08670520231213873,0.005319148936170213,401,6.642359416000545,18.752382458013017,81,0.0630841121495327,1284,0.02497245802078396,0.016574979383909793,0.9462616822429907,0.03426791277258567
csched008,best_bound,60,1,node_limit,node_limit,,173.0,,,401,,13.756092499999795,79,0.061526479750778816,1284,0.024858166987542063,0.014830112990159726,0.940809968847352,0.028037383177570093
csched008,best_bound,60,2,node_limit,node_limit,184.0,173.0,0.06358381502890173,0.010869565217391767,401,3.599245959019754,15.21116508403793,76,0.059190031152647975,1284,0.023881542030721903,0.014155075834028046,0.9439252336448598,0.02881619937694704
csched008,best_bound,900,0,node_limit,node_limit,188.0,173.0,0.08670520231213873,0.005319148936170213,401,6.644490292004775,18.788926250010263,81,0.0630841121495327,1284,0.025385916989762336,0.016574979383909793,0.9462616822429907,0.03426791277258567
csched008,best_bound,900,1,node_limit,node_limit,,173.0,,,401,,13.65834545798134,79,0.061526479750778816,1284,0.02534245903370902,0.014830112990159726,0.940809968847352,0.028037383177570093
csched008,best_bound,900,2,node_limit,node_limit,182.0,173.0,0.05202312138728324,0.016483516483516952,401,3.6018442909698933,16.96166887495201,76,0.059190031152647975,1284,0.023707875050604343,0.014155075834028046,0.9439252336448598,0.02881619937694704
csched008,best_estimate,10,0,time_limit,time_limit,,173.0,,,191,,10.007165874994826,81,0.0630841121495327,1284,0.02515179105103016,0.016574979383909793,0.9462616822429907,0.03426791277258567
csched008,best_estimate,10,1,time_limit,time_limit,,173.0,,,193,,10.006832292012405,79,0.061526479750778816,1284,0.02478083298774436,0.014830112990159726,0.940809968847352,0.028037383177570093
csched008,best_estimate,10,2,time_limit,time_limit,,173.0,,,189,,10.002744459023234,76,0.059190031152647975,1284,0.023956999997608364,0.014155075834028046,0.9439252336448598,0.02881619937694704
csched008,best_estimate,300,0,node_limit,node_limit,186.0,173.0,0.07514450867052024,0.010752688172043012,401,13.200384166033473,20.498233625025023,81,0.0630841121495327,1284,0.025095541030168533,0.016574979383909793,0.9462616822429907,0.03426791277258567
csched008,best_estimate,300,1,node_limit,node_limit,,173.0,,,401,,20.309346791007556,79,0.061526479750778816,1284,0.025200582982506603,0.014830112990159726,0.940809968847352,0.028037383177570093
csched008,best_estimate,300,2,node_limit,node_limit,189.99999999999994,173.0,0.0982658959537569,0.0052631578947365445,401,10.509499415988103,19.352333375019953,76,0.059190031152647975,1284,0.024320041993632913,0.014155075834028046,0.9439252336448598,0.02881619937694704
csched008,best_estimate,60,0,node_limit,node_limit,186.0,173.0,0.07514450867052024,0.010752688172043012,401,13.216427957988344,20.497246207960416,81,0.0630841121495327,1284,0.025314167025499046,0.016574979383909793,0.9462616822429907,0.03426791277258567
csched008,best_estimate,60,1,node_limit,node_limit,,173.0,,,401,,20.334389250027016,79,0.061526479750778816,1284,0.024776750011369586,0.014830112990159726,0.940809968847352,0.028037383177570093
csched008,best_estimate,60,2,node_limit,node_limit,189.99999999999994,173.0,0.0982658959537569,0.0052631578947365445,401,10.501409458986018,19.33044345898088,76,0.059190031152647975,1284,0.024013167014345527,0.014155075834028046,0.9439252336448598,0.02881619937694704
csched008,best_estimate,900,0,node_limit,node_limit,186.0,173.0,0.07514450867052024,0.010752688172043012,401,13.191234958008863,20.47655833302997,81,0.0630841121495327,1284,0.025217790971510112,0.016574979383909793,0.9462616822429907,0.03426791277258567
csched008,best_estimate,900,1,node_limit,node_limit,,173.0,,,401,,20.337784709001426,79,0.061526479750778816,1284,0.025841084017883986,0.014830112990159726,0.940809968847352,0.028037383177570093
csched008,best_estimate,900,2,node_limit,node_limit,189.99999999999994,173.0,0.0982658959537569,0.0052631578947365445,401,10.493016041000374,19.469485500012524,76,0.059190031152647975,1284,0.023982292041182518,0.014155075834028046,0.9439252336448598,0.02881619937694704
csched008,boltzmann_adaptive,10,0,time_limit,time_limit,,173.0,,,193,,10.006017167004757,81,0.0630841121495327,1284,0.024873374961316586,0.016574979383909793,0.9462616822429907,0.03426791277258567
csched008,boltzmann_adaptive,10,1,time_limit,time_limit,,173.0,,,187,,10.006599791988265,79,0.061526479750778816,1284,0.025104917003773153,0.014830112990159726,0.940809968847352,0.028037383177570093
csched008,boltzmann_adaptive,10,2,time_limit,time_limit,,173.0,,,191,,10.006530457991175,76,0.059190031152647975,1284,0.023721208970528096,0.014155075834028046,0.9439252336448598,0.02881619937694704
csched008,boltzmann_adaptive,300,0,node_limit,node_limit,,173.0,,,401,,20.614031791046727,81,0.0630841121495327,1284,0.025161666970234364,0.016574979383909793,0.9462616822429907,0.03426791277258567
csched008,boltzmann_adaptive,300,1,node_limit,node_limit,189.0,173.0,0.09248554913294797,0.005291005291005291,401,15.15083825000329,21.1645367500023,79,0.061526479750778816,1284,0.025013666017912328,0.014830112990159726,0.940809968847352,0.028037383177570093
csched008,boltzmann_adaptive,300,2,node_limit,node_limit,185.0,173.0,0.06936416184971098,0.005405405405405406,401,12.191359999997076,21.03694516699761,76,0.059190031152647975,1284,0.024061499978415668,0.014155075834028046,0.9439252336448598,0.02881619937694704
csched008,boltzmann_adaptive,60,0,node_limit,node_limit,,173.0,,,401,,20.604710790968966,81,0.0630841121495327,1284,0.0249498329940252,0.016574979383909793,0.9462616822429907,0.03426791277258567
csched008,boltzmann_adaptive,60,1,node_limit,node_limit,189.0,173.0,0.09248554913294797,0.005291005291005291,401,15.169954832992516,21.154573957959656,79,0.061526479750778816,1284,0.024645290977787226,0.014830112990159726,0.940809968847352,0.028037383177570093
csched008,boltzmann_adaptive,60,2,node_limit,node_limit,185.0,173.0,0.06936416184971098,0.005405405405405406,401,12.187449750024825,21.06716212502215,76,0.059190031152647975,1284,0.023523167008534074,0.014155075834028046,0.9439252336448598,0.02881619937694704
csched008,boltzmann_adaptive,900,0,node_limit,node_limit,,173.0,,,401,,20.598856166994665,81,0.0630841121495327,1284,0.024754791986197233,0.016574979383909793,0.9462616822429907,0.03426791277258567
csched008,boltzmann_adaptive,900,1,node_limit,node_limit,189.0,173.0,0.09248554913294797,0.005291005291005291,401,15.168710583995562,21.183310791966505,79,0.061526479750778816,1284,0.024479833024088293,0.014830112990159726,0.940809968847352,0.028037383177570093
csched008,boltzmann_adaptive,900,2,node_limit,node_limit,185.0,173.0,0.06936416184971098,0.005405405405405406,401,12.175796916009858,21.14357758301776,76,0.059190031152647975,1284,0.024048374965786934,0.014155075834028046,0.9439252336448598,0.02881619937694704
csched008,depth_first,10,0,time_limit,time_limit,,173.0,,,265,,10.00173741596518,81,0.0630841121495327,1284,0.025317916995845735,0.016574979383909793,0.9462616822429907,0.03426791277258567
csched008,depth_first,10,1,time_limit,time_limit,185.0,173.0,0.06936416184971098,0.005405405405405866,193,9.58016770798713,10.004608374962118,79,0.061526479750778816,1284,0.025077041995245963,0.014830112990159726,0.940809968847352,0.028037383177570093
csched008,depth_first,10,2,time_limit,time_limit,182.0,173.0,0.05202312138728324,0.03846153846153893,191,3.598845958011225,10.009382999967784,76,0.059190031152647975,1284,0.023963875020854175,0.014155075834028046,0.9439252336448598,0.02881619937694704
csched008,depth_first,300,0,node_limit,node_limit,,173.0,,,401,,13.566588249988854,81,0.0630841121495327,1284,0.024991999962367117,0.016574979383909793,0.9462616822429907,0.03426791277258567
csched008,depth_first,300,1,node_limit,node_limit,185.0,173.0,0.06936416184971098,0.005405405405405866,401,9.605434790952131,16.565940790984314,79,0.061526479750778816,1284,0.02485358400736004,0.014830112990159726,0.940809968847352,0.028037383177570093
csched008,depth_first,300,2,node_limit,node_limit,182.0,173.0,0.05202312138728324,0.016483516483516952,401,3.603280166978948,16.911874249984976,76,0.059190031152647975,1284,0.023689833004027605,0.014155075834028046,0.9439252336448598,0.02881619937694704
csched008,depth_first,60,0,node_limit,node_limit,,173.0,,,401,,13.681742916989606,81,0.0630841121495327,1284,0.024971958016976714,0.016574979383909793,0.9462616822429907,0.03426791277258567
csched008,depth_first,60,1,node_limit,node_limit,185.0,173.0,0.06936416184971098,0.005405405405405866,401,9.583639209042303,16.47911879204912,79,0.061526479750778816,1284,0.025053000019397587,0.014830112990159726,0.940809968847352,0.028037383177570093
csched008,depth_first,60,2,node_limit,node_limit,182.0,173.0,0.05202312138728324,0.016483516483516952,401,3.6004960839636624,16.95334887498757,76,0.059190031152647975,1284,0.023960708000231534,0.014155075834028046,0.9439252336448598,0.02881619937694704
csched008,depth_first,900,0,node_limit,node_limit,,173.0,,,401,,13.709179375029635,81,0.0630841121495327,1284,0.026995624997653067,0.016574979383909793,0.9462616822429907,0.03426791277258567
csched008,depth_first,900,1,node_limit,node_limit,185.0,173.0,0.06936416184971098,0.005405405405405866,401,9.598889583954588,16.49767495895503,79,0.061526479750778816,1284,0.025131999980658293,0.014830112990159726,0.940809968847352,0.028037383177570093
csched008,depth_first,900,2,node_limit,node_limit,182.0,173.0,0.05202312138728324,0.016483516483516952,401,3.6066116670263,16.97001150000142,76,0.059190031152647975,1284,0.024704374955035746,0.014155075834028046,0.9439252336448598,0.02881619937694704
csched008,greedy_score,10,0,time_limit,time_limit,,173.0,,,197,,10.001764999993611,81,0.0630841121495327,1284,0.025197291979566216,0.016574979383909793,0.9462616822429907,0.03426791277258567
csched008,greedy_score,10,1,time_limit,time_limit,,173.0,,,189,,10.006589957978576,79,0.061526479750778816,1284,0.02455245901364833,0.014830112990159726,0.940809968847352,0.028037383177570093
csched008,greedy_score,10,2,time_limit,time_limit,,173.0,,,191,,10.00190949998796,76,0.059190031152647975,1284,0.023892208992037922,0.014155075834028046,0.9439252336448598,0.02881619937694704
csched008,greedy_score,300,0,node_limit,node_limit,,173.0,,,401,,20.26973454101244,81,0.0630841121495327,1284,0.025250917009543628,0.016574979383909793,0.9462616822429907,0.03426791277258567
csched008,greedy_score,300,1,node_limit,node_limit,186.0,173.0,0.07514450867052024,0.016129032258064516,401,20.20401920902077,20.50288574997103,79,0.061526479750778816,1284,0.02537458302685991,0.014830112990159726,0.940809968847352,0.028037383177570093
csched008,greedy_score,300,2,node_limit,node_limit,189.0,173.0,0.09248554913294797,0.010582010582010581,401,19.37325108301593,20.52130320802098,76,0.059190031152647975,1284,0.023689749999903142,0.014155075834028046,0.9439252336448598,0.02881619937694704
csched008,greedy_score,60,0,node_limit,node_limit,,173.0,,,401,,20.3025544169941,81,0.0630841121495327,1284,0.025209000043105334,0.016574979383909793,0.9462616822429907,0.03426791277258567
csched008,greedy_score,60,1,node_limit,node_limit,186.0,173.0,0.07514450867052024,0.016129032258064516,401,20.231558291998226,20.54342145798728,79,0.061526479750778816,1284,0.026628542051184922,0.014830112990159726,0.940809968847352,0.028037383177570093
csched008,greedy_score,60,2,node_limit,node_limit,189.0,173.0,0.09248554913294797,0.010582010582010581,401,15.16045220795786,20.568610374990385,76,0.059190031152647975,1284,0.02368412504438311,0.014155075834028046,0.9439252336448598,0.02881619937694704
csched008,greedy_score,900,0,node_limit,node_limit,,173.0,,,401,,20.26545987499412,81,0.0630841121495327,1284,0.025573500024620444,0.016574979383909793,0.9462616822429907,0.03426791277258567
csched008,greedy_score,900,1,node_limit,node_limit,186.0,173.0,0.07514450867052024,0.016129032258064516,401,20.166970082966145,20.466407708008774,79,0.061526479750778816,1284,0.025115833966992795,0.014830112990159726,0.940809968847352,0.028037383177570093
csched008,greedy_score,900,2,node_limit,node_limit,189.0,173.0,0.09248554913294797,0.010582010582010581,401,15.966445332975127,20.61704074998852,76,0.059190031152647975,1284,0.024031125009059906,0.014155075834028046,0.9439252336448598,0.02881619937694704
csched008,hybrid_best_bound_depth,10,0,time_limit,time_limit,,173.0,,,199,,10.008251124992967,81,0.0630841121495327,1284,0.025315625010989606,0.016574979383909793,0.9462616822429907,0.03426791277258567
csched008,hybrid_best_bound_depth,10,1,time_limit,time_limit,,173.0,,,299,,10.008465666032862,79,0.061526479750778816,1284,0.024849292007274926,0.014830112990159726,0.940809968847352,0.028037383177570093
csched008,hybrid_best_bound_depth,10,2,time_limit,time_limit,182.0,173.0,0.05202312138728324,0.03846153846153893,191,3.6063758339732885,10.00958279200131,76,0.059190031152647975,1284,0.023965207976289093,0.014155075834028046,0.9439252336448598,0.02881619937694704
csched008,hybrid_best_bound_depth,300,0,node_limit,node_limit,,173.0,,,401,,14.22645224997541,81,0.0630841121495327,1284,0.024934165994636714,0.016574979383909793,0.9462616822429907,0.03426791277258567
csched008,hybrid_best_bound_depth,300,1,node_limit,node_limit,,173.0,,,401,,12.155151458980981,79,0.061526479750778816,1284,0.02548366697737947,0.014830112990159726,0.940809968847352,0.028037383177570093
csched008,hybrid_best_bound_depth,300,2,node_limit,node_limit,182.0,173.0,0.05202312138728324,0.016483516483516952,401,3.598825959023088,16.92471920902608,76,0.059190031152647975,1284,0.02387845900375396,0.014155075834028046,0.9439252336448598,0.02881619937694704
csched008,hybrid_best_bound_depth,60,0,node_limit,node_limit,,173.0,,,401,,14.271345000015572,81,0.0630841121495327,1284,0.02544187498278916,0.016574979383909793,0.9462616822429907,0.03426791277258567
csched008,hybrid_best_bound_depth,60,1,node_limit,node_limit,,173.0,,,401,,12.22453583398601,79,0.061526479750778816,1284,0.02547354099806398,0.014830112990159726,0.940809968847352,0.028037383177570093
csched008,hybrid_best_bound_depth,60,2,node_limit,node_limit,182.0,173.0,0.05202312138728324,0.016483516483516952,401,3.6078890420030802,17.01973583403742,76,0.059190031152647975,1284,0.023939541017170995,0.014155075834028046,0.9439252336448598,0.02881619937694704
csched008,hybrid_best_bound_depth,900,0,node_limit,node_limit,,173.0,,,401,,14.218480416981038,81,0.0630841121495327,1284,0.025249291968066245,0.016574979383909793,0.9462616822429907,0.03426791277258567
csched008,hybrid_best_bound_depth,900,1,node_limit,node_limit,,173.0,,,401,,12.152040041983128,79,0.061526479750778816,1284,0.025105917011387646,0.014830112990159726,0.940809968847352,0.028037383177570093
csched008,hybrid_best_bound_depth,900,2,node_limit,node_limit,182.0,173.0,0.05202312138728324,0.016483516483516952,401,3.590944583993405,16.90470545901917,76,0.059190031152647975,1284,0.024125666997861117,0.014155075834028046,0.9439252336448598,0.02881619937694704
csched008,learned_portfolio,10,0,time_limit,time_limit,,173.0,,,193,,10.006751458975486,81,0.0630841121495327,1284,0.018544499995186925,0.016574979383909793,0.9462616822429907,0.03426791277258567
csched008,learned_portfolio,10,1,time_limit,time_limit,,173.0,,,185,,10.002086375025101,79,0.061526479750778816,1284,0.018591874977573752,0.014830112990159726,0.940809968847352,0.028037383177570093
csched008,learned_portfolio,10,2,time_limit,time_limit,,173.0,,,191,,10.007431708974764,76,0.059190031152647975,1284,0.01728691696189344,0.014155075834028046,0.9439252336448598,0.02881619937694704
csched008,learned_portfolio,300,0,node_limit,node_limit,,173.0,,,401,,20.623810707998928,81,0.0630841121495327,1284,0.01843029202427715,0.016574979383909793,0.9462616822429907,0.03426791277258567
csched008,learned_portfolio,300,1,node_limit,node_limit,189.0,173.0,0.09248554913294797,0.005291005291005291,401,15.22417579201283,21.217290250002407,79,0.061526479750778816,1284,0.018360666988883168,0.014830112990159726,0.940809968847352,0.028037383177570093
csched008,learned_portfolio,300,2,node_limit,node_limit,185.0,173.0,0.06936416184971098,0.005405405405405406,401,12.212311499984935,20.980275207955856,76,0.059190031152647975,1284,0.01747249998152256,0.014155075834028046,0.9439252336448598,0.02881619937694704
csched008,learned_portfolio,60,0,node_limit,node_limit,,173.0,,,401,,20.454612915986218,81,0.0630841121495327,1284,0.01846258295699954,0.016574979383909793,0.9462616822429907,0.03426791277258567
csched008,learned_portfolio,60,1,node_limit,node_limit,189.0,173.0,0.09248554913294797,0.005291005291005291,401,15.16938954195939,21.160705666989088,79,0.061526479750778816,1284,0.017700500029604882,0.014830112990159726,0.940809968847352,0.028037383177570093
csched008,learned_portfolio,60,2,node_limit,node_limit,185.0,173.0,0.06936416184971098,0.005405405405405406,401,12.140912999981083,20.988653749984223,76,0.059190031152647975,1284,0.016058666980825365,0.014155075834028046,0.9439252336448598,0.02881619937694704
csched008,learned_portfolio,900,0,node_limit,node_limit,,173.0,,,401,,20.664151083037723,81,0.0630841121495327,1284,0.017595291952602565,0.016574979383909793,0.9462616822429907,0.03426791277258567
csched008,learned_portfolio,900,1,node_limit,node_limit,,173.0,,,401,,21.32498862495413,79,0.061526479750778816,1284,0.017378666962031275,0.014830112990159726,0.940809968847352,0.028037383177570093
csched008,learned_portfolio,900,2,node_limit,node_limit,185.0,173.0,0.06936416184971098,0.005405405405405406,401,12.283231083012652,21.40627024997957,76,0.059190031152647975,1284,0.01655562501400709,0.014155075834028046,0.9439252336448598,0.02881619937694704
csched008,learned_v2,10,0,time_limit,time_limit,188.0,173.0,0.08670520231213873,0.010638297872340425,195,6.625795166008174,10.00993295799708,81,0.0630841121495327,1284,0.01814862503670156,0.016574979383909793,0.9462616822429907,0.03426791277258567
csched008,learned_v2,10,1,time_limit,time_limit,,173.0,,,233,,10.00930720899487,79,0.061526479750778816,1284,0.017983832978643477,0.014830112990159726,0.940809968847352,0.028037383177570093
csched008,learned_v2,10,2,time_limit,time_limit,182.0,173.0,0.05202312138728324,0.03846153846153893,191,3.572285209025722,10.004853167047258,76,0.059190031152647975,1284,0.01642804202856496,0.014155075834028046,0.9439252336448598,0.02881619937694704
csched008,learned_v2,300,0,node_limit,node_limit,188.0,173.0,0.08670520231213873,0.005319148936170213,401,6.604764249990694,18.685491667012684,81,0.0630841121495327,1284,0.018801791011355817,0.016574979383909793,0.9462616822429907,0.03426791277258567
csched008,learned_v2,300,1,node_limit,node_limit,,173.0,,,401,,13.569806458021048,79,0.061526479750778816,1284,0.017901208950206637,0.014830112990159726,0.940809968847352,0.028037383177570093
csched008,learned_v2,300,2,node_limit,node_limit,182.0,173.0,0.05202312138728324,0.016483516483516952,401,3.573930000013206,16.892878792015836,76,0.059190031152647975,1284,0.016688000003341585,0.014155075834028046,0.9439252336448598,0.02881619937694704
csched008,learned_v2,60,0,node_limit,node_limit,188.0,173.0,0.08670520231213873,0.005319148936170213,401,6.612268374999985,18.64427783404244,81,0.0630841121495327,1284,0.018135791993699968,0.016574979383909793,0.9462616822429907,0.03426791277258567
csched008,learned_v2,60,1,node_limit,node_limit,,173.0,,,401,,13.560036374954507,79,0.061526479750778816,1284,0.01783104200148955,0.014830112990159726,0.940809968847352,0.028037383177570093
csched008,learned_v2,60,2,node_limit,node_limit,182.0,173.0,0.05202312138728324,0.016483516483516952,401,3.5742032090201974,16.810272709000856,76,0.059190031152647975,1284,0.017018000013194978,0.014155075834028046,0.9439252336448598,0.02881619937694704
csched008,learned_v2,900,0,node_limit,node_limit,188.0,173.0,0.08670520231213873,0.005319148936170213,401,6.641088625008706,19.475151458987966,81,0.0630841121495327,1284,0.017639665980823338,0.016574979383909793,0.9462616822429907,0.03426791277258567
csched008,learned_v2,900,1,node_limit,node_limit,,173.0,,,401,,14.65100354095921,79,0.061526479750778816,1284,0.017832874960731715,0.014830112990159726,0.940809968847352,0.028037383177570093
csched008,learned_v2,900,2,node_limit,node_limit,184.0,173.0,0.06358381502890173,0.010869565217391767,401,3.598185291979462,16.301236832980067,76,0.059190031152647975,1284,0.016870499996002764,0.014155075834028046,0.9439252336448598,0.02881619937694704
csched008,random_uniform,10,0,time_limit,time_limit,,173.0,,,187,,10.00640700000804,81,0.0630841121495327,1284,0.024863250029738992,0.016574979383909793,0.9462616822429907,0.03426791277258567
csched008,random_uniform,10,1,time_limit,time_limit,,173.0,,,185,,10.007000415993389,79,0.061526479750778816,1284,0.02451524999924004,0.014830112990159726,0.940809968847352,0.028037383177570093
csched008,random_uniform,10,2,time_limit,time_limit,,173.0,,,187,,10.006636790989432,76,0.059190031152647975,1284,0.023834707972127944,0.014155075834028046,0.9439252336448598,0.02881619937694704
csched008,random_uniform,300,0,node_limit,node_limit,,173.0,,,401,,21.578629624971654,81,0.0630841121495327,1284,0.025228624988812953,0.016574979383909793,0.9462616822429907,0.03426791277258567
csched008,random_uniform,300,1,node_limit,node_limit,,173.0,,,401,,21.824451124994084,79,0.061526479750778816,1284,0.024926249985583127,0.014830112990159726,0.940809968847352,0.028037383177570093
csched008,random_uniform,300,2,node_limit,node_limit,,173.0,,,401,,21.253526166954543,76,0.059190031152647975,1284,0.023988791974261403,0.014155075834028046,0.9439252336448598,0.02881619937694704
csched008,random_uniform,60,0,node_limit,node_limit,,173.0,,,401,,21.568827375012916,81,0.0630841121495327,1284,0.02464445901568979,0.016574979383909793,0.9462616822429907,0.03426791277258567
csched008,random_uniform,60,1,node_limit,node_limit,,173.0,,,401,,21.800125375040807,79,0.061526479750778816,1284,0.024968374986201525,0.014830112990159726,0.940809968847352,0.028037383177570093
csched008,random_uniform,60,2,node_limit,node_limit,,173.0,,,401,,21.219641915988177,76,0.059190031152647975,1284,0.02618691697716713,0.014155075834028046,0.9439252336448598,0.02881619937694704
csched008,random_uniform,900,0,node_limit,node_limit,,173.0,,,401,,21.599229125014972,81,0.0630841121495327,1284,0.025063292006962,0.016574979383909793,0.9462616822429907,0.03426791277258567
csched008,random_uniform,900,1,node_limit,node_limit,,173.0,,,401,,21.84402516699629,79,0.061526479750778816,1284,0.02512670902069658,0.014830112990159726,0.940809968847352,0.028037383177570093
csched008,random_uniform,900,2,node_limit,node_limit,,173.0,,,401,,21.282128416001797,76,0.059190031152647975,1284,0.02386241697240621,0.014155075834028046,0.9439252336448598,0.02881619937694704
csched008,safeguarded_hybrid,10,0,time_limit,time_limit,,173.0,,,189,,10.006189166975673,81,0.0630841121495327,1284,0.02681104198563844,0.016574979383909793,0.9462616822429907,0.03426791277258567
csched008,safeguarded_hybrid,10,1,time_limit,time_limit,,173.0,,,189,,10.007846708002035,79,0.061526479750778816,1284,0.025176458002533764,0.014830112990159726,0.940809968847352,0.028037383177570093
csched008,safeguarded_hybrid,10,2,time_limit,time_limit,,173.0,,,189,,10.006634292018134,76,0.059190031152647975,1284,0.024360042007174343,0.014155075834028046,0.9439252336448598,0.02881619937694704
csched008,safeguarded_hybrid,300,0,node_limit,node_limit,,173.0,,,401,,20.99045191699406,81,0.0630841121495327,1284,0.024986500036902726,0.016574979383909793,0.9462616822429907,0.03426791277258567
csched008,safeguarded_hybrid,300,1,node_limit,node_limit,188.99999999999994,173.0,0.09248554913294765,0.0052910052910049915,401,14.482499584031757,19.797934458998498,79,0.061526479750778816,1284,0.02501412498531863,0.014830112990159726,0.940809968847352,0.028037383177570093
csched008,safeguarded_hybrid,300,2,node_limit,node_limit,189.0,173.0,0.09248554913294797,0.015873015873015872,401,18.639933291997295,21.104488124954514,76,0.059190031152647975,1284,0.024049708037637174,0.014155075834028046,0.9439252336448598,0.02881619937694704
csched008,safeguarded_hybrid,60,0,node_limit,node_limit,,173.0,,,401,,20.968937999976333,81,0.0630841121495327,1284,0.02507737500127405,0.016574979383909793,0.9462616822429907,0.03426791277258567
csched008,safeguarded_hybrid,60,1,node_limit,node_limit,188.99999999999994,173.0,0.09248554913294765,0.0052910052910049915,401,14.465684374968987,19.768792416958604,79,0.061526479750778816,1284,0.024715417006518692,0.014830112990159726,0.940809968847352,0.028037383177570093
csched008,safeguarded_hybrid,60,2,node_limit,node_limit,189.0,173.0,0.09248554913294797,0.015873015873015872,401,18.632403124996927,21.098447667027358,76,0.059190031152647975,1284,0.02355737501056865,0.014155075834028046,0.9439252336448598,0.02881619937694704
csched008,safeguarded_hybrid,900,0,node_limit,node_limit,,173.0,,,401,,20.988165624963585,81,0.0630841121495327,1284,0.025177250034175813,0.016574979383909793,0.9462616822429907,0.03426791277258567
csched008,safeguarded_hybrid,900,1,node_limit,node_limit,188.99999999999994,173.0,0.09248554913294765,0.0052910052910049915,401,14.4807340829866,19.816433832980692,79,0.061526479750778816,1284,0.024947250029072165,0.014830112990159726,0.940809968847352,0.028037383177570093
csched008,safeguarded_hybrid,900,2,node_limit,node_limit,189.0,173.0,0.09248554913294797,0.015873015873015872,401,19.304837084026076,21.902266125020105,76,0.059190031152647975,1284,0.0234511669841595,0.014155075834028046,0.9439252336448598,0.02881619937694704
drayage-100-23,best_bound,10,0,time_limit,time_limit,103333.87407302858,103333.87407,2.930862438300302e-11,0.8866379289047184,113,0.4767151669948362,10.043110875005368,1756,0.15927437641723355,11025,0.3724214169778861,0.007934173139541765,0.9864852607709751,0.009705215419501133
drayage-100-23,best_bound,10,1,time_limit,time_limit,103333.87407302858,103333.87407,2.930862438300302e-11,0.8866379289047184,103,0.4657207910204306,10.033012125000823,1765,0.1600907029478458,11025,0.3654741669888608,0.007550632952516295,0.9867573696145124,0.007800453514739229
drayage-100-23,best_bound,10,2,time_limit,time_limit,103333.87407302858,103333.87407,2.930862438300302e-11,0.8866379289047184,105,0.4703373329830356,10.043212999997195,1757,0.15936507936507938,11025,0.36571287497645244,0.007610242869966436,0.9873922902494331,0.007619047619047619
drayage-100-23,best_bound,300,0,node_limit,node_limit,103333.87407302858,103333.87407,2.930862438300302e-11,0.8866379289047184,401,0.4746968750259839,37.217286250030156,1756,0.15927437641723355,11025,0.3694170839735307,0.007934173139541765,0.9864852607709751,0.009705215419501133
drayage-100-23,best_bound,300,1,node_limit,node_limit,103333.87407302858,103333.87407,2.930862438300302e-11,0.8866379289047184,401,0.4682007079827599,39.01876808301313,1765,0.1600907029478458,11025,0.3637662089895457,0.007550632952516295,0.9867573696145124,0.007800453514739229
drayage-100-23,best_bound,300,2,node_limit,node_limit,103333.87407302858,103333.87407,2.930862438300302e-11,0.8866379289047184,401,0.4776338749798015,38.875514917017426,1757,0.15936507936507938,11025,0.3709073329810053,0.007610242869966436,0.9873922902494331,0.007619047619047619
drayage-100-23,best_bound,60,0,node_limit,node_limit,103333.87407302858,103333.87407,2.930862438300302e-11,0.8866379289047184,401,0.46007341699441895,37.04440779198194,1756,0.15927437641723355,11025,0.3663117910036817,0.007934173139541765,0.9864852607709751,0.009705215419501133
drayage-100-23,best_bound,60,1,node_limit,node_limit,103333.87407302858,103333.87407,2.930862438300302e-11,0.8866379289047184,401,0.46936183399520814,39.0447143339552,1765,0.1600907029478458,11025,0.3686192919849418,0.007550632952516295,0.9867573696145124,0.007800453514739229
drayage-100-23,best_bound,60,2,node_limit,node_limit,103333.87407302858,103333.87407,2.930862438300302e-11,0.8866379289047184,401,0.47317137505160645,38.82058216701262,1757,0.15936507936507938,11025,0.3710901250015013,0.007610242869966436,0.9873922902494331,0.007619047619047619
drayage-100-23,best_bound,900,0,node_limit,node_limit,103333.87407302858,103333.87407,2.930862438300302e-11,0.8866379289047184,401,0.46832533401902765,36.97224241698859,1756,0.15927437641723355,11025,0.3727400000207126,0.007934173139541765,0.9864852607709751,0.009705215419501133
drayage-100-23,best_bound,900,1,node_limit,node_limit,103333.87407302858,103333.87407,2.930862438300302e-11,0.8866379289047184,401,0.4680220000445843,39.35433225001907,1765,0.1600907029478458,11025,0.368230834021233,0.007550632952516295,0.9867573696145124,0.007800453514739229
drayage-100-23,best_bound,900,2,node_limit,node_limit,103333.87407302858,103333.87407,2.930862438300302e-11,0.8866379289047184,401,0.463109333999455,38.90013262501452,1757,0.15936507936507938,11025,0.3640946660307236,0.007610242869966436,0.9873922902494331,0.007619047619047619
drayage-100-23,best_estimate,10,0,time_limit,time_limit,103333.87407302858,103333.87407,2.930862438300302e-11,0.8866379289047184,105,0.4747167500318028,10.012586500030011,1756,0.15927437641723355,11025,0.3752641660394147,0.007934173139541765,0.9864852607709751,0.009705215419501133
drayage-100-23,best_estimate,10,1,time_limit,time_limit,103333.87407302858,103333.87407,2.930862438300302e-11,0.8866379289047184,109,0.4695475000189617,10.029872582992539,1765,0.1600907029478458,11025,0.3685973340179771,0.007550632952516295,0.9867573696145124,0.007800453514739229
drayage-100-23,best_estimate,10,2,time_limit,time_limit,103333.87407302858,103333.87407,2.930862438300302e-11,0.8866379289047184,109,0.47290875000180677,10.038578292005695,1757,0.15936507936507938,11025,0.3669006670243107,0.007610242869966436,0.9873922902494331,0.007619047619047619
drayage-100-23,best_estimate,300,0,node_limit,node_limit,103333.87407302858,103333.87407,2.930862438300302e-11,0.8866379289047184,401,0.4703920409665443,39.19790400000056,1756,0.15927437641723355,11025,0.3660854590125382,0.007934173139541765,0.9864852607709751,0.009705215419501133
drayage-100-23,best_estimate,300,1,node_limit,node_limit,103333.87407302858,103333.87407,2.930862438300302e-11,0.8866379289047184,401,0.4597094159689732,38.32789504097309,1765,0.1600907029478458,11025,0.35526870796456933,0.007550632952516295,0.9867573696145124,0.007800453514739229
drayage-100-23,best_estimate,300,2,node_limit,node_limit,103333.87407302858,103333.87407,2.930862438300302e-11,0.8866379289047184,401,0.4666400409769267,39.3758713749703,1757,0.15936507936507938,11025,0.3689780829590745,0.007610242869966436,0.9873922902494331,0.007619047619047619
drayage-100-23,best_estimate,60,0,node_limit,node_limit,103333.87407302858,103333.87407,2.930862438300302e-11,0.8866379289047184,401,0.47458733402891085,38.76281641703099,1756,0.15927437641723355,11025,0.36628062499221414,0.007934173139541765,0.9864852607709751,0.009705215419501133
drayage-100-23,best_estimate,60,1,node_limit,node_limit,103333.87407302858,103333.87407,2.930862438300302e-11,0.8866379289047184,401,0.46982820803532377,38.396200124989264,1765,0.1600907029478458,11025,0.3657415830530226,0.007550632952516295,0.9867573696145124,0.007800453514739229
drayage-100-23,best_estimate,60,2,node_limit,node_limit,103333.87407302858,103333.87407,2.930862438300302e-11,0.8866379289047184,401,0.4621097499621101,39.52374554099515,1757,0.15936507936507938,11025,0.3672290839604102,0.007610242869966436,0.9873922902494331,0.007619047619047619
drayage-100-23,best_estimate,900,0,node_limit,node_limit,103333.87407302858,103333.87407,2.930862438300302e-11,0.8866379289047184,401,0.469603042001836,38.916595624992624,1756,0.15927437641723355,11025,0.36352387501392514,0.007934173139541765,0.9864852607709751,0.009705215419501133
drayage-100-23,best_estimate,900,1,node_limit,node_limit,103333.87407302858,103333.87407,2.930862438300302e-11,0.8866379289047184,401,0.47731066698906943,38.52932191698346,1765,0.1600907029478458,11025,0.3686917910235934,0.007550632952516295,0.9867573696145124,0.007800453514739229
drayage-100-23,best_estimate,900,2,node_limit,node_limit,103333.87407302858,103333.87407,2.930862438300302e-11,0.8866379289047184,401,0.4652295839623548,39.26579791697441,1757,0.15936507936507938,11025,0.36506241699680686,0.007610242869966436,0.9873922902494331,0.007619047619047619
drayage-100-23,boltzmann_adaptive,10,0,time_limit,time_limit,103333.87407302858,103333.87407,2.930862438300302e-11,0.8866379289047184,113,0.47789283300517127,10.061578333028592,1756,0.15927437641723355,11025,0.37162925000302494,0.007934173139541765,0.9864852607709751,0.009705215419501133
drayage-100-23,boltzmann_adaptive,10,1,time_limit,time_limit,103333.87407302858,103333.87407,2.930862438300302e-11,0.8866379289047184,107,0.46646841696929187,10.041043041972443,1765,0.1600907029478458,11025,0.3649690000456758,0.007550632952516295,0.9867573696145124,0.007800453514739229
drayage-100-23,boltzmann_adaptive,10,2,time_limit,time_limit,103333.87407302858,103333.87407,2.930862438300302e-11,0.8866379289047184,109,0.46612454095156863,10.074243707989808,1757,0.15936507936507938,11025,0.3672684589982964,0.007610242869966436,0.9873922902494331,0.007619047619047619
drayage-100-23,boltzmann_adaptive,300,0,node_limit,node_limit,103333.87407302858,103333.87407,2.930862438300302e-11,0.8866379289047184,401,0.47164520900696516,37.27458425000077,1756,0.15927437641723355,11025,0.37242916703689843,0.007934173139541765,0.9864852607709751,0.009705215419501133
drayage-100-23,boltzmann_adaptive,300,1,node_limit,node_limit,103333.87407302858,103333.87407,2.930862438300302e-11,0.8866379289047184,401,0.470140041958075,37.438711749971844,1765,0.1600907029478458,11025,0.36453695804812014,0.007550632952516295,0.9867573696145124,0.007800453514739229
drayage-100-23,boltzmann_adaptive,300,2,node_limit,node_limit,103333.87407302858,103333.87407,2.930862438300302e-11,0.8866379289047184,401,0.47169762500561774,37.51567466603592,1757,0.15936507936507938,11025,0.3653591250185855,0.007610242869966436,0.9873922902494331,0.007619047619047619
drayage-100-23,boltzmann_adaptive,60,0,node_limit,node_limit,103333.87407302858,103333.87407,2.930862438300302e-11,0.8866379289047184,401,0.4728383749607019,37.42551904194988,1756,0.15927437641723355,11025,0.36846295901341364,0.007934173139541765,0.9864852607709751,0.009705215419501133
drayage-100-23,boltzmann_adaptive,60,1,node_limit,node_limit,103333.87407302858,103333.87407,2.930862438300302e-11,0.8866379289047184,401,0.4711807079729624,37.92217862495454,1765,0.1600907029478458,11025,0.36787424999056384,0.007550632952516295,0.9867573696145124,0.007800453514739229
drayage-100-23,boltzmann_adaptive,60,2,node_limit,node_limit,103333.87407302858,103333.87407,2.930862438300302e-11,0.8866379289047184,401,0.47283412504475564,37.661742875003256,1757,0.15936507936507938,11025,0.3670465420000255,0.007610242869966436,0.9873922902494331,0.007619047619047619
drayage-100-23,boltzmann_adaptive,900,0,node_limit,node_limit,103333.87407302858,103333.87407,2.930862438300302e-11,0.8866379289047184,401,0.45544608298223466,37.20386549999239,1756,0.15927437641723355,11025,0.3636398339876905,0.007934173139541765,0.9864852607709751,0.009705215419501133
drayage-100-23,boltzmann_adaptive,900,1,node_limit,node_limit,103333.87407302858,103333.87407,2.930862438300302e-11,0.8866379289047184,401,0.4682442499906756,37.88755212497199,1765,0.1600907029478458,11025,0.3707636670442298,0.007550632952516295,0.9867573696145124,0.007800453514739229
drayage-100-23,boltzmann_adaptive,900,2,node_limit,node_limit,103333.87407302858,103333.87407,2.930862438300302e-11,0.8866379289047184,401,0.4616784579702653,37.6722512919805,1757,0.15936507936507938,11025,0.3702003329526633,0.007610242869966436,0.9873922902494331,0.007619047619047619
drayage-100-23,depth_first,10,0,time_limit,time_limit,103333.87407302858,103333.87407,2.930862438300302e-11,0.8866379289047184,111,0.4723308330285363,10.008141416008584,1756,0.15927437641723355,11025,0.3677736669778824,0.007934173139541765,0.9864852607709751,0.009705215419501133
drayage-100-23,depth_first,10,1,time_limit,time_limit,103333.87407302858,103333.87407,2.930862438300302e-11,0.8866379289047184,115,0.4703681669780053,10.05171445896849,1765,0.1600907029478458,11025,0.36596591700799763,0.007550632952516295,0.9867573696145124,0.007800453514739229
drayage-100-23,depth_first,10,2,time_limit,time_limit,103333.87407302858,103333.87407,2.930862438300302e-11,0.8866379289047184,105,0.4757339999778196,10.005117334017996,1757,0.15936507936507938,11025,0.3675173750380054,0.007610242869966436,0.9873922902494331,0.007619047619047619
drayage-100-23,depth_first,300,0,node_limit,node_limit,103333.87407302858,103333.87407,2.930862438300302e-11,0.8866379289047184,401,0.4732639999710955,36.63453641696833,1756,0.15927437641723355,11025,0.3689537910395302,0.007934173139541765,0.9864852607709751,0.009705215419501133
drayage-100-23,depth_first,300,1,node_limit,node_limit,103333.87407302858,103333.87407,2.930862438300302e-11,0.8866379289047184,401,0.45753083302406594,38.25034320802661,1765,0.1600907029478458,11025,0.3639073750237003,0.007550632952516295,0.9867573696145124,0.007800453514739229
drayage-100-23,depth_first,300,2,node_limit,node_limit,103333.87407302858,103333.87407,2.930862438300302e-11,0.8863345101396323,401,0.4675604589865543,38.966654791962355,1757,0.15936507936507938,11025,0.3693422920187004,0.007610242869966436,0.9873922902494331,0.007619047619047619
drayage-100-23,depth_first,60,0,node_limit,node_limit,103333.87407302858,103333.87407,2.930862438300302e-11,0.8866379289047184,401,0.4759672079817392,36.531372540979646,1756,0.15927437641723355,11025,0.37081291701179,0.007934173139541765,0.9864852607709751,0.009705215419501133
drayage-100-23,depth_first,60,1,node_limit,node_limit,103333.87407302858,103333.87407,2.930862438300302e-11,0.8866379289047184,401,0.4630253340001218,38.424396999995224,1765,0.1600907029478458,11025,0.36415004200534895,0.007550632952516295,0.9867573696145124,0.007800453514739229
drayage-100-23,depth_first,60,2,node_limit,node_limit,103333.87407302858,103333.87407,2.930862438300302e-11,0.8863345101396323,401,0.46502908394904807,39.00513274996774,1757,0.15936507936507938,11025,0.3686474999994971,0.007610242869966436,0.9873922902494331,0.007619047619047619
drayage-100-23,depth_first,900,0,node_limit,node_limit,103333.87407302858,103333.87407,2.930862438300302e-11,0.8866379289047184,401,0.47718183300457895,36.85601587500423,1756,0.15927437641723355,11025,0.37114437500713393,0.007934173139541765,0.9864852607709751,0.009705215419501133
drayage-100-23,depth_first,900,1,node_limit,node_limit,103333.87407302858,103333.87407,2.930862438300302e-11,0.8866379289047184,401,0.461856915964745,38.16901545797009,1765,0.1600907029478458,11025,0.36316604196326807,0.007550632952516295,0.9867573696145124,0.007800453514739229
drayage-100-23,depth_first,900,2,node_limit,node_limit,103333.87407302858,103333.87407,2.930862438300302e-11,0.8863345101396323,401,0.47041300003184006,39.002997750008944,1757,0.15936507936507938,11025,0.37112379202153534,0.007610242869966436,0.9873922902494331,0.007619047619047619
drayage-100-23,greedy_score,10,0,time_limit,time_limit,103333.87407302858,103333.87407,2.930862438300302e-11,0.8866379289047184,109,0.47062099998584017,10.003997041028924,1756,0.15927437641723355,11025,0.3694228749955073,0.007934173139541765,0.9864852607709751,0.009705215419501133
drayage-100-23,greedy_score,10,1,time_limit,time_limit,103333.87407302858,103333.87407,2.930862438300302e-11,0.8866379289047184,109,0.46648358297534287,10.039845374994911,1765,0.1600907029478458,11025,0.36988000001292676,0.007550632952516295,0.9867573696145124,0.007800453514739229
drayage-100-23,greedy_score,10,2,time_limit,time_limit,103333.87407302858,103333.87407,2.930862438300302e-11,0.8866379289047184,109,0.4623934590490535,10.00234112504404,1757,0.15936507936507938,11025,0.36384850001195446,0.007610242869966436,0.9873922902494331,0.007619047619047619
drayage-100-23,greedy_score,300,0,node_limit,node_limit,103333.87407302858,103333.87407,2.930862438300302e-11,0.8866379289047184,401,0.4655312090180814,37.15018549998058,1756,0.15927437641723355,11025,0.367615333001595,0.007934173139541765,0.9864852607709751,0.009705215419501133
drayage-100-23,greedy_score,300,1,node_limit,node_limit,103333.87407302858,103333.87407,2.930862438300302e-11,0.8866379289047184,401,0.4698119999957271,37.180779582995456,1765,0.1600907029478458,11025,0.3647516669589095,0.007550632952516295,0.9867573696145124,0.007800453514739229
drayage-100-23,greedy_score,300,2,node_limit,node_limit,103333.87407302858,103333.87407,2.930862438300302e-11,0.8866379289047184,401,0.4591173329972662,37.8943273749901,1757,0.15936507936507938,11025,0.3559346250258386,0.007610242869966436,0.9873922902494331,0.007619047619047619
drayage-100-23,greedy_score,60,0,node_limit,node_limit,103333.87407302858,103333.87407,2.930862438300302e-11,0.8866379289047184,401,0.47550012497231364,37.64501333300723,1756,0.15927437641723355,11025,0.37090583302779123,0.007934173139541765,0.9864852607709751,0.009705215419501133
drayage-100-23,greedy_score,60,1,node_limit,node_limit,103333.87407302858,103333.87407,2.930862438300302e-11,0.8866379289047184,401,0.4651348330080509,37.4557362080086,1765,0.1600907029478458,11025,0.3702625000150874,0.007550632952516295,0.9867573696145124,0.007800453514739229
drayage-100-23,greedy_score,60,2,node_limit,node_limit,103333.87407302858,103333.87407,2.930862438300302e-11,0.8866379289047184,401,0.4653585000196472,37.69592274999013,1757,0.15936507936507938,11025,0.3671009999816306,0.007610242869966436,0.9873922902494331,0.007619047619047619
drayage-100-23,greedy_score,900,0,node_limit,node_limit,103333.87407302858,103333.87407,2.930862438300302e-11,0.8866379289047184,401,0.47815687500406057,36.844965625030454,1756,0.15927437641723355,11025,0.3711966669652611,0.007934173139541765,0.9864852607709751,0.009705215419501133
drayage-100-23,greedy_score,900,1,node_limit,node_limit,103333.87407302858,103333.87407,2.930862438300302e-11,0.8866379289047184,401,0.46881612500874326,37.32197016599821,1765,0.1600907029478458,11025,0.3692139170016162,0.007550632952516295,0.9867573696145124,0.007800453514739229
drayage-100-23,greedy_score,900,2,node_limit,node_limit,103333.87407302858,103333.87407,2.930862438300302e-11,0.8866379289047184,401,0.46726658398984,37.683830333990045,1757,0.15936507936507938,11025,0.37123358296230435,0.007610242869966436,0.9873922902494331,0.007619047619047619
drayage-100-23,hybrid_best_bound_depth,10,0,time_limit,time_limit,103333.87407302858,103333.87407,2.930862438300302e-11,0.8866379289047184,117,0.46389158302918077,10.04270162503235,1756,0.15927437641723355,11025,0.3641539170057513,0.007934173139541765,0.9864852607709751,0.009705215419501133
drayage-100-23,hybrid_best_bound_depth,10,1,time_limit,time_limit,103333.87407302858,103333.87407,2.930862438300302e-11,0.8866379289047184,103,0.46445887500885874,10.063044832961168,1765,0.1600907029478458,11025,0.364564707968384,0.007550632952516295,0.9867573696145124,0.007800453514739229
drayage-100-23,hybrid_best_bound_depth,10,2,time_limit,time_limit,103333.87407302858,103333.87407,2.930862438300302e-11,0.8866379289047184,105,0.46595179196447134,10.058398916968144,1757,0.15936507936507938,11025,0.3715060839895159,0.007610242869966436,0.9873922902494331,0.007619047619047619
drayage-100-23,hybrid_best_bound_depth,300,0,node_limit,node_limit,103333.87407302858,103333.87407,2.930862438300302e-11,0.8866379289047184,401,0.4674899579840712,37.218159375013784,1756,0.15927437641723355,11025,0.3637612910242751,0.007934173139541765,0.9864852607709751,0.009705215419501133
drayage-100-23,hybrid_best_bound_depth,300,1,node_limit,node_limit,103333.87407302858,103333.87407,2.930862438300302e-11,0.8866379289047184,401,0.4697933749994263,39.20010229200125,1765,0.1600907029478458,11025,0.36984225001651794,0.007550632952516295,0.9867573696145124,0.007800453514739229
drayage-100-23,hybrid_best_bound_depth,300,2,node_limit,node_limit,103333.87407302858,103333.87407,2.930862438300302e-11,0.8866379289047184,401,0.47239200002513826,38.70158587500919,1757,0.15936507936507938,11025,0.3686217910144478,0.007610242869966436,0.9873922902494331,0.007619047619047619
drayage-100-23,hybrid_best_bound_depth,60,0,node_limit,node_limit,103333.87407302858,103333.87407,2.930862438300302e-11,0.8866379289047184,401,0.46617562498431653,37.23302112496458,1756,0.15927437641723355,11025,0.37067866598954424,0.007934173139541765,0.9864852607709751,0.009705215419501133
drayage-100-23,hybrid_best_bound_depth,60,1,node_limit,node_limit,103333.87407302858,103333.87407,2.930862438300302e-11,0.8866379289047184,401,0.4681797089870088,39.09750679199351,1765,0.1600907029478458,11025,0.36464225000236183,0.007550632952516295,0.9867573696145124,0.007800453514739229
drayage-100-23,hybrid_best_bound_depth,60,2,node_limit,node_limit,103333.87407302858,103333.87407,2.930862438300302e-11,0.8866379289047184,401,0.48087816598126665,39.02991275000386,1757,0.15936507936507938,11025,0.37330470798769966,0.007610242869966436,0.9873922902494331,0.007619047619047619
drayage-100-23,hybrid_best_bound_depth,900,0,node_limit,node_limit,103333.87407302858,103333.87407,2.930862438300302e-11,0.8866379289047184,401,0.4703764999867417,37.39745933300583,1756,0.15927437641723355,11025,0.3649405000032857,0.007934173139541765,0.9864852607709751,0.009705215419501133
drayage-100-23,hybrid_best_bound_depth,900,1,node_limit,node_limit,103333.87407302858,103333.87407,2.930862438300302e-11,0.8866379289047184,401,0.47349879099056125,39.39560054097092,1765,0.1600907029478458,11025,0.3683499170001596,0.007550632952516295,0.9867573696145124,0.007800453514739229
drayage-100-23,hybrid_best_bound_depth,900,2,node_limit,node_limit,103333.87407302858,103333.87407,2.930862438300302e-11,0.8866379289047184,401,0.453034124977421,38.789997999963816,1757,0.15936507936507938,11025,0.36065437499200925,0.007610242869966436,0.9873922902494331,0.007619047619047619
drayage-100-23,learned_portfolio,10,0,time_limit,time_limit,103333.87407302858,103333.87407,2.930862438300302e-11,0.8866379289047184,115,0.1376511249691248,10.04271783301374,1756,0.15927437641723355,11025,0.038749416009522974,0.007934173139541765,0.9864852607709751,0.009705215419501133
drayage-100-23,learned_portfolio,10,1,time_limit,time_limit,103333.87407302858,103333.87407,2.930862438300302e-11,0.8866379289047184,107,0.13713154097786173,10.05863770795986,1765,0.1600907029478458,11025,0.03912295802729204,0.007550632952516295,0.9867573696145124,0.007800453514739229
drayage-100-23,learned_portfolio,10,2,time_limit,time_limit,103333.87407302858,103333.87407,2.930862438300302e-11,0.8866379289047184,111,0.13626695901621133,10.044123416999355,1757,0.15936507936507938,11025,0.03878345905104652,0.007610242869966436,0.9873922902494331,0.007619047619047619
drayage-100-23,learned_portfolio,300,0,node_limit,node_limit,103333.87407302858,103333.87407,2.930862438300302e-11,0.8866379289047184,401,0.1330784159945324,39.096434415958356,1756,0.15927437641723355,11025,0.03841350000584498,0.007934173139541765,0.9864852607709751,0.009705215419501133
drayage-100-23,learned_portfolio,300,1,node_limit,node_limit,103333.87407302858,103333.87407,2.930862438300302e-11,0.8866379289047184,401,0.134640833013691,38.35059629200259,1765,0.1600907029478458,11025,0.03886466700350866,0.007550632952516295,0.9867573696145124,0.007800453514739229
drayage-100-23,learned_portfolio,300,2,node_limit,node_limit,103333.87407302858,103333.87407,2.930862438300302e-11,0.8866379289047184,401,0.14067954203346744,39.16800137498649,1757,0.15936507936507938,11025,0.04190529201878235,0.007610242869966436,0.9873922902494331,0.007619047619047619
drayage-100-23,learned_portfolio,60,0,node_limit,node_limit,103333.87407302858,103333.87407,2.930862438300302e-11,0.8866379289047184,401,0.13472508400445804,38.97686783404788,1756,0.15927437641723355,11025,0.03904983401298523,0.007934173139541765,0.9864852607709751,0.009705215419501133
drayage-100-23,learned_portfolio,60,1,node_limit,node_limit,103333.87407302858,103333.87407,2.930862438300302e-11,0.8866379289047184,401,0.13934995798626915,38.51539245794993,1765,0.1600907029478458,11025,0.040377833996899426,0.007550632952516295,0.9867573696145124,0.007800453514739229
drayage-100-23,learned_portfolio,60,2,node_limit,node_limit,103333.87407302858,103333.87407,2.930862438300302e-11,0.8866379289047184,401,0.14039066602708772,38.942542166041676,1757,0.15936507936507938,11025,0.040905750007368624,0.007610242869966436,0.9873922902494331,0.007619047619047619
drayage-100-23,learned_portfolio,900,0,node_limit,node_limit,103333.87407302858,103333.87407,2.930862438300302e-11,0.8866379289047184,401,0.13913054199656472,38.95987783395685,1756,0.15927437641723355,11025,0.040790958038996905,0.007934173139541765,0.9864852607709751,0.009705215419501133
drayage-100-23,learned_portfolio,900,1,node_limit,node_limit,103333.87407302858,103333.87407,2.930862438300302e-11,0.8866379289047184,401,0.13822037499630824,38.49566679203417,1765,0.1600907029478458,11025,0.04020116600440815,0.007550632952516295,0.9867573696145124,0.007800453514739229
drayage-100-23,learned_portfolio,900,2,node_limit,node_limit,103333.87407302858,103333.87407,2.930862438300302e-11,0.8866379289047184,401,0.13821537501644343,39.42467808298534,1757,0.15936507936507938,11025,0.0407814159989357,0.007610242869966436,0.9873922902494331,0.007619047619047619
drayage-100-23,learned_v2,10,0,time_limit,time_limit,103333.87407302858,103333.87407,2.930862438300302e-11,0.8866379289047184,123,0.14161229197634384,10.043478125007823,1756,0.15927437641723355,11025,0.04089816700434312,0.007934173139541765,0.9864852607709751,0.009705215419501133
drayage-100-23,learned_v2,10,1,time_limit,time_limit,103333.87407302858,103333.87407,2.930862438300302e-11,0.8866379289047184,111,0.14153587498003617,10.064268124988303,1765,0.1600907029478458,11025,0.04110095894429833,0.007550632952516295,0.9867573696145124,0.007800453514739229
drayage-100-23,learned_v2,10,2,time_limit,time_limit,103333.87407302858,103333.87407,2.930862438300302e-11,0.8866379289047184,107,0.13763787498464808,10.056587625003885,1757,0.15936507936507938,11025,0.034936292038764805,0.007610242869966436,0.9873922902494331,0.007619047619047619
drayage-100-23,learned_v2,300,0,node_limit,node_limit,103333.87407302858,103333.87407,2.930862438300302e-11,0.8866379289047184,401,0.12800616695312783,37.0579230839503,1756,0.15927437641723355,11025,0.040535208012443036,0.007934173139541765,0.9864852607709751,0.009705215419501133
drayage-100-23,learned_v2,300,1,node_limit,node_limit,103333.87407302858,103333.87407,2.930862438300302e-11,0.8866379289047184,401,0.1374862919910811,38.84002162498655,1765,0.1600907029478458,11025,0.03934537497116253,0.007550632952516295,0.9867573696145124,0.007800453514739229
drayage-100-23,learned_v2,300,2,node_limit,node_limit,103333.87407302858,103333.87407,2.930862438300302e-11,0.8866379289047184,401,0.1387779579963535,39.371104417019524,1757,0.15936507936507938,11025,0.03933866694569588,0.007610242869966436,0.9873922902494331,0.007619047619047619
drayage-100-23,learned_v2,60,0,node_limit,node_limit,103333.87407302858,103333.87407,2.930862438300302e-11,0.8866379289047184,401,0.14164995803730562,37.322413166984916,1756,0.15927437641723355,11025,0.04351208300795406,0.007934173139541765,0.9864852607709751,0.009705215419501133
drayage-100-23,learned_v2,60,1,node_limit,node_limit,103333.87407302858,103333.87407,2.930862438300302e-11,0.8866379289047184,401,0.14075033302651718,38.214399708027486,1765,0.1600907029478458,11025,0.04024912498425692,0.007550632952516295,0.9867573696145124,0.007800453514739229
drayage-100-23,learned_v2,60,2,node_limit,node_limit,103333.87407302858,103333.87407,2.930862438300302e-11,0.8866379289047184,401,0.14629154099384323,40.089010957977735,1757,0.15936507936507938,11025,0.041726124996785074,0.007610242869966436,0.9873922902494331,0.007619047619047619
drayage-100-23,learned_v2,900,0,node_limit,node_limit,103333.87407302858,103333.87407,2.930862438300302e-11,0.8866379289047184,401,0.14442987501388416,37.17524183396017,1756,0.15927437641723355,11025,0.042372292024083436,0.007934173139541765,0.9864852607709751,0.009705215419501133
drayage-100-23,learned_v2,900,1,node_limit,node_limit,103333.87407302858,103333.87407,2.930862438300302e-11,0.8866379289047184,401,0.13878612499684095,38.685495875019114,1765,0.1600907029478458,11025,0.04021579201798886,0.007550632952516295,0.9867573696145124,0.007800453514739229
drayage-100-23,learned_v2,900,2,node_limit,node_limit,103333.87407302858,103333.87407,2.930862438300302e-11,0.8866379289047184,401,0.14671341597568244,39.85499704099493,1757,0.15936507936507938,11025,0.043665458040777594,0.007610242869966436,0.9873922902494331,0.007619047619047619
drayage-100-23,random_uniform,10,0,time_limit,time_limit,103333.87407302858,103333.87407,2.930862438300302e-11,0.8866379289047184,109,0.46270704100606963,10.003307458013296,1756,0.15927437641723355,11025,0.36524920898955315,0.007934173139541765,0.9864852607709751,0.009705215419501133
drayage-100-23,random_uniform,10,1,time_limit,time_limit,103333.87407302858,103333.87407,2.930862438300302e-11,0.8866379289047184,107,0.4747716669808142,10.043839082994964,1765,0.1600907029478458,11025,0.3699718749849126,0.007550632952516295,0.9867573696145124,0.007800453514739229
drayage-100-23,random_uniform,10,2,time_limit,time_limit,103333.87407302858,103333.87407,2.930862438300302e-11,0.8866379289047184,107,0.4703900419990532,10.055839625012595,1757,0.15936507936507938,11025,0.3639152080286294,0.007610242869966436,0.9873922902494331,0.007619047619047619
drayage-100-23,random_uniform,300,0,node_limit,node_limit,103333.87407302858,103333.87407,2.930862438300302e-11,0.8866379289047184,401,0.4676078339689411,37.35532124998281,1756,0.15927437641723355,11025,0.3641879580100067,0.007934173139541765,0.9864852607709751,0.009705215419501133
drayage-100-23,random_uniform,300,1,node_limit,node_limit,103333.87407302858,103333.87407,2.930862438300302e-11,0.8866379289047184,401,0.45511770801385865,36.90538687503431,1765,0.1600907029478458,11025,0.3621147079975344,0.007550632952516295,0.9867573696145124,0.007800453514739229
drayage-100-23,random_uniform,300,2,node_limit,node_limit,103333.87407302858,103333.87407,2.930862438300302e-11,0.8866379289047184,401,0.45935754204401746,37.86340941704111,1757,0.15936507936507938,11025,0.3646502500050701,0.007610242869966436,0.9873922902494331,0.007619047619047619
drayage-100-23,random_uniform,60,0,node_limit,node_limit,103333.87407302858,103333.87407,2.930862438300302e-11,0.8866379289047184,401,0.46489933400880545,37.50438641698565,1756,0.15927437641723355,11025,0.36773195798741654,0.007934173139541765,0.9864852607709751,0.009705215419501133
drayage-100-23,random_uniform,60,1,node_limit,node_limit,103333.87407302858,103333.87407,2.930862438300302e-11,0.8866379289047184,401,0.4727575830183923,37.22005708300276,1765,0.1600907029478458,11025,0.3670397910173051,0.007550632952516295,0.9867573696145124,0.007800453514739229
drayage-100-23,random_uniform,60,2,node_limit,node_limit,103333.87407302858,103333.87407,2.930862438300302e-11,0.8866379289047184,401,0.4648856249987148,37.88648766698316,1757,0.15936507936507938,11025,0.36739354202290997,0.007610242869966436,0.9873922902494331,0.007619047619047619
drayage-100-23,random_uniform,900,0,node_limit,node_limit,103333.87407302858,103333.87407,2.930862438300302e-11,0.8866379289047184,401,0.4690792500041425,37.158958874992095,1756,0.15927437641723355,11025,0.3649732500198297,0.007934173139541765,0.9864852607709751,0.009705215419501133
drayage-100-23,random_uniform,900,1,node_limit,node_limit,103333.87407302858,103333.87407,2.930862438300302e-11,0.8866379289047184,401,0.4666936660069041,37.281643665977754,1765,0.1600907029478458,11025,0.37050420802552253,0.007550632952516295,0.9867573696145124,0.007800453514739229
drayage-100-23,random_uniform,900,2,node_limit,node_limit,103333.87407302858,103333.87407,2.930862438300302e-11,0.8866379289047184,401,0.46309541701339185,38.12612154200906,1757,0.15936507936507938,11025,0.3642012079944834,0.007610242869966436,0.9873922902494331,0.007619047619047619
drayage-100-23,safeguarded_hybrid,10,0,time_limit,time_limit,103333.87407302858,103333.87407,2.930862438300302e-11,0.8866379289047184,113,0.4689016669872217,10.013279833947308,1756,0.15927437641723355,11025,0.3623013749602251,0.007934173139541765,0.9864852607709751,0.009705215419501133
drayage-100-23,safeguarded_hybrid,10,1,time_limit,time_limit,103333.87407302858,103333.87407,2.930862438300302e-11,0.8866379289047184,107,0.4666880830191076,10.054365082993172,1765,0.1600907029478458,11025,0.3669244580087252,0.007550632952516295,0.9867573696145124,0.007800453514739229
drayage-100-23,safeguarded_hybrid,10,2,time_limit,time_limit,103333.87407302858,103333.87407,2.930862438300302e-11,0.8866379289047184,107,0.4700573750305921,10.011612583009992,1757,0.15936507936507938,11025,0.36796800000593066,0.007610242869966436,0.9873922902494331,0.007619047619047619
drayage-100-23,safeguarded_hybrid,300,0,node_limit,node_limit,103333.87407302858,103333.87407,2.930862438300302e-11,0.8866379289047184,401,0.4542411249713041,39.01061195798684,1756,0.15927437641723355,11025,0.3624722500098869,0.007934173139541765,0.9864852607709751,0.009705215419501133
drayage-100-23,safeguarded_hybrid,300,1,node_limit,node_limit,103333.87407302858,103333.87407,2.930862438300302e-11,0.8866379289047184,401,0.4701964170089923,38.80794829200022,1765,0.1600907029478458,11025,0.36350920802215114,0.007550632952516295,0.9867573696145124,0.007800453514739229
drayage-100-23,safeguarded_hybrid,300,2,node_limit,node_limit,103333.87407302858,103333.87407,2.930862438300302e-11,0.8866379289047184,401,0.472486459009815,39.49377599998843,1757,0.15936507936507938,11025,0.36397683300310746,0.007610242869966436,0.9873922902494331,0.007619047619047619
drayage-100-23,safeguarded_hybrid,60,0,node_limit,node_limit,103333.87407302858,103333.87407,2.930862438300302e-11,0.8866379289047184,401,0.4684658339829184,39.17901337496005,1756,0.15927437641723355,11025,0.37126799998804927,0.007934173139541765,0.9864852607709751,0.009705215419501133
drayage-100-23,safeguarded_hybrid,60,1,node_limit,node_limit,103333.87407302858,103333.87407,2.930862438300302e-11,0.8866379289047184,401,0.4684335829806514,38.14718254096806,1765,0.1600907029478458,11025,0.3677015000139363,0.007550632952516295,0.9867573696145124,0.007800453514739229
drayage-100-23,safeguarded_hybrid,60,2,node_limit,node_limit,103333.87407302858,103333.87407,2.930862438300302e-11,0.8866379289047184,401,0.4662314159795642,39.426837624982,1757,0.15936507936507938,11025,0.3663515830412507,0.007610242869966436,0.9873922902494331,0.007619047619047619
drayage-100-23,safeguarded_hybrid,900,0,node_limit,node_limit,103333.87407302858,103333.87407,2.930862438300302e-11,0.8866379289047184,401,0.471333916997537,39.063008999975864,1756,0.15927437641723355,11025,0.36616483301622793,0.007934173139541765,0.9864852607709751,0.009705215419501133
drayage-100-23,safeguarded_hybrid,900,1,node_limit,node_limit,103333.87407302858,103333.87407,2.930862438300302e-11,0.8866379289047184,401,0.47265275003155693,39.09750137501396,1765,0.1600907029478458,11025,0.3639067920157686,0.007550632952516295,0.9867573696145124,0.007800453514739229
drayage-100-23,safeguarded_hybrid,900,2,node_limit,node_limit,103333.87407302858,103333.87407,2.930862438300302e-11,0.8866379289047184,401,0.47182004200294614,39.147293749963865,1757,0.15936507936507938,11025,0.36982245900435373,0.007610242869966436,0.9873922902494331,0.007619047619047619
drayage-25-23,best_bound,10,0,time_limit,time_limit,106589.81786727905,101282.647018,0.052399606502541905,0.8901007412002198,111,0.4775550840422511,10.05228475003969,1765,0.1600907029478458,11025,0.3683407090138644,0.007427076402792379,0.9863038548752835,0.007800453514739229
drayage-25-23,best_bound,10,1,time_limit,time_limit,106481.56122207642,101282.647018,0.05133074971028807,0.8899890098832539,113,0.4810236669727601,10.043765000009444,1763,0.1599092970521542,11025,0.37052883399883285,0.007470284482614148,0.9865759637188208,0.00816326530612245
drayage-25-23,best_bound,10,2,time_limit,time_limit,106589.81786727905,101282.647018,0.052399606502541905,0.8901007412002198,111,0.478387292008847,10.044310833036434,1762,0.1598185941043084,11025,0.3679740419611335,0.007332196442399956,0.9873015873015873,0.006712018140589569
drayage-25-23,best_bound,300,0,node_limit,node_limit,102111.58990859987,101282.647018,0.008184451285643676,0.885280975551327,401,0.48253758397186175,37.18640858400613,1765,0.1600907029478458,11025,0.37594320898642763,0.007427076402792379,0.9863038548752835,0.007800453514739229
drayage-25-23,best_bound,300,1,node_limit,node_limit,106397.13106155397,101282.647018,0.050497140370403405,0.8896378207990449,401,0.48047741601476446,37.00073912501102,1763,0.1599092970521542,11025,0.36837133299559355,0.007470284482614148,0.9865759637188208,0.00816326530612245
drayage-25-23,best_bound,300,2,node_limit,node_limit,105844.78883743288,101282.647018,0.045043666943480325,0.8893271732327861,401,0.4708360829972662,36.46802920801565,1762,0.1598185941043084,11025,0.36508954101009294,0.007332196442399956,0.9873015873015873,0.006712018140589569
drayage-25-23,best_bound,60,0,node_limit,node_limit,104504.38928604127,101282.647018,0.031809420102030916,0.8879076557525779,401,0.4791092079831287,36.43052512494614,1765,0.1600907029478458,11025,0.37078729103086516,0.007427076402792379,0.9863038548752835,0.007800453514739229
drayage-25-23,best_bound,60,1,node_limit,node_limit,106397.13106155397,101282.647018,0.050497140370403405,0.8896378207990449,401,0.4802779580350034,36.923737916047685,1763,0.1599092970521542,11025,0.3721994999796152,0.007470284482614148,0.9865759637188208,0.00816326530612245
drayage-25-23,best_bound,60,2,node_limit,node_limit,105844.78883743288,101282.647018,0.045043666943480325,0.8893271732327861,401,0.47744958399562165,37.0633416249766,1762,0.1598185941043084,11025,0.3712056669755839,0.007332196442399956,0.9873015873015873,0.006712018140589569
drayage-25-23,best_bound,900,0,node_limit,node_limit,102111.58990859987,101282.647018,0.008184451285643676,0.885280975551327,401,0.46695229201577604,36.30818699998781,1765,0.1600907029478458,11025,0.3626859170035459,0.007427076402792379,0.9863038548752835,0.007800453514739229
drayage-25-23,best_bound,900,1,node_limit,node_limit,105578.04691314697,101282.647018,0.04241002799209611,0.8887816209145981,401,0.4797503330046311,37.008344750036485,1763,0.1599092970521542,11025,0.3741287920274772,0.007470284482614148,0.9865759637188208,0.00816326530612245
drayage-25-23,best_bound,900,2,node_limit,node_limit,105844.78883743288,101282.647018,0.045043666943480325,0.8893271732327861,401,0.47537762502906844,36.43661645799875,1762,0.1598185941043084,11025,0.37048858404159546,0.007332196442399956,0.9873015873015873,0.006712018140589569
drayage-25-23,best_estimate,10,0,time_limit,time_limit,106589.81786727905,101282.647018,0.052399606502541905,0.8901007412002198,109,0.4810102500487119,10.061511167034041,1765,0.1600907029478458,11025,0.37165187497157604,0.007427076402792379,0.9863038548752835,0.007800453514739229
drayage-25-23,best_estimate,10,1,time_limit,time_limit,106481.56122207642,101282.647018,0.05133074971028807,0.8899890098832539,113,0.4806598330033012,10.032554916047957,1763,0.1599092970521542,11025,0.374200040998403,0.007470284482614148,0.9865759637188208,0.00816326530612245
drayage-25-23,best_estimate,10,2,time_limit,time_limit,106589.81786727905,101282.647018,0.052399606502541905,0.8901007412002198,107,0.4743884999770671,10.041202041960787,1762,0.1598185941043084,11025,0.36597708298359066,0.007332196442399956,0.9873015873015873,0.006712018140589569
drayage-25-23,best_estimate,300,0,node_limit,node_limit,102111.58990859985,101282.647018,0.008184451285643532,0.8852809755513269,401,0.4775156250107102,36.49940033402527,1765,0.1600907029478458,11025,0.369618792028632,0.007427076402792379,0.9863038548752835,0.007800453514739229
drayage-25-23,best_estimate,300,1,node_limit,node_limit,106397.13106155397,101282.647018,0.050497140370403405,0.8899017119884506,401,0.4760412079631351,37.00251829100307,1763,0.1599092970521542,11025,0.37113174999831244,0.007470284482614148,0.9865759637188208,0.00816326530612245
drayage-25-23,best_estimate,300,2,node_limit,node_limit,104674.27362442018,101282.647018,0.033486749273223634,0.888089579477295,401,0.4780908749671653,36.87315233395202,1762,0.1598185941043084,11025,0.3697450839681551,0.007332196442399956,0.9873015873015873,0.006712018140589569
drayage-25-23,best_estimate,60,0,node_limit,node_limit,102111.58990859985,101282.647018,0.008184451285643532,0.8852809755513269,401,0.4762904579984024,37.01209516602103,1765,0.1600907029478458,11025,0.36632137501146644,0.007427076402792379,0.9863038548752835,0.007800453514739229
drayage-25-23,best_estimate,60,1,node_limit,node_limit,106397.13106155397,101282.647018,0.050497140370403405,0.8899017119884506,401,0.483347249974031,37.864038791973144,1763,0.1599092970521542,11025,0.37001620803494006,0.007470284482614148,0.9865759637188208,0.00816326530612245
drayage-25-23,best_estimate,60,2,node_limit,node_limit,106589.81786727905,101282.647018,0.052399606502541905,0.8901007412002198,401,0.481708167004399,37.07241237501148,1762,0.1598185941043084,11025,0.37181199999758974,0.007332196442399956,0.9873015873015873,0.006712018140589569
drayage-25-23,best_estimate,900,0,node_limit,node_limit,102111.58990859985,101282.647018,0.008184451285643532,0.8852809755513269,401,0.46719699999084696,36.64161624998087,1765,0.1600907029478458,11025,0.3592492080060765,0.007427076402792379,0.9863038548752835,0.007800453514739229
drayage-25-23,best_estimate,900,1,node_limit,node_limit,105578.04691314697,101282.647018,0.04241002799209611,0.8890475593959973,401,0.47122233296977356,37.12960566696711,1763,0.1599092970521542,11025,0.36385283299023286,0.007470284482614148,0.9865759637188208,0.00816326530612245
drayage-25-23,best_estimate,900,2,node_limit,node_limit,106589.81786727905,101282.647018,0.052399606502541905,0.8901007412002198,401,0.47415091696893796,37.2019706669962,1762,0.1598185941043084,11025,0.3636496250401251,0.007332196442399956,0.9873015873015873,0.006712018140589569
drayage-25-23,boltzmann_adaptive,10,0,time_limit,time_limit,106589.81786727905,101282.647018,0.052399606502541905,0.8901007412002196,111,0.4749592500156723,10.050904500007164,1765,0.1600907029478458,11025,0.3684534159838222,0.007427076402792379,0.9863038548752835,0.007800453514739229
drayage-25-23,boltzmann_adaptive,10,1,time_limit,time_limit,106481.56122207642,101282.647018,0.05133074971028807,0.8899890098832539,111,0.47345774999121204,10.02018783398671,1763,0.1599092970521542,11025,0.36763170798076317,0.007470284482614148,0.9865759637188208,0.00816326530612245
drayage-25-23,boltzmann_adaptive,10,2,time_limit,time_limit,106589.81786727905,101282.647018,0.052399606502541905,0.8901007412002198,109,0.4846114999963902,10.014098958985414,1762,0.1598185941043084,11025,0.37457666598493233,0.007332196442399956,0.9873015873015873,0.006712018140589569
drayage-25-23,boltzmann_adaptive,300,0,node_limit,node_limit,101344.27471160892,101282.647018,0.0006084723832105219,0.8844123951495831,401,0.47298479097662494,35.302028833015356,1765,0.1600907029478458,11025,0.3665850830147974,0.007427076402792379,0.9863038548752835,0.007800453514739229
drayage-25-23,boltzmann_adaptive,300,1,node_limit,node_limit,105578.04691314697,101282.647018,0.04241002799209611,0.8890475593959973,401,0.47889458399731666,34.79274450003868,1763,0.1599092970521542,11025,0.37399958400055766,0.007470284482614148,0.9865759637188208,0.00816326530612245
drayage-25-23,boltzmann_adaptive,300,2,node_limit,node_limit,105652.6183319092,101282.647018,0.043146298428916034,0.888860120742163,401,0.47508575004758313,36.13117412501015,1762,0.1598185941043084,11025,0.3702278329874389,0.007332196442399956,0.9873015873015873,0.006712018140589569
drayage-25-23,boltzmann_adaptive,60,0,node_limit,node_limit,106589.81786727905,101282.647018,0.052399606502541905,0.8901007412002198,401,0.4699609170202166,35.7437882089871,1765,0.1600907029478458,11025,0.36545866704545915,0.007427076402792379,0.9863038548752835,0.007800453514739229
drayage-25-23,boltzmann_adaptive,60,1,node_limit,node_limit,105578.04691314697,101282.647018,0.04241002799209611,0.8890475593959973,401,0.47999833401991054,34.88621487503406,1763,0.1599092970521542,11025,0.37383779196534306,0.007470284482614148,0.9865759637188208,0.00816326530612245
drayage-25-23,boltzmann_adaptive,60,2,node_limit,node_limit,106471.70248031618,101282.647018,0.05123341080722319,0.8897151170579474,401,0.4812480410328135,36.89671012503095,1762,0.1598185941043084,11025,0.370877500041388,0.007332196442399956,0.9873015873015873,0.006712018140589569
drayage-25-23,boltzmann_adaptive,900,0,node_limit,node_limit,106589.81786727905,101282.647018,0.052399606502541905,0.8901007412002198,401,0.4677261659526266,35.18312912498368,1765,0.1600907029478458,11025,0.363583667029161,0.007427076402792379,0.9863038548752835,0.007800453514739229
drayage-25-23,boltzmann_adaptive,900,1,node_limit,node_limit,105578.04691314697,101282.647018,0.04241002799209611,0.8890475593959973,401,0.4771055419696495,34.77457166695967,1763,0.1599092970521542,11025,0.37163479201262817,0.007470284482614148,0.9865759637188208,0.00816326530612245
drayage-25-23,boltzmann_adaptive,900,2,node_limit,node_limit,105077.47364044191,101282.647018,0.037467688041047026,0.8882517932924169,401,0.4771381670143455,36.30137208400993,1762,0.1598185941043084,11025,0.37180837499909103,0.007332196442399956,0.9873015873015873,0.006712018140589569
drayage-25-23,depth_first,10,0,time_limit,time_limit,106589.81786727905,101282.647018,0.052399606502541905,0.8901007412002198,111,0.481003166991286,10.020798167039175,1765,0.1600907029478458,11025,0.3696516250493005,0.007427076402792379,0.9863038548752835,0.007800453514739229
drayage-25-23,depth_first,10,1,time_limit,time_limit,106589.81786727905,101282.647018,0.052399606502541905,0.8901007412002198,111,0.47910275001777336,10.04211583302822,1763,0.1599092970521542,11025,0.3740165840135887,0.007470284482614148,0.9865759637188208,0.00816326530612245
drayage-25-23,depth_first,10,2,time_limit,time_limit,106589.81786727905,101282.647018,0.052399606502541905,0.8898373270577906,107,0.47658266697544605,10.024328542000148,1762,0.1598185941043084,11025,0.36795308301225305,0.007332196442399956,0.9873015873015873,0.006712018140589569
drayage-25-23,depth_first,300,0,node_limit,node_limit,106589.81786727905,101282.647018,0.052399606502541905,0.8901007412002198,401,0.4692875830223784,37.89329641702352,1765,0.1600907029478458,11025,0.36376899998867884,0.007427076402792379,0.9863038548752835,0.007800453514739229
drayage-25-23,depth_first,300,1,node_limit,node_limit,106589.81786727905,101282.647018,0.052399606502541905,0.8901007412002198,401,0.47563491598702967,37.79876062500989,1763,0.1599092970521542,11025,0.3690768330125138,0.007470284482614148,0.9865759637188208,0.00816326530612245
drayage-25-23,depth_first,300,2,node_limit,node_limit,106589.81786727905,101282.647018,0.052399606502541905,0.8867793009529684,401,0.4728386669885367,38.491729541972745,1762,0.1598185941043084,11025,0.36403912503737956,0.007332196442399956,0.9873015873015873,0.006712018140589569
drayage-25-23,depth_first,60,0,node_limit,node_limit,106589.81786727905,101282.647018,0.052399606502541905,0.8901007412002198,401,0.4816990830004215,38.58032558305422,1765,0.1600907029478458,11025,0.373448416008614,0.007427076402792379,0.9863038548752835,0.007800453514739229
drayage-25-23,depth_first,60,1,node_limit,node_limit,106589.81786727905,101282.647018,0.052399606502541905,0.8901007412002198,401,0.47051116701914,37.971415500040166,1763,0.1599092970521542,11025,0.36474858300061896,0.007470284482614148,0.9865759637188208,0.00816326530612245
drayage-25-23,depth_first,60,2,node_limit,node_limit,106589.81786727905,101282.647018,0.052399606502541905,0.8867793009529684,401,0.47899079200578853,38.84358766704099,1762,0.1598185941043084,11025,0.37250808405224234,0.007332196442399956,0.9873015873015873,0.006712018140589569
drayage-25-23,depth_first,900,0,node_limit,node_limit,106589.81786727905,101282.647018,0.052399606502541905,0.8901007412002198,401,0.4689024160034023,37.45722325000679,1765,0.1600907029478458,11025,0.3625202910043299,0.007427076402792379,0.9863038548752835,0.007800453514739229
drayage-25-23,depth_first,900,1,node_limit,node_limit,106589.81786727905,101282.647018,0.052399606502541905,0.8901007412002198,401,0.47860487503930926,38.01627770799678,1763,0.1599092970521542,11025,0.3722423329600133,0.007470284482614148,0.9865759637188208,0.00816326530612245
drayage-25-23,depth_first,900,2,node_limit,node_limit,106589.81786727905,101282.647018,0.052399606502541905,0.8867793009529684,401,0.47283687500748783,38.657761999988,1762,0.1598185941043084,11025,0.36830920801730826,0.007332196442399956,0.9873015873015873,0.006712018140589569
drayage-25-23,greedy_score,10,0,time_limit,time_limit,106589.81786727905,101282.647018,0.052399606502541905,0.8901007412002198,109,0.4826455830479972,10.003743833047338,1765,0.1600907029478458,11025,0.37323675001971424,0.007427076402792379,0.9863038548752835,0.007800453514739229
drayage-25-23,greedy_score,10,1,time_limit,time_limit,105714.24602508545,101282.647018,0.043754770807854775,0.8891905072431029,111,0.48351712501607835,10.0261594170006,1763,0.1599092970521542,11025,0.3765424159937538,0.007470284482614148,0.9865759637188208,0.00816326530612245
drayage-25-23,greedy_score,10,2,time_limit,time_limit,106589.81786727905,101282.647018,0.052399606502541905,0.8901007412002198,111,0.48015516600571573,10.044725999992806,1762,0.1598185941043084,11025,0.36902570800157264,0.007332196442399956,0.9873015873015873,0.006712018140589569
drayage-25-23,greedy_score,300,0,node_limit,node_limit,106129.87346649171,101282.647018,0.04785841001598486,0.8896244610814877,401,0.46676920796744525,35.030944250000175,1765,0.1600907029478458,11025,0.3625613749609329,0.007427076402792379,0.9863038548752835,0.007800453514739229
drayage-25-23,greedy_score,300,1,node_limit,node_limit,104907.589302063,101282.647018,0.03579035886985431,0.888338469531611,401,0.47424783295718953,34.60827966599027,1763,0.1599092970521542,11025,0.36781324999174103,0.007470284482614148,0.9865759637188208,0.00816326530612245
drayage-25-23,greedy_score,300,2,node_limit,node_limit,105652.6183319092,101282.647018,0.043146298428916034,0.8891258715196494,401,0.47249958402244374,36.27790766704129,1762,0.1598185941043084,11025,0.3658999999752268,0.007332196442399956,0.9873015873015873,0.006712018140589569
drayage-25-23,greedy_score,60,0,node_limit,node_limit,104907.589302063,101282.647018,0.03579035886985431,0.888338469531611,401,0.48434129200177267,35.95638366701314,1765,0.1600907029478458,11025,0.37580470799002796,0.007427076402792379,0.9863038548752835,0.007800453514739229
drayage-25-23,greedy_score,60,1,node_limit,node_limit,104907.589302063,101282.647018,0.03579035886985431,0.888338469531611,401,0.47612945904256776,35.96471108403057,1763,0.1599092970521542,11025,0.36657912499504164,0.007470284482614148,0.9865759637188208,0.00816326530612245
drayage-25-23,greedy_score,60,2,node_limit,node_limit,106471.70248031618,101282.647018,0.05123341080722319,0.8899788234213388,401,0.48497716698329896,36.67149949999293,1762,0.1598185941043084,11025,0.3764561669668183,0.007332196442399956,0.9873015873015873,0.006712018140589569
drayage-25-23,greedy_score,900,0,node_limit,node_limit,106129.87346649171,101282.647018,0.04785841001598486,0.8896244610814877,401,0.4767317910445854,35.10153529100353,1765,0.1600907029478458,11025,0.3679824999999255,0.007427076402792379,0.9863038548752835,0.007800453514739229
drayage-25-23,greedy_score,900,1,node_limit,node_limit,104907.589302063,101282.647018,0.03579035886985431,0.888338469531611,401,0.4722926670219749,34.92158633400686,1763,0.1599092970521542,11025,0.3687528329901397,0.007470284482614148,0.9865759637188208,0.00816326530612245
drayage-25-23,greedy_score,900,2,node_limit,node_limit,105652.6183319092,101282.647018,0.043146298428916034,0.8891258715196494,401,0.46949833299731836,35.84924416599097,1762,0.1598185941043084,11025,0.3651993749663234,0.007332196442399956,0.9873015873015873,0.006712018140589569
drayage-25-23,hybrid_best_bound_depth,10,0,time_limit,time_limit,106589.81786727905,101282.647018,0.052399606502541905,0.8901007412002198,111,0.4801137910108082,10.038770833052695,1765,0.1600907029478458,11025,0.370541125012096,0.007427076402792379,0.9863038548752835,0.007800453514739229
drayage-25-23,hybrid_best_bound_depth,10,1,time_limit,time_limit,106589.81786727905,101282.647018,0.052399606502541905,0.8901007412002198,111,0.48487129202112556,10.019974542025011,1763,0.1599092970521542,11025,0.3756173749570735,0.007470284482614148,0.9865759637188208,0.00816326530612245
drayage-25-23,hybrid_best_bound_depth,10,2,time_limit,time_limit,106589.81786727905,101282.647018,0.052399606502541905,0.8901007412002198,109,0.47482433303957805,10.003578957985155,1762,0.1598185941043084,11025,0.36722020799061283,0.007332196442399956,0.9873015873015873,0.006712018140589569
drayage-25-23,hybrid_best_bound_depth,300,0,node_limit,node_limit,102111.58990859987,101282.647018,0.008184451285643676,0.885280975551327,401,0.4699837919906713,36.803894874989055,1765,0.1600907029478458,11025,0.3632826670072973,0.007427076402792379,0.9863038548752835,0.007800453514739229
drayage-25-23,hybrid_best_bound_depth,300,1,node_limit,node_limit,105578.04691314697,101282.647018,0.04241002799209611,0.8887816209145981,401,0.4767615420278162,37.30295900005149,1763,0.1599092970521542,11025,0.37043491698568687,0.007470284482614148,0.9865759637188208,0.00816326530612245
drayage-25-23,hybrid_best_bound_depth,300,2,node_limit,node_limit,105844.78883743288,101282.647018,0.045043666943480325,0.8893271732327861,401,0.47275854204781353,36.488620583026204,1762,0.1598185941043084,11025,0.3665969169815071,0.007332196442399956,0.9873015873015873,0.006712018140589569
drayage-25-23,hybrid_best_bound_depth,60,0,node_limit,node_limit,104504.38928604127,101282.647018,0.031809420102030916,0.8879076557525779,401,0.47366162500111386,36.62958020798396,1765,0.1600907029478458,11025,0.36851895798463374,0.007427076402792379,0.9863038548752835,0.007800453514739229
drayage-25-23,hybrid_best_bound_depth,60,1,node_limit,node_limit,105714.24602508545,101282.647018,0.043754770807854775,0.8889249113889877,401,0.470732957997825,37.304310792009346,1763,0.1599092970521542,11025,0.3638259999570437,0.007470284482614148,0.9865759637188208,0.00816326530612245
drayage-25-23,hybrid_best_bound_depth,60,2,node_limit,node_limit,105844.78883743288,101282.647018,0.045043666943480325,0.8893271732327861,401,0.48331083299126476,37.2125225829659,1762,0.1598185941043084,11025,0.3740066250320524,0.007332196442399956,0.9873015873015873,0.006712018140589569
drayage-25-23,hybrid_best_bound_depth,900,0,node_limit,node_limit,102111.58990859987,101282.647018,0.008184451285643676,0.885280975551327,401,0.4773869999917224,36.74813391600037,1765,0.1600907029478458,11025,0.3713497080025263,0.007427076402792379,0.9863038548752835,0.007800453514739229
drayage-25-23,hybrid_best_bound_depth,900,1,node_limit,node_limit,105578.04691314697,101282.647018,0.04241002799209611,0.8887816209145981,401,0.4741529159946367,37.03778379096184,1763,0.1599092970521542,11025,0.36768112500431016,0.007470284482614148,0.9865759637188208,0.00816326530612245
drayage-25-23,hybrid_best_bound_depth,900,2,node_limit,node_limit,105844.78883743288,101282.647018,0.045043666943480325,0.8893271732327861,401,0.47474933299236,36.64863399998285,1762,0.1598185941043084,11025,0.3656503329984844,0.007332196442399956,0.9873015873015873,0.006712018140589569
drayage-25-23,learned_portfolio,10,0,time_limit,time_limit,106589.81786727905,101282.647018,0.052399606502541905,0.8901007412002198,115,0.14616429200395942,10.044660500017926,1765,0.1600907029478458,11025,0.04055233299732208,0.007427076402792379,0.9863038548752835,0.007800453514739229
drayage-25-23,learned_portfolio,10,1,time_limit,time_limit,106481.56122207642,101282.647018,0.05133074971028807,0.8899890098832539,117,0.1474710420006886,10.042224542004988,1763,0.1599092970521542,11025,0.04103987501002848,0.007470284482614148,0.9865759637188208,0.00816326530612245
drayage-25-23,learned_portfolio,10,2,time_limit,time_limit,102111.58990859987,101282.647018,0.008184451285643676,0.885280975551327,113,0.14693658403120935,10.055393334012479,1762,0.1598185941043084,11025,0.03951491700718179,0.007332196442399956,0.9873015873015873,0.006712018140589569
drayage-25-23,learned_portfolio,300,0,node_limit,node_limit,104504.38928604126,101282.647018,0.03180942010203077,0.887638985071308,401,0.14536283299094066,36.071901624964084,1765,0.1600907029478458,11025,0.03854220802895725,0.007427076402792379,0.9863038548752835,0.007800453514739229
drayage-25-23,learned_portfolio,300,1,node_limit,node_limit,105578.04691314697,101282.647018,0.04241002799209611,0.8890475593959973,401,0.1475725420168601,35.765819624997675,1763,0.1599092970521542,11025,0.04115608299616724,0.007470284482614148,0.9865759637188208,0.00816326530612245
drayage-25-23,learned_portfolio,300,2,node_limit,node_limit,102111.58990859987,101282.647018,0.008184451285643676,0.885280975551327,401,0.1467810830217786,38.63172804197529,1762,0.1598185941043084,11025,0.04117716703331098,0.007332196442399956,0.9873015873015873,0.006712018140589569
drayage-25-23,learned_portfolio,60,0,node_limit,node_limit,104504.38928604127,101282.647018,0.031809420102030916,0.887638985071308,401,0.14666195900645107,36.08578500000294,1765,0.1600907029478458,11025,0.039017791976220906,0.007427076402792379,0.9863038548752835,0.007800453514739229
drayage-25-23,learned_portfolio,60,1,node_limit,node_limit,105578.04691314697,101282.647018,0.04241002799209611,0.8890475593959973,401,0.14399929100181907,35.65169920801418,1763,0.1599092970521542,11025,0.03688970900839195,0.007470284482614148,0.9865759637188208,0.00816326530612245
drayage-25-23,learned_portfolio,60,2,node_limit,node_limit,102111.58990859987,101282.647018,0.008184451285643676,0.885280975551327,401,0.14701320900348946,38.59849075000966,1762,0.1598185941043084,11025,0.04061483300756663,0.007332196442399956,0.9873015873015873,0.006712018140589569
drayage-25-23,learned_portfolio,900,0,node_limit,node_limit,104504.38928604127,101282.647018,0.031809420102030916,0.887638985071308,401,0.1489081250037998,36.172463625029195,1765,0.1600907029478458,11025,0.0424377919989638,0.007427076402792379,0.9863038548752835,0.007800453514739229
drayage-25-23,learned_portfolio,900,1,node_limit,node_limit,105578.04691314697,101282.647018,0.04241002799209611,0.8890475593959973,401,0.14854216697858647,35.566400500014424,1763,0.1599092970521542,11025,0.042087749985512346,0.007470284482614148,0.9865759637188208,0.00816326530612245
drayage-25-23,learned_portfolio,900,2,node_limit,node_limit,102111.58990859987,101282.647018,0.008184451285643676,0.885280975551327,401,0.14608070795657113,38.226338624954224,1762,0.1598185941043084,11025,0.04022766603156924,0.007332196442399956,0.9873015873015873,0.006712018140589569
drayage-25-23,learned_v2,10,0,time_limit,time_limit,106589.81786727905,101282.647018,0.052399606502541905,0.8901007412002198,113,0.15410687500843778,10.045141084003262,1765,0.1600907029478458,11025,0.04405837500235066,0.007427076402792379,0.9863038548752835,0.007800453514739229
drayage-25-23,learned_v2,10,1,time_limit,time_limit,106481.56122207642,101282.647018,0.05133074971028807,0.8899890098832539,115,0.15164179197745398,10.043368000013288,1763,0.1599092970521542,11025,0.0437206249916926,0.007470284482614148,0.9865759637188208,0.00816326530612245
drayage-25-23,learned_v2,10,2,time_limit,time_limit,102111.58990859987,101282.647018,0.008184451285643676,0.885280975551327,113,0.1474772910005413,10.044914249971043,1762,0.1598185941043084,11025,0.039717832987662405,0.007332196442399956,0.9873015873015873,0.006712018140589569
drayage-25-23,learned_v2,300,0,node_limit,node_limit,104504.38928604127,101282.647018,0.031809420102030916,0.887638985071308,401,0.14817937498446554,36.705893374979496,1765,0.1600907029478458,11025,0.04102825000882149,0.007427076402792379,0.9863038548752835,0.007800453514739229
drayage-25-23,learned_v2,300,1,node_limit,node_limit,105578.04691314697,101282.647018,0.04241002799209611,0.8890475593959973,401,0.14493529201718047,36.34485945897177,1763,0.1599092970521542,11025,0.04126720904605463,0.007470284482614148,0.9865759637188208,0.00816326530612245
drayage-25-23,learned_v2,300,2,node_limit,node_limit,102111.58990859987,101282.647018,0.008184451285643676,0.885280975551327,401,0.1499952920130454,38.33494299999438,1762,0.1598185941043084,11025,0.04278545797569677,0.007332196442399956,0.9873015873015873,0.006712018140589569
drayage-25-23,learned_v2,60,0,node_limit,node_limit,102111.58990859985,101282.647018,0.008184451285643532,0.88500600906133,401,0.14833075000206009,36.912644917028956,1765,0.1600907029478458,11025,0.0406007079873234,0.007427076402792379,0.9863038548752835,0.007800453514739229
drayage-25-23,learned_v2,60,1,node_limit,node_limit,105578.04691314697,101282.647018,0.04241002799209611,0.8890475593959973,401,0.15154558402718976,36.198901167022996,1763,0.1599092970521542,11025,0.04398308298550546,0.007470284482614148,0.9865759637188208,0.00816326530612245
drayage-25-23,learned_v2,60,2,node_limit,node_limit,102111.58990859987,101282.647018,0.008184451285643676,0.885280975551327,401,0.1449577080202289,38.04616083303699,1762,0.1598185941043084,11025,0.03729412495158613,0.007332196442399956,0.9873015873015873,0.006712018140589569
drayage-25-23,learned_v2,900,0,node_limit,node_limit,104504.38928604127,101282.647018,0.031809420102030916,0.887638985071308,401,0.15033183299237862,36.657643000013195,1765,0.1600907029478458,11025,0.04291929199825972,0.007427076402792379,0.9863038548752835,0.007800453514739229
drayage-25-23,learned_v2,900,1,node_limit,node_limit,105578.04691314697,101282.647018,0.04241002799209611,0.8890475593959973,401,0.1521861670189537,36.05575612501707,1763,0.1599092970521542,11025,0.04372258303919807,0.007470284482614148,0.9865759637188208,0.00816326530612245
drayage-25-23,learned_v2,900,2,node_limit,node_limit,102111.58990859987,101282.647018,0.008184451285643676,0.885280975551327,401,0.1513683749944903,38.37689474999206,1762,0.1598185941043084,11025,0.04340829199645668,0.007332196442399956,0.9873015873015873,0.006712018140589569
drayage-25-23,random_uniform,10,0,time_limit,time_limit,106589.81786727905,101282.647018,0.052399606502541905,0.8901007412002198,111,0.4780257910024375,10.050704791035969,1765,0.1600907029478458,11025,0.3691388330189511,0.007427076402792379,0.9863038548752835,0.007800453514739229
drayage-25-23,random_uniform,10,1,time_limit,time_limit,106481.56122207642,101282.647018,0.05133074971028807,0.8899890098832539,111,0.48472437501186505,10.003637042012997,1763,0.1599092970521542,11025,0.3771392499911599,0.007470284482614148,0.9865759637188208,0.00816326530612245
drayage-25-23,random_uniform,10,2,time_limit,time_limit,106471.70248031618,101282.647018,0.05123341080722319,0.8899788234213388,109,0.47885979199782014,10.035416459024418,1762,0.1598185941043084,11025,0.37044479098403826,0.007332196442399956,0.9873015873015873,0.006712018140589569
drayage-25-23,random_uniform,300,0,node_limit,node_limit,103333.87407302856,101282.647018,0.020252502431774084,0.8866379289047184,401,0.4770401249988936,36.084948917035945,1765,0.1600907029478458,11025,0.36952254199422896,0.007427076402792379,0.9863038548752835,0.007800453514739229
drayage-25-23,random_uniform,300,1,node_limit,node_limit,105578.04691314697,101282.647018,0.04241002799209611,0.8890475593959973,401,0.4746176250046119,35.73440587497316,1763,0.1599092970521542,11025,0.3694225419894792,0.007470284482614148,0.9865759637188208,0.00816326530612245
drayage-25-23,random_uniform,300,2,node_limit,node_limit,106471.70248031618,101282.647018,0.05123341080722319,0.8899788234213388,401,0.4685202499968,35.59009870904265,1762,0.1598185941043084,11025,0.36166008398868144,0.007332196442399956,0.9873015873015873,0.006712018140589569
drayage-25-23,random_uniform,60,0,node_limit,node_limit,103333.87407302856,101282.647018,0.020252502431774084,0.8866379289047184,401,0.4797382499673404,36.41825299995253,1765,0.1600907029478458,11025,0.3741430419613607,0.007427076402792379,0.9863038548752835,0.007800453514739229
drayage-25-23,random_uniform,60,1,node_limit,node_limit,105578.04691314697,101282.647018,0.04241002799209611,0.8890475593959973,401,0.47285137500148267,36.636644165962934,1763,0.1599092970521542,11025,0.36472870799480006,0.007470284482614148,0.9865759637188208,0.00816326530612245
drayage-25-23,random_uniform,60,2,node_limit,node_limit,105652.6183319092,101282.647018,0.043146298428916034,0.8891258715196494,401,0.4807372920331545,36.49606900004437,1762,0.1598185941043084,11025,0.37289904098724946,0.007332196442399956,0.9873015873015873,0.006712018140589569
drayage-25-23,random_uniform,900,0,node_limit,node_limit,103333.87407302856,101282.647018,0.020252502431774084,0.8866379289047184,401,0.47682595800142735,36.19486254098592,1765,0.1600907029478458,11025,0.3703098329715431,0.007427076402792379,0.9863038548752835,0.007800453514739229
drayage-25-23,random_uniform,900,1,node_limit,node_limit,105578.04691314697,101282.647018,0.04241002799209611,0.8890475593959973,401,0.47793770901625976,35.5115184999886,1763,0.1599092970521542,11025,0.37035329203354195,0.007470284482614148,0.9865759637188208,0.00816326530612245
drayage-25-23,random_uniform,900,2,node_limit,node_limit,106471.70248031618,101282.647018,0.05123341080722319,0.8899788234213388,401,0.4711452500196174,35.7875780420145,1762,0.1598185941043084,11025,0.36600999999791384,0.007332196442399956,0.9873015873015873,0.006712018140589569
drayage-25-23,safeguarded_hybrid,10,0,time_limit,time_limit,106589.81786727905,101282.647018,0.052399606502541905,0.8901007412002198,109,0.4878681670525111,10.044102083018515,1765,0.1600907029478458,11025,0.37817829195410013,0.007427076402792379,0.9863038548752835,0.007800453514739229
drayage-25-23,safeguarded_hybrid,10,1,time_limit,time_limit,106481.56122207642,101282.647018,0.05133074971028807,0.8899890098832539,111,0.48656445799861103,10.045180541987065,1763,0.1599092970521542,11025,0.3757650409825146,0.007470284482614148,0.9865759637188208,0.00816326530612245
drayage-25-23,safeguarded_hybrid,10,2,time_limit,time_limit,102111.58990859987,101282.647018,0.008184451285643676,0.885280975551327,109,0.4817888339748606,10.043793249991722,1762,0.1598185941043084,11025,0.3723568340064958,0.007332196442399956,0.9873015873015873,0.006712018140589569
drayage-25-23,safeguarded_hybrid,300,0,node_limit,node_limit,104504.38928604127,101282.647018,0.031809420102030916,0.887638985071308,401,0.47741979197598994,36.43336741696112,1765,0.1600907029478458,11025,0.3702435410232283,0.007427076402792379,0.9863038548752835,0.007800453514739229
drayage-25-23,safeguarded_hybrid,300,1,node_limit,node_limit,105578.04691314697,101282.647018,0.04241002799209611,0.8890475593959973,401,0.47999387502204627,36.693492875027005,1763,0.1599092970521542,11025,0.3707537919981405,0.007470284482614148,0.9865759637188208,0.00816326530612245
drayage-25-23,safeguarded_hybrid,300,2,node_limit,node_limit,101462.39009857178,101282.647018,0.0017746680785290891,0.8845469541192836,401,0.47118991595925763,38.179550665954594,1762,0.1598185941043084,11025,0.36621012503746897,0.007332196442399956,0.9873015873015873,0.006712018140589569
drayage-25-23,safeguarded_hybrid,60,0,node_limit,node_limit,104504.38928604127,101282.647018,0.031809420102030916,0.887638985071308,401,0.482601625029929,37.07950070803054,1765,0.1600907029478458,11025,0.3730354580329731,0.007427076402792379,0.9863038548752835,0.007800453514739229
drayage-25-23,safeguarded_hybrid,60,1,node_limit,node_limit,105578.04691314697,101282.647018,0.04241002799209611,0.8890475593959973,401,0.48337829200318083,36.81893670797581,1763,0.1599092970521542,11025,0.37797904101898894,0.007470284482614148,0.9865759637188208,0.00816326530612245
drayage-25-23,safeguarded_hybrid,60,2,node_limit,node_limit,102111.58990859987,101282.647018,0.008184451285643676,0.885280975551327,401,0.48348874994553626,37.92292154196184,1762,0.1598185941043084,11025,0.37238866701954976,0.007332196442399956,0.9873015873015873,0.006712018140589569
drayage-25-23,safeguarded_hybrid,900,0,node_limit,node_limit,104504.38928604127,101282.647018,0.031809420102030916,0.887638985071308,401,0.4793418339686468,36.27490029198816,1765,0.1600907029478458,11025,0.36999245802871883,0.007427076402792379,0.9863038548752835,0.007800453514739229
drayage-25-23,safeguarded_hybrid,900,1,node_limit,node_limit,105714.24602508546,101282.647018,0.04375477080785492,0.8891905072431029,401,0.4745048750191927,36.332203834026586,1763,0.1599092970521542,11025,0.36751404200913385,0.007470284482614148,0.9865759637188208,0.00816326530612245
drayage-25-23,safeguarded_hybrid,900,2,node_limit,node_limit,102111.58990859987,101282.647018,0.008184451285643676,0.885280975551327,401,0.4776482089655474,38.50162462500157,1762,0.1598185941043084,11025,0.3684488339931704,0.007332196442399956,0.9873015873015873,0.006712018140589569
germanrr,best_bound,10,0,time_limit,time_limit,,47095869.649,,,35,,10.029397332982626,211,0.019954605636466807,10574,3.184762207965832,0.0051984283921110075,0.9799546142208775,0.0113464447806354
germanrr,best_bound,10,1,time_limit,time_limit,,47095869.649,,,35,,10.001409250020515,211,0.019954605636466807,10574,3.1486335410154425,0.0051984283921110075,0.9799546142208775,0.0113464447806354
germanrr,best_bound,10,2,time_limit,time_limit,,47095869.649,,,35,,10.010022916016169,211,0.019954605636466807,10574,3.1496278750128113,0.0051984283921110075,0.9799546142208775,0.0113464447806354
germanrr,best_bound,300,0,node_limit,node_limit,,47095869.649,,,401,,83.21203937503742,211,0.019954605636466807,10574,3.1410868749953806,0.0051984283921110075,0.9799546142208775,0.0113464447806354
germanrr,best_bound,300,1,node_limit,node_limit,,47095869.649,,,401,,82.40051987499464,211,0.019954605636466807,10574,3.149862917023711,0.0051984283921110075,0.9799546142208775,0.0113464447806354
germanrr,best_bound,300,2,node_limit,node_limit,,47095869.649,,,401,,83.93055687501328,211,0.019954605636466807,10574,3.1066334170172922,0.0051984283921110075,0.9799546142208775,0.0113464447806354
germanrr,best_bound,60,0,time_limit,time_limit,,47095869.649,,,267,,60.002600500010885,211,0.019954605636466807,10574,3.141413500008639,0.0051984283921110075,0.9799546142208775,0.0113464447806354
germanrr,best_bound,60,1,time_limit,time_limit,,47095869.649,,,269,,60.03176016698126,211,0.019954605636466807,10574,3.142269417003263,0.0051984283921110075,0.9799546142208775,0.0113464447806354
germanrr,best_bound,60,2,time_limit,time_limit,,47095869.649,,,267,,60.00273174996255,211,0.019954605636466807,10574,3.14553054101998,0.0051984283921110075,0.9799546142208775,0.0113464447806354
germanrr,best_bound,900,0,node_limit,node_limit,,47095869.649,,,401,,85.00642579200212,211,0.019954605636466807,10574,3.163330124982167,0.0051984283921110075,0.9799546142208775,0.0113464447806354
germanrr,best_bound,900,1,node_limit,node_limit,,47095869.649,,,401,,85.93124487501336,211,0.019954605636466807,10574,3.1680712919915095,0.0051984283921110075,0.9799546142208775,0.0113464447806354
germanrr,best_bound,900,2,node_limit,node_limit,,47095869.649,,,401,,85.52905849996023,211,0.019954605636466807,10574,3.2025465419865213,0.0051984283921110075,0.9799546142208775,0.0113464447806354
germanrr,best_estimate,10,0,time_limit,time_limit,,47095869.649,,,33,,10.003983208036516,211,0.019954605636466807,10574,3.142074625007808,0.0051984283921110075,0.9799546142208775,0.0113464447806354
germanrr,best_estimate,10,1,time_limit,time_limit,,47095869.649,,,33,,10.000843000016175,211,0.019954605636466807,10574,3.156307375000324,0.0051984283921110075,0.9799546142208775,0.0113464447806354
germanrr,best_estimate,10,2,time_limit,time_limit,,47095869.649,,,33,,10.004260250017978,211,0.019954605636466807,10574,3.140154500026256,0.0051984283921110075,0.9799546142208775,0.0113464447806354
germanrr,best_estimate,300,0,node_limit,node_limit,,47095869.649,,,401,,78.71224862500094,211,0.019954605636466807,10574,3.1373674170463346,0.0051984283921110075,0.9799546142208775,0.0113464447806354
germanrr,best_estimate,300,1,node_limit,node_limit,,47095869.649,,,401,,79.06939695798792,211,0.019954605636466807,10574,3.129076624987647,0.0051984283921110075,0.9799546142208775,0.0113464447806354
germanrr,best_estimate,300,2,node_limit,node_limit,,47095869.649,,,401,,80.52318275003927,211,0.019954605636466807,10574,3.1822366249980405,0.0051984283921110075,0.9799546142208775,0.0113464447806354
germanrr,best_estimate,60,0,time_limit,time_limit,,47095869.649,,,301,,60.00109112501377,211,0.019954605636466807,10574,3.1412922919844277,0.0051984283921110075,0.9799546142208775,0.0113464447806354
germanrr,best_estimate,60,1,time_limit,time_limit,,47095869.649,,,301,,60.00126349995844,211,0.019954605636466807,10574,3.142329208960291,0.0051984283921110075,0.9799546142208775,0.0113464447806354
germanrr,best_estimate,60,2,time_limit,time_limit,,47095869.649,,,299,,60.00386424997123,211,0.019954605636466807,10574,3.186326041992288,0.0051984283921110075,0.9799546142208775,0.0113464447806354
germanrr,best_estimate,900,0,node_limit,node_limit,,47095869.649,,,401,,80.53029108297778,211,0.019954605636466807,10574,3.1393289160332642,0.0051984283921110075,0.9799546142208775,0.0113464447806354
germanrr,best_estimate,900,1,node_limit,node_limit,,47095869.649,,,401,,81.75241908297176,211,0.019954605636466807,10574,3.1849543750286102,0.0051984283921110075,0.9799546142208775,0.0113464447806354
germanrr,best_estimate,900,2,node_limit,node_limit,,47095869.649,,,401,,80.51174958300544,211,0.019954605636466807,10574,3.161365958978422,0.0051984283921110075,0.9799546142208775,0.0113464447806354
germanrr,boltzmann_adaptive,10,0,time_limit,time_limit,,47095869.649,,,31,,10.01082570903236,211,0.019954605636466807,10574,3.12942725000903,0.0051984283921110075,0.9799546142208775,0.0113464447806354
germanrr,boltzmann_adaptive,10,1,time_limit,time_limit,,47095869.649,,,31,,10.003681125002913,211,0.019954605636466807,10574,3.1428110410342924,0.0051984283921110075,0.9799546142208775,0.0113464447806354
germanrr,boltzmann_adaptive,10,2,time_limit,time_limit,,47095869.649,,,31,,10.001158208004199,211,0.019954605636466807,10574,3.1430135420523584,0.0051984283921110075,0.9799546142208775,0.0113464447806354
germanrr,boltzmann_adaptive,300,0,node_limit,node_limit,,47095869.649,,,401,,96.10863999999128,211,0.019954605636466807,10574,3.1369767090072855,0.0051984283921110075,0.9799546142208775,0.0113464447806354
germanrr,boltzmann_adaptive,300,1,node_limit,node_limit,,47095869.649,,,401,,97.4335729170125,211,0.019954605636466807,10574,3.146850416029338,0.0051984283921110075,0.9799546142208775,0.0113464447806354
germanrr,boltzmann_adaptive,300,2,node_limit,node_limit,,47095869.649,,,401,,100.7795341250021,211,0.019954605636466807,10574,3.15215945901582,0.0051984283921110075,0.9799546142208775,0.0113464447806354
germanrr,boltzmann_adaptive,60,0,time_limit,time_limit,,47095869.649,,,243,,60.0013534159516,211,0.019954605636466807,10574,3.1463249159860425,0.0051984283921110075,0.9799546142208775,0.0113464447806354
germanrr,boltzmann_adaptive,60,1,time_limit,time_limit,,47095869.649,,,245,,60.00368225004058,211,0.019954605636466807,10574,3.141526957973838,0.0051984283921110075,0.9799546142208775,0.0113464447806354
germanrr,boltzmann_adaptive,60,2,time_limit,time_limit,,47095869.649,,,239,,60.00153633399168,211,0.019954605636466807,10574,3.1738767080241814,0.0051984283921110075,0.9799546142208775,0.0113464447806354
germanrr,boltzmann_adaptive,900,0,node_limit,node_limit,,47095869.649,,,401,,98.68254170799628,211,0.019954605636466807,10574,3.149617125047371,0.0051984283921110075,0.9799546142208775,0.0113464447806354
germanrr,boltzmann_adaptive,900,1,node_limit,node_limit,,47095869.649,,,401,,99.52790654200362,211,0.019954605636466807,10574,3.1970813749940135,0.0051984283921110075,0.9799546142208775,0.0113464447806354
germanrr,boltzmann_adaptive,900,2,node_limit,node_limit,,47095869.649,,,401,,100.0891387090087,211,0.019954605636466807,10574,3.1504379580146633,0.0051984283921110075,0.9799546142208775,0.0113464447806354
germanrr,depth_first,10,0,time_limit,time_limit,,47095869.649,,,35,,10.001271957997233,211,0.019954605636466807,10574,3.1359731660340913,0.0051984283921110075,0.9799546142208775,0.0113464447806354
germanrr,depth_first,10,1,time_limit,time_limit,,47095869.649,,,35,,10.003714541031513,211,0.019954605636466807,10574,3.1519741670344956,0.0051984283921110075,0.9799546142208775,0.0113464447806354
germanrr,depth_first,10,2,time_limit,time_limit,,47095869.649,,,35,,10.006146333005745,211,0.019954605636466807,10574,3.1361868749954738,0.0051984283921110075,0.9799546142208775,0.0113464447806354
germanrr,depth_first,300,0,node_limit,node_limit,,47095869.649,,,401,,83.13209454203025,211,0.019954605636466807,10574,3.141199040983338,0.0051984283921110075,0.9799546142208775,0.0113464447806354
germanrr,depth_first,300,1,node_limit,node_limit,,47095869.649,,,401,,82.5418347090017,211,0.019954605636466807,10574,3.114897708001081,0.0051984283921110075,0.9799546142208775,0.0113464447806354
germanrr,depth_first,300,2,node_limit,node_limit,,47095869.649,,,401,,84.80630270799156,211,0.019954605636466807,10574,3.155596875003539,0.0051984283921110075,0.9799546142208775,0.0113464447806354
germanrr,depth_first,60,0,time_limit,time_limit,,47095869.649,,,269,,60.03165562503273,211,0.019954605636466807,10574,3.1481890839640982,0.0051984283921110075,0.9799546142208775,0.0113464447806354
germanrr,depth_first,60,1,time_limit,time_limit,,47095869.649,,,267,,60.0092819170095,211,0.019954605636466807,10574,3.140398291987367,0.0051984283921110075,0.9799546142208775,0.0113464447806354
germanrr,depth_first,60,2,time_limit,time_limit,,47095869.649,,,267,,60.008314958016854,211,0.019954605636466807,10574,3.1429577079834417,0.0051984283921110075,0.9799546142208775,0.0113464447806354
germanrr,depth_first,900,0,node_limit,node_limit,,47095869.649,,,401,,84.65843025001232,211,0.019954605636466807,10574,3.1702838750206865,0.0051984283921110075,0.9799546142208775,0.0113464447806354
germanrr,depth_first,900,1,node_limit,node_limit,,47095869.649,,,401,,86.67637658398598,211,0.019954605636466807,10574,3.160028791986406,0.0051984283921110075,0.9799546142208775,0.0113464447806354
germanrr,depth_first,900,2,node_limit,node_limit,,47095869.649,,,401,,85.02281754201977,211,0.019954605636466807,10574,3.1595465839491226,0.0051984283921110075,0.9799546142208775,0.0113464447806354
germanrr,greedy_score,10,0,time_limit,time_limit,,47095869.649,,,31,,10.002952167007606,211,0.019954605636466807,10574,3.147342749987729,0.0051984283921110075,0.9799546142208775,0.0113464447806354
germanrr,greedy_score,10,1,time_limit,time_limit,,47095869.649,,,31,,10.002930500020739,211,0.019954605636466807,10574,3.1453800419694744,0.0051984283921110075,0.9799546142208775,0.0113464447806354
germanrr,greedy_score,10,2,time_limit,time_limit,,47095869.649,,,31,,10.004249958030414,211,0.019954605636466807,10574,3.157431083964184,0.0051984283921110075,0.9799546142208775,0.0113464447806354
germanrr,greedy_score,300,0,node_limit,node_limit,,47095869.649,,,401,,98.91162983299,211,0.019954605636466807,10574,3.1453427500091493,0.0051984283921110075,0.9799546142208775,0.0113464447806354
germanrr,greedy_score,300,1,node_limit,node_limit,,47095869.649,,,401,,99.21076345798792,211,0.019954605636466807,10574,3.1431113749858923,0.0051984283921110075,0.9799546142208775,0.0113464447806354
germanrr,greedy_score,300,2,node_limit,node_limit,,47095869.649,,,401,,100.35212708299514,211,0.019954605636466807,10574,3.1612524170195684,0.0051984283921110075,0.9799546142208775,0.0113464447806354
germanrr,greedy_score,60,0,time_limit,time_limit,,47095869.649,,,241,,60.00424220896093,211,0.019954605636466807,10574,3.147167375020217,0.0051984283921110075,0.9799546142208775,0.0113464447806354
germanrr,greedy_score,60,1,time_limit,time_limit,,47095869.649,,,239,,60.00141420797445,211,0.019954605636466807,10574,3.157421834010165,0.0051984283921110075,0.9799546142208775,0.0113464447806354
germanrr,greedy_score,60,2,time_limit,time_limit,,47095869.649,,,241,,60.01150854199659,211,0.019954605636466807,10574,3.1786116670118645,0.0051984283921110075,0.9799546142208775,0.0113464447806354
germanrr,greedy_score,900,0,node_limit,node_limit,,47095869.649,,,401,,100.74908012500964,211,0.019954605636466807,10574,3.1439532919903286,0.0051984283921110075,0.9799546142208775,0.0113464447806354
germanrr,greedy_score,900,1,node_limit,node_limit,,47095869.649,,,401,,103.01160720799817,211,0.019954605636466807,10574,3.173696124984417,0.0051984283921110075,0.9799546142208775,0.0113464447806354
germanrr,greedy_score,900,2,node_limit,node_limit,,47095869.649,,,401,,100.67844745801995,211,0.019954605636466807,10574,3.173533958964981,0.0051984283921110075,0.9799546142208775,0.0113464447806354
germanrr,hybrid_best_bound_depth,10,0,time_limit,time_limit,,47095869.649,,,35,,10.000905958993826,211,0.019954605636466807,10574,3.1455795830115676,0.0051984283921110075,0.9799546142208775,0.0113464447806354
germanrr,hybrid_best_bound_depth,10,1,time_limit,time_limit,,47095869.649,,,35,,10.002199082984589,211,0.019954605636466807,10574,3.1532860419829376,0.0051984283921110075,0.9799546142208775,0.0113464447806354
germanrr,hybrid_best_bound_depth,10,2,time_limit,time_limit,,47095869.649,,,35,,10.005718375032302,211,0.019954605636466807,10574,3.1430268330150284,0.0051984283921110075,0.9799546142208775,0.0113464447806354
germanrr,hybrid_best_bound_depth,300,0,node_limit,node_limit,,47095869.649,,,401,,82.86187991703628,211,0.019954605636466807,10574,3.134483458008617,0.0051984283921110075,0.9799546142208775,0.0113464447806354
germanrr,hybrid_best_bound_depth,300,1,node_limit,node_limit,,47095869.649,,,401,,82.64250058401376,211,0.019954605636466807,10574,3.153742458031047,0.0051984283921110075,0.9799546142208775,0.0113464447806354
germanrr,hybrid_best_bound_depth,300,2,node_limit,node_limit,,47095869.649,,,401,,84.89512645901414,211,0.019954605636466807,10574,3.1905147089855745,0.0051984283921110075,0.9799546142208775,0.0113464447806354
germanrr,hybrid_best_bound_depth,60,0,time_limit,time_limit,,47095869.649,,,269,,60.009147082979325,211,0.019954605636466807,10574,3.1387799159856513,0.0051984283921110075,0.9799546142208775,0.0113464447806354
germanrr,hybrid_best_bound_depth,60,1,time_limit,time_limit,,47095869.649,,,265,,60.00627699994948,211,0.019954605636466807,10574,3.136686874961015,0.0051984283921110075,0.9799546142208775,0.0113464447806354
germanrr,hybrid_best_bound_depth,60,2,time_limit,time_limit,,47095869.649,,,265,,60.006491832959,211,0.019954605636466807,10574,3.1841825419687666,0.0051984283921110075,0.9799546142208775,0.0113464447806354
germanrr,hybrid_best_bound_depth,900,0,node_limit,node_limit,,47095869.649,,,401,,84.88013641600264,211,0.019954605636466807,10574,3.155364834005013,0.0051984283921110075,0.9799546142208775,0.0113464447806354
germanrr,hybrid_best_bound_depth,900,1,node_limit,node_limit,,47095869.649,,,401,,87.160265292041,211,0.019954605636466807,10574,3.1658279999974184,0.0051984283921110075,0.9799546142208775,0.0113464447806354
germanrr,hybrid_best_bound_depth,900,2,node_limit,node_limit,,47095869.649,,,401,,85.25700141699053,211,0.019954605636466807,10574,3.1373420839663595,0.0051984283921110075,0.9799546142208775,0.0113464447806354
germanrr,learned_portfolio,10,0,time_limit,time_limit,,47095869.649,,,43,,10.005703583010472,211,0.019954605636466807,10574,0.17692300002090633,0.0051984283921110075,0.9799546142208775,0.0113464447806354
germanrr,learned_portfolio,10,1,time_limit,time_limit,,47095869.649,,,43,,10.012008458026685,211,0.019954605636466807,10574,0.17851591698126867,0.0051984283921110075,0.9799546142208775,0.0113464447806354
germanrr,learned_portfolio,10,2,time_limit,time_limit,,47095869.649,,,43,,10.004009875003248,211,0.019954605636466807,10574,0.17667787498794496,0.0051984283921110075,0.9799546142208775,0.0113464447806354
germanrr,learned_portfolio,300,0,node_limit,node_limit,,47095869.649,,,401,,92.21485208300874,211,0.019954605636466807,10574,0.17362758301896974,0.0051984283921110075,0.9799546142208775,0.0113464447806354
germanrr,learned_portfolio,300,1,node_limit,node_limit,,47095869.649,,,401,,99.39692433300661,211,0.019954605636466807,10574,0.18134683300741017,0.0051984283921110075,0.9799546142208775,0.0113464447806354
germanrr,learned_portfolio,300,2,node_limit,node_limit,,47095869.649,,,401,,90.061089832976,211,0.019954605636466807,10574,0.1789753750199452,0.0051984283921110075,0.9799546142208775,0.0113464447806354
germanrr,learned_portfolio,60,0,time_limit,time_limit,,47095869.649,,,261,,60.00096237502294,211,0.019954605636466807,10574,0.17524187499657273,0.0051984283921110075,0.9799546142208775,0.0113464447806354
germanrr,learned_portfolio,60,1,time_limit,time_limit,,47095869.649,,,255,,60.00243229197804,211,0.019954605636466807,10574,0.17799875000491738,0.0051984283921110075,0.9799546142208775,0.0113464447806354
germanrr,learned_portfolio,60,2,time_limit,time_limit,,47095869.649,,,269,,60.03483320900705,211,0.019954605636466807,10574,0.1777327919844538,0.0051984283921110075,0.9799546142208775,0.0113464447806354
germanrr,learned_portfolio,900,0,node_limit,node_limit,,47095869.649,,,401,,92.12952200003201,211,0.019954605636466807,10574,0.17309441702673212,0.0051984283921110075,0.9799546142208775,0.0113464447806354
germanrr,learned_portfolio,900,1,node_limit,node_limit,,47095869.649,,,401,,98.97570291697048,211,0.019954605636466807,10574,0.17520999995758757,0.0051984283921110075,0.9799546142208775,0.0113464447806354
germanrr,learned_portfolio,900,2,node_limit,node_limit,,47095869.649,,,401,,90.12859829200897,211,0.019954605636466807,10574,0.1794759589829482,0.0051984283921110075,0.9799546142208775,0.0113464447806354
germanrr,learned_v2,10,0,time_limit,time_limit,,47095869.649,,,49,,10.002049583010375,211,0.019954605636466807,10574,0.17915562499547377,0.0051984283921110075,0.9799546142208775,0.0113464447806354
germanrr,learned_v2,10,1,time_limit,time_limit,,47095869.649,,,49,,10.004135416995268,211,0.019954605636466807,10574,0.18632716697175056,0.0051984283921110075,0.9799546142208775,0.0113464447806354
germanrr,learned_v2,10,2,time_limit,time_limit,,47095869.649,,,49,,10.004082416999154,211,0.019954605636466807,10574,0.18099487503059208,0.0051984283921110075,0.9799546142208775,0.0113464447806354
germanrr,learned_v2,300,0,node_limit,node_limit,,47095869.649,,,401,,82.12912004202371,211,0.019954605636466807,10574,0.1839658340322785,0.0051984283921110075,0.9799546142208775,0.0113464447806354
germanrr,learned_v2,300,1,node_limit,node_limit,,47095869.649,,,401,,81.62387458403828,211,0.019954605636466807,10574,0.18206954200286418,0.0051984283921110075,0.9799546142208775,0.0113464447806354
germanrr,learned_v2,300,2,node_limit,node_limit,,47095869.649,,,401,,81.93251716700615,211,0.019954605636466807,10574,0.1686104999971576,0.0051984283921110075,0.9799546142208775,0.0113464447806354
germanrr,learned_v2,60,0,time_limit,time_limit,,47095869.649,,,277,,60.00294308300363,211,0.019954605636466807,10574,0.1828757500043139,0.0051984283921110075,0.9799546142208775,0.0113464447806354
germanrr,learned_v2,60,1,time_limit,time_limit,,47095869.649,,,275,,60.00281741702929,211,0.019954605636466807,10574,0.17436387500492856,0.0051984283921110075,0.9799546142208775,0.0113464447806354
germanrr,learned_v2,60,2,time_limit,time_limit,,47095869.649,,,277,,60.036692457972094,211,0.019954605636466807,10574,0.15815429197391495,0.0051984283921110075,0.9799546142208775,0.0113464447806354
germanrr,learned_v2,900,0,node_limit,node_limit,,47095869.649,,,401,,81.07682383299107,211,0.019954605636466807,10574,0.1818766250507906,0.0051984283921110075,0.9799546142208775,0.0113464447806354
germanrr,learned_v2,900,1,node_limit,node_limit,,47095869.649,,,401,,81.03143341600662,211,0.019954605636466807,10574,0.1689829159877263,0.0051984283921110075,0.9799546142208775,0.0113464447806354
germanrr,learned_v2,900,2,node_limit,node_limit,,47095869.649,,,401,,81.27967979200184,211,0.019954605636466807,10574,0.17876670800615102,0.0051984283921110075,0.9799546142208775,0.0113464447806354
germanrr,random_uniform,10,0,time_limit,time_limit,,47095869.649,,,31,,10.001056917011738,211,0.019954605636466807,10574,3.1461579999886453,0.0051984283921110075,0.9799546142208775,0.0113464447806354
germanrr,random_uniform,10,1,time_limit,time_limit,,47095869.649,,,31,,10.012774042028468,211,0.019954605636466807,10574,3.1308860419667326,0.0051984283921110075,0.9799546142208775,0.0113464447806354
germanrr,random_uniform,10,2,time_limit,time_limit,,47095869.649,,,31,,10.000763625022955,211,0.019954605636466807,10574,3.147795707976911,0.0051984283921110075,0.9799546142208775,0.0113464447806354
germanrr,random_uniform,300,0,node_limit,node_limit,,47095869.649,,,401,,94.32094004098326,211,0.019954605636466807,10574,3.1436933749937452,0.0051984283921110075,0.9799546142208775,0.0113464447806354
germanrr,random_uniform,300,1,node_limit,node_limit,,47095869.649,,,401,,97.91003495798213,211,0.019954605636466807,10574,3.1415334999910556,0.0051984283921110075,0.9799546142208775,0.0113464447806354
germanrr,random_uniform,300,2,node_limit,node_limit,,47095869.649,,,401,,98.04726491699694,211,0.019954605636466807,10574,3.1668424159870483,0.0051984283921110075,0.9799546142208775,0.0113464447806354
germanrr,random_uniform,60,0,time_limit,time_limit,,47095869.649,,,251,,60.004085332970135,211,0.019954605636466807,10574,3.145394417049829,0.0051984283921110075,0.9799546142208775,0.0113464447806354
germanrr,random_uniform,60,1,time_limit,time_limit,,47095869.649,,,243,,60.00353499996709,211,0.019954605636466807,10574,3.1353104999870993,0.0051984283921110075,0.9799546142208775,0.0113464447806354
germanrr,random_uniform,60,2,time_limit,time_limit,,47095869.649,,,245,,60.003353416977916,211,0.019954605636466807,10574,3.17722595797386,0.0051984283921110075,0.9799546142208775,0.0113464447806354
germanrr,random_uniform,900,0,node_limit,node_limit,,47095869.649,,,401,,95.71845983300591,211,0.019954605636466807,10574,3.1313726250082254,0.0051984283921110075,0.9799546142208775,0.0113464447806354
germanrr,random_uniform,900,1,node_limit,node_limit,,47095869.649,,,401,,102.11186487495434,211,0.019954605636466807,10574,3.1445226250216365,0.0051984283921110075,0.9799546142208775,0.0113464447806354
germanrr,random_uniform,900,2,node_limit,node_limit,,47095869.649,,,401,,97.78024375002133,211,0.019954605636466807,10574,3.1613437500200234,0.0051984283921110075,0.9799546142208775,0.0113464447806354
germanrr,safeguarded_hybrid,10,0,time_limit,time_limit,,47095869.649,,,31,,10.025629083043896,211,0.019954605636466807,10574,3.1477640419616364,0.0051984283921110075,0.9799546142208775,0.0113464447806354
germanrr,safeguarded_hybrid,10,1,time_limit,time_limit,,47095869.649,,,31,,10.006328999996185,211,0.019954605636466807,10574,3.1482312500011176,0.0051984283921110075,0.9799546142208775,0.0113464447806354
germanrr,safeguarded_hybrid,10,2,time_limit,time_limit,,47095869.649,,,31,,10.014302291965578,211,0.019954605636466807,10574,3.142049749963917,0.0051984283921110075,0.9799546142208775,0.0113464447806354
germanrr,safeguarded_hybrid,300,0,node_limit,node_limit,,47095869.649,,,401,,94.16685245803092,211,0.019954605636466807,10574,3.15803395799594,0.0051984283921110075,0.9799546142208775,0.0113464447806354
germanrr,safeguarded_hybrid,300,1,node_limit,node_limit,,47095869.649,,,401,,102.20385120797437,211,0.019954605636466807,10574,3.1458732089959085,0.0051984283921110075,0.9799546142208775,0.0113464447806354
germanrr,safeguarded_hybrid,300,2,node_limit,node_limit,,47095869.649,,,401,,94.45198016701033,211,0.019954605636466807,10574,3.160876083013136,0.0051984283921110075,0.9799546142208775,0.0113464447806354
germanrr,safeguarded_hybrid,60,0,time_limit,time_limit,,47095869.649,,,251,,60.029438541969284,211,0.019954605636466807,10574,3.13419191603316,0.0051984283921110075,0.9799546142208775,0.0113464447806354
germanrr,safeguarded_hybrid,60,1,time_limit,time_limit,,47095869.649,,,245,,60.003658499976154,211,0.019954605636466807,10574,3.130048208986409,0.0051984283921110075,0.9799546142208775,0.0113464447806354
germanrr,safeguarded_hybrid,60,2,time_limit,time_limit,,47095869.649,,,257,,60.00408741697902,211,0.019954605636466807,10574,3.1585022500366904,0.0051984283921110075,0.9799546142208775,0.0113464447806354
germanrr,safeguarded_hybrid,900,0,node_limit,node_limit,,47095869.649,,,401,,97.74123095802497,211,0.019954605636466807,10574,3.1608019589912146,0.0051984283921110075,0.9799546142208775,0.0113464447806354
germanrr,safeguarded_hybrid,900,1,node_limit,node_limit,,47095869.649,,,401,,103.76575529196998,211,0.019954605636466807,10574,3.2366254999651574,0.0051984283921110075,0.9799546142208775,0.0113464447806354
germanrr,safeguarded_hybrid,900,2,node_limit,node_limit,,47095869.649,,,401,,93.87082850001752,211,0.019954605636466807,10574,3.172260124993045,0.0051984283921110075,0.9799546142208775,0.0113464447806354
gfd-schedulen180f7d50m30k18,best_bound,10,0,solver_status_108,root_lp_timeout,,1.0,,,1,,10.217041167023126,0,0.0,194433,10.215988042007666,,,
gfd-schedulen180f7d50m30k18,best_bound,10,1,solver_status_108,root_lp_timeout,,1.0,,,1,,10.11088537494652,0,0.0,194433,10.110600999963935,,,
gfd-schedulen180f7d50m30k18,best_bound,10,2,solver_status_108,root_lp_timeout,,1.0,,,1,,10.168389583006501,0,0.0,194433,10.168095832981635,,,
gfd-schedulen180f7d50m30k18,best_bound,300,0,time_limit,time_limit,,1.0,,,15,,300.112530665996,70731,0.36378083967227787,194433,21.28332558297552,0.054785471136430404,0.7390861177406524,0.10977277247414478
gfd-schedulen180f7d50m30k18,best_bound,300,1,time_limit,time_limit,,1.0,,,15,,300.21259470802033,73405,0.3775336491233484,194433,18.814741707989015,0.05503593768750805,0.7403540175019888,0.10086639817024662
gfd-schedulen180f7d50m30k18,best_bound,300,2,time_limit,time_limit,,1.0,,,15,,300.1046793750138,74376,0.38252765734211785,194433,34.286770915961824,0.05504474862663916,0.7433870326173428,0.10054320803500398
gfd-schedulen180f7d50m30k18,best_bound,60,0,time_limit,time_limit,,1.0,,,3,,60.2204897920019,70731,0.36378083967227787,194433,23.679557499999646,0.054785471136430404,0.7390861177406524,0.10977277247414478
gfd-schedulen180f7d50m30k18,best_bound,60,1,time_limit,time_limit,,1.0,,,3,,60.20552645804128,73405,0.3775336491233484,194433,27.27677058399422,0.05503593768750805,0.7403540175019888,0.10086639817024662
gfd-schedulen180f7d50m30k18,best_bound,60,2,time_limit,time_limit,,1.0,,,3,,60.21862329199212,74376,0.38252765734211785,194433,42.29636258300161,0.05504474862663916,0.7433870326173428,0.10054320803500398
gfd-schedulen180f7d50m30k18,best_bound,900,0,time_limit,time_limit,,1.0,,,33,,900.1210587910027,70731,0.36378083967227787,194433,18.309861375018954,0.054785471136430404,0.7390861177406524,0.10977277247414478
gfd-schedulen180f7d50m30k18,best_bound,900,1,time_limit,time_limit,,1.0,,,55,,900.0956287090085,73405,0.3775336491233484,194433,24.841795249958523,0.05503593768750805,0.7403540175019888,0.10086639817024662
gfd-schedulen180f7d50m30k18,best_bound,900,2,time_limit,time_limit,,1.0,,,45,,900.155295250006,74376,0.38252765734211785,194433,37.477263000037055,0.05504474862663916,0.7433870326173428,0.10054320803500398
gfd-schedulen180f7d50m30k18,best_estimate,10,0,solver_status_108,root_lp_timeout,,1.0,,,1,,10.690100334002636,0,0.0,194433,10.689801124972291,,,
gfd-schedulen180f7d50m30k18,best_estimate,10,1,solver_status_108,root_lp_timeout,,1.0,,,1,,10.141017207992263,0,0.0,194433,10.140738500049338,,,
gfd-schedulen180f7d50m30k18,best_estimate,10,2,solver_status_108,root_lp_timeout,,1.0,,,1,,10.200805250031408,0,0.0,194433,10.200500625011045,,,
gfd-schedulen180f7d50m30k18,best_estimate,300,0,time_limit,time_limit,,1.0,,,13,,300.06335745804245,70731,0.36378083967227787,194433,15.004702583013568,0.054785471136430404,0.7390861177406524,0.10977277247414478
gfd-schedulen180f7d50m30k18,best_estimate,300,1,time_limit,time_limit,,1.0,,,13,,300.2553429999971,73405,0.3775336491233484,194433,16.66320741700474,0.05503593768750805,0.7403540175019888,0.10086639817024662
gfd-schedulen180f7d50m30k18,best_estimate,300,2,time_limit,time_limit,,1.0,,,17,,301.6967560839839,74376,0.38252765734211785,194433,24.021951832983177,0.05504474862663916,0.7433870326173428,0.10054320803500398
gfd-schedulen180f7d50m30k18,best_estimate,60,0,time_limit,time_limit,,1.0,,,3,,62.99954670801526,70731,0.36378083967227787,194433,22.491545750002842,0.054785471136430404,0.7390861177406524,0.10977277247414478
gfd-schedulen180f7d50m30k18,best_estimate,60,1,time_limit,time_limit,,1.0,,,3,,60.226277583045885,73405,0.3775336491233484,194433,13.886252459022216,0.05503593768750805,0.7403540175019888,0.10086639817024662
gfd-schedulen180f7d50m30k18,best_estimate,60,2,time_limit,time_limit,,1.0,,,1,,858.947886458016,74376,0.38252765734211785,194433,858.9411987909698,0.05504474862663916,0.7433870326173428,0.10054320803500398
gfd-schedulen180f7d50m30k18,best_estimate,900,0,time_limit,time_limit,,1.0,,,35,,900.1303475829773,70731,0.36378083967227787,194433,33.76633574999869,0.054785471136430404,0.7390861177406524,0.10977277247414478
gfd-schedulen180f7d50m30k18,best_estimate,900,1,time_limit,time_limit,,1.0,,,45,,900.1317070410005,73405,0.3775336491233484,194433,24.334653790981974,0.05503593768750805,0.7403540175019888,0.10086639817024662
gfd-schedulen180f7d50m30k18,best_estimate,900,2,time_limit,time_limit,,1.0,,,43,,900.069214624993,74376,0.38252765734211785,194433,34.25118583301082,0.05504474862663916,0.7433870326173428,0.10054320803500398
gfd-schedulen180f7d50m30k18,boltzmann_adaptive,10,0,solver_status_108,root_lp_timeout,,1.0,,,1,,10.17886104201898,0,0.0,194433,10.178382417012472,,,
gfd-schedulen180f7d50m30k18,boltzmann_adaptive,10,1,solver_status_108,root_lp_timeout,,1.0,,,1,,10.22222395800054,0,0.0,194433,10.221794334007427,,,
gfd-schedulen180f7d50m30k18,boltzmann_adaptive,10,2,solver_status_108,root_lp_timeout,,1.0,,,1,,10.185766790993512,0,0.0,194433,10.185364542005118,,,
gfd-schedulen180f7d50m30k18,boltzmann_adaptive,300,0,time_limit,time_limit,,1.0,,,11,,300.13068745896453,70731,0.36378083967227787,194433,17.27204074995825,0.054785471136430404,0.7390861177406524,0.10977277247414478
gfd-schedulen180f7d50m30k18,boltzmann_adaptive,300,1,time_limit,time_limit,,1.0,,,15,,300.1572673750343,73405,0.3775336491233484,194433,30.07710970804328,0.05503593768750805,0.7403540175019888,0.10086639817024662
gfd-schedulen180f7d50m30k18,boltzmann_adaptive,300,2,time_limit,time_limit,,1.0,,,13,,300.1738159590168,74376,0.38252765734211785,194433,43.276555499993265,0.05504474862663916,0.7433870326173428,0.10054320803500398
gfd-schedulen180f7d50m30k18,boltzmann_adaptive,60,0,time_limit,time_limit,,1.0,,,3,,60.27566995797679,70731,0.36378083967227787,194433,28.906235166010447,0.054785471136430404,0.7390861177406524,0.10977277247414478
gfd-schedulen180f7d50m30k18,boltzmann_adaptive,60,1,time_limit,time_limit,,1.0,,,3,,60.210910958005115,73405,0.3775336491233484,194433,27.57523570896592,0.05503593768750805,0.7403540175019888,0.10086639817024662
gfd-schedulen180f7d50m30k18,boltzmann_adaptive,60,2,time_limit,time_limit,,1.0,,,1,,844.7566731249681,74376,0.38252765734211785,194433,844.7508235000423,0.05504474862663916,0.7433870326173428,0.10054320803500398
gfd-schedulen180f7d50m30k18,boltzmann_adaptive,900,0,time_limit,time_limit,,1.0,,,41,,900.1427372079925,70731,0.36378083967227787,194433,26.393990500015207,0.054785471136430404,0.7390861177406524,0.10977277247414478
gfd-schedulen180f7d50m30k18,boltzmann_adaptive,900,1,time_limit,time_limit,,1.0,,,45,,900.226848249964,73405,0.3775336491233484,194433,24.437363041040953,0.05503593768750805,0.7403540175019888,0.10086639817024662
gfd-schedulen180f7d50m30k18,boltzmann_adaptive,900,2,time_limit,time_limit,,1.0,,,45,,900.1240304579842,74376,0.38252765734211785,194433,34.423070584016386,0.05504474862663916,0.7433870326173428,0.10054320803500398
gfd-schedulen180f7d50m30k18,depth_first,10,0,solver_status_108,root_lp_timeout,,1.0,,,1,,10.593336790974718,0,0.0,194433,10.59272937499918,,,
gfd-schedulen180f7d50m30k18,depth_first,10,1,solver_status_108,root_lp_timeout,,1.0,,,1,,10.09520625002915,0,0.0,194433,10.094798040983733,,,
gfd-schedulen180f7d50m30k18,depth_first,10,2,solver_status_108,root_lp_timeout,,1.0,,,1,,10.232506666972768,0,0.0,194433,10.232243874983396,,,
gfd-schedulen180f7d50m30k18,depth_first,300,0,time_limit,time_limit,,1.0,,,15,,300.1956358749885,70731,0.36378083967227787,194433,24.432809124991763,0.054785471136430404,0.7390861177406524,0.10977277247414478
gfd-schedulen180f7d50m30k18,depth_first,300,1,time_limit,time_limit,,1.0,,,15,,300.1323784160195,73405,0.3775336491233484,194433,28.515854624973144,0.05503593768750805,0.7403540175019888,0.10086639817024662
gfd-schedulen180f7d50m30k18,depth_first,300,2,time_limit,time_limit,,1.0,,,13,,300.16875320801046,74376,0.38252765734211785,194433,46.883959666010924,0.05504474862663916,0.7433870326173428,0.10054320803500398
gfd-schedulen180f7d50m30k18,depth_first,60,0,time_limit,time_limit,,1.0,,,3,,60.161278625018895,70731,0.36378083967227787,194433,39.94638820795808,0.054785471136430404,0.7390861177406524,0.10977277247414478
gfd-schedulen180f7d50m30k18,depth_first,60,1,time_limit,time_limit,,1.0,,,3,,60.34730262501398,73405,0.3775336491233484,194433,28.87916354095796,0.05503593768750805,0.7403540175019888,0.10086639817024662
gfd-schedulen180f7d50m30k18,depth_first,60,2,time_limit,time_limit,,1.0,,,5,,60.04659558302956,74376,0.38252765734211785,194433,22.209081583016086,0.05504474862663916,0.7433870326173428,0.10054320803500398
gfd-schedulen180f7d50m30k18,depth_first,900,0,time_limit,time_limit,,1.0,,,33,,900.1297755420092,70731,0.36378083967227787,194433,33.73155612498522,0.054785471136430404,0.7390861177406524,0.10977277247414478
gfd-schedulen180f7d50m30k18,depth_first,900,1,time_limit,time_limit,,1.0,,,55,,900.0737342920038,73405,0.3775336491233484,194433,25.970414250041358,0.05503593768750805,0.7403540175019888,0.10086639817024662
gfd-schedulen180f7d50m30k18,depth_first,900,2,time_limit,time_limit,,1.0,,,45,,900.0765742089716,74376,0.38252765734211785,194433,37.01152904203627,0.05504474862663916,0.7433870326173428,0.10054320803500398
gfd-schedulen180f7d50m30k18,greedy_score,10,0,solver_status_108,root_lp_timeout,,1.0,,,1,,10.187627708015498,0,0.0,194433,10.187205541995354,,,
gfd-schedulen180f7d50m30k18,greedy_score,10,1,solver_status_108,root_lp_timeout,,1.0,,,1,,10.138632207992487,0,0.0,194433,10.138373000023421,,,
gfd-schedulen180f7d50m30k18,greedy_score,10,2,solver_status_108,root_lp_timeout,,1.0,,,1,,10.19838349998463,0,0.0,194433,10.198097709042486,,,
gfd-schedulen180f7d50m30k18,greedy_score,300,0,time_limit,time_limit,,1.0,,,13,,300.24359766597627,70731,0.36378083967227787,194433,18.40667512494838,0.054785471136430404,0.7390861177406524,0.10977277247414478
gfd-schedulen180f7d50m30k18,greedy_score,300,1,time_limit,time_limit,,1.0,,,15,,300.45351854199544,73405,0.3775336491233484,194433,31.656000124989077,0.05503593768750805,0.7403540175019888,0.10086639817024662
gfd-schedulen180f7d50m30k18,greedy_score,300,2,time_limit,time_limit,,1.0,,,15,,300.07379541598493,74376,0.38252765734211785,194433,44.362601583008654,0.05504474862663916,0.7433870326173428,0.10054320803500398
gfd-schedulen180f7d50m30k18,greedy_score,60,0,time_limit,time_limit,,1.0,,,3,,60.07659870799398,70731,0.36378083967227787,194433,32.9809282500064,0.054785471136430404,0.7390861177406524,0.10977277247414478
gfd-schedulen180f7d50m30k18,greedy_score,60,1,time_limit,time_limit,,1.0,,,3,,60.084471542038955,73405,0.3775336491233484,194433,21.968844374991022,0.05503593768750805,0.7403540175019888,0.10086639817024662
gfd-schedulen180f7d50m30k18,greedy_score,60,2,time_limit,time_limit,,1.0,,,1,,840.3115849159658,74376,0.38252765734211785,194433,840.3050288329832,0.05504474862663916,0.7433870326173428,0.10054320803500398
gfd-schedulen180f7d50m30k18,greedy_score,900,0,time_limit,time_limit,,1.0,,,33,,900.1090875840164,70731,0.36378083967227787,194433,35.1499088749988,0.054785471136430404,0.7390861177406524,0.10977277247414478
gfd-schedulen180f7d50m30k18,greedy_score,900,1,time_limit,time_limit,,1.0,,,43,,900.1632653339766,73405,0.3775336491233484,194433,23.784362708975095,0.05503593768750805,0.7403540175019888,0.10086639817024662
gfd-schedulen180f7d50m30k18,greedy_score,900,2,time_limit,time_limit,,1.0,,,47,,900.3713609169936,74376,0.38252765734211785,194433,35.35261000000173,0.05504474862663916,0.7433870326173428,0.10054320803500398
gfd-schedulen180f7d50m30k18,hybrid_best_bound_depth,10,0,solver_status_108,root_lp_timeout,,1.0,,,1,,10.238020709017292,0,0.0,194433,10.237154708011076,,,
gfd-schedulen180f7d50m30k18,hybrid_best_bound_depth,10,1,solver_status_108,root_lp_timeout,,1.0,,,1,,10.11309749999782,0,0.0,194433,10.112724833015818,,,
gfd-schedulen180f7d50m30k18,hybrid_best_bound_depth,10,2,solver_status_108,root_lp_timeout,,1.0,,,1,,10.173309625010006,0,0.0,194433,10.172850249975454,,,
gfd-schedulen180f7d50m30k18,hybrid_best_bound_depth,300,0,time_limit,time_limit,,1.0,,,13,,300.14743370900396,70731,0.36378083967227787,194433,31.094414624967612,0.054785471136430404,0.7390861177406524,0.10977277247414478
gfd-schedulen180f7d50m30k18,hybrid_best_bound_depth,300,1,time_limit,time_limit,,1.0,,,15,,300.847973499971,73405,0.3775336491233484,194433,27.11340187501628,0.05503593768750805,0.7403540175019888,0.10086639817024662
gfd-schedulen180f7d50m30k18,hybrid_best_bound_depth,300,2,time_limit,time_limit,,1.0,,,17,,300.16804666700773,74376,0.38252765734211785,194433,44.08978462498635,0.05504474862663916,0.7433870326173428,0.10054320803500398
gfd-schedulen180f7d50m30k18,hybrid_best_bound_depth,60,0,time_limit,time_limit,,1.0,,,3,,60.22618629201315,70731,0.36378083967227787,194433,22.873621042002924,0.054785471136430404,0.7390861177406524,0.10977277247414478
gfd-schedulen180f7d50m30k18,hybrid_best_bound_depth,60,1,time_limit,time_limit,,1.0,,,3,,60.148543790972326,73405,0.3775336491233484,194433,29.009863583021797,0.05503593768750805,0.7403540175019888,0.10086639817024662
gfd-schedulen180f7d50m30k18,hybrid_best_bound_depth,60,2,time_limit,time_limit,,1.0,,,1,,857.0521174169844,74376,0.38252765734211785,194433,857.0449663749896,0.05504474862663916,0.7433870326173428,0.10054320803500398
gfd-schedulen180f7d50m30k18,hybrid_best_bound_depth,900,0,time_limit,time_limit,,1.0,,,37,,900.1642434580135,70731,0.36378083967227787,194433,33.49421675002668,0.054785471136430404,0.7390861177406524,0.10977277247414478
gfd-schedulen180f7d50m30k18,hybrid_best_bound_depth,900,1,time_limit,time_limit,,1.0,,,43,,900.1443968329695,73405,0.3775336491233484,194433,26.31022879201919,0.05503593768750805,0.7403540175019888,0.10086639817024662
gfd-schedulen180f7d50m30k18,hybrid_best_bound_depth,900,2,time_limit,time_limit,,1.0,,,45,,900.1576643330045,74376,0.38252765734211785,194433,35.55758316698484,0.05504474862663916,0.7433870326173428,0.10054320803500398
gfd-schedulen180f7d50m30k18,learned_portfolio,300,0,time_limit,time_limit,,1.0,,,15,,300.11707754200324,70731,0.36378083967227787,194433,26.9293787079514,0.054785471136430404,0.7390861177406524,0.10977277247414478
gfd-schedulen180f7d50m30k18,learned_portfolio,300,1,time_limit,time_limit,,1.0,,,13,,300.3655307920417,73405,0.3775336491233484,194433,25.257009542023297,0.05503593768750805,0.7403540175019888,0.10086639817024662
gfd-schedulen180f7d50m30k18,learned_portfolio,300,2,time_limit,time_limit,,1.0,,,15,,300.32450275000883,74376,0.38252765734211785,194433,35.950423084024806,0.05504474862663916,0.7433870326173428,0.10054320803500398
gfd-schedulen180f7d50m30k18,learned_portfolio,60,0,time_limit,time_limit,,1.0,,,3,,60.269906333007384,70731,0.36378083967227787,194433,22.262316167005338,0.054785471136430404,0.7390861177406524,0.10977277247414478
gfd-schedulen180f7d50m30k18,learned_portfolio,60,1,time_limit,time_limit,,1.0,,,3,,60.15982999996049,73405,0.3775336491233484,194433,22.644848875002936,0.05503593768750805,0.7403540175019888,0.10086639817024662
gfd-schedulen180f7d50m30k18,learned_portfolio,60,2,time_limit,time_limit,,1.0,,,3,,60.152223749959376,74376,0.38252765734211785,194433,35.59133720799582,0.05504474862663916,0.7433870326173428,0.10054320803500398
gfd-schedulen180f7d50m30k18,learned_portfolio,900,0,time_limit,time_limit,,1.0,,,45,,900.007688792015,70731,0.36378083967227787,194433,27.404027207987383,0.054785471136430404,0.7390861177406524,0.10977277247414478
gfd-schedulen180f7d50m30k18,learned_portfolio,900,1,time_limit,time_limit,,1.0,,,51,,900.2612672909745,73405,0.3775336491233484,194433,25.860033292032313,0.05503593768750805,0.7403540175019888,0.10086639817024662
gfd-schedulen180f7d50m30k18,learned_portfolio,900,2,time_limit,time_limit,,1.0,,,49,,900.1922687919578,74376,0.38252765734211785,194433,36.95938924996881,0.05504474862663916,0.7433870326173428,0.10054320803500398
gfd-schedulen180f7d50m30k18,learned_v2,10,0,solver_status_108,root_lp_timeout,,1.0,,,1,,10.12591187498765,0,0.0,194433,10.125616999983322,,,
gfd-schedulen180f7d50m30k18,learned_v2,10,1,solver_status_108,root_lp_timeout,,1.0,,,1,,10.153794792015105,0,0.0,194433,10.153469250013586,,,
gfd-schedulen180f7d50m30k18,learned_v2,10,2,solver_status_108,root_lp_timeout,,1.0,,,1,,10.277931666001678,0,0.0,194433,10.277590250014327,,,
gfd-schedulen180f7d50m30k18,learned_v2,300,0,time_limit,time_limit,,1.0,,,15,,300.0153834579978,70731,0.36378083967227787,194433,26.952962249983102,0.054785471136430404,0.7390861177406524,0.10977277247414478
gfd-schedulen180f7d50m30k18,learned_v2,300,1,time_limit,time_limit,,1.0,,,15,,300.0105576249771,73405,0.3775336491233484,194433,25.593309167015832,0.05503593768750805,0.7403540175019888,0.10086639817024662
gfd-schedulen180f7d50m30k18,learned_v2,300,2,time_limit,time_limit,,1.0,,,15,,300.1155064170016,74376,0.38252765734211785,194433,36.76183824997861,0.05504474862663916,0.7433870326173428,0.10054320803500398
gfd-schedulen180f7d50m30k18,learned_v2,60,0,time_limit,time_limit,,1.0,,,3,,60.228740750055294,70731,0.36378083967227787,194433,25.731024708016776,0.054785471136430404,0.7390861177406524,0.10977277247414478
gfd-schedulen180f7d50m30k18,learned_v2,60,1,time_limit,time_limit,,1.0,,,3,,60.09075966698583,73405,0.3775336491233484,194433,24.051760166999884,0.05503593768750805,0.7403540175019888,0.10086639817024662
gfd-schedulen180f7d50m30k18,learned_v2,60,2,time_limit,time_limit,,1.0,,,3,,60.166225374967325,74376,0.38252765734211785,194433,36.03319849999389,0.05504474862663916,0.7433870326173428,0.10054320803500398
gfd-schedulen180f7d50m30k18,learned_v2,900,0,time_limit,time_limit,,1.0,,,49,,900.0156047500204,70731,0.36378083967227787,194433,26.779711000039242,0.054785471136430404,0.7390861177406524,0.10977277247414478
gfd-schedulen180f7d50m30k18,learned_v2,900,1,time_limit,time_limit,,1.0,,,53,,900.1283879580442,73405,0.3775336491233484,194433,24.945028875023127,0.05503593768750805,0.7403540175019888,0.10086639817024662
gfd-schedulen180f7d50m30k18,learned_v2,900,2,time_limit,time_limit,,1.0,,,55,,900.1764650410041,74376,0.38252765734211785,194433,36.35627350001596,0.05504474862663916,0.7433870326173428,0.10054320803500398
gfd-schedulen180f7d50m30k18,random_uniform,10,0,solver_status_108,root_lp_timeout,,1.0,,,1,,10.188163292012177,0,0.0,194433,10.187740958004724,,,
gfd-schedulen180f7d50m30k18,random_uniform,10,1,solver_status_108,root_lp_timeout,,1.0,,,1,,10.223047457984649,0,0.0,194433,10.222703624982387,,,
gfd-schedulen180f7d50m30k18,random_uniform,10,2,solver_status_108,root_lp_timeout,,1.0,,,1,,10.195305000001099,0,0.0,194433,10.195017708989326,,,
gfd-schedulen180f7d50m30k18,random_uniform,300,0,time_limit,time_limit,,1.0,,,13,,300.1994100000011,70731,0.36378083967227787,194433,31.82021745800739,0.054785471136430404,0.7390861177406524,0.10977277247414478
gfd-schedulen180f7d50m30k18,random_uniform,300,1,time_limit,time_limit,,1.0,,,13,,300.2131296659936,73405,0.3775336491233484,194433,30.388272290991154,0.05503593768750805,0.7403540175019888,0.10086639817024662
gfd-schedulen180f7d50m30k18,random_uniform,300,2,time_limit,time_limit,,1.0,,,15,,300.1582913750317,74376,0.38252765734211785,194433,35.018681333982386,0.05504474862663916,0.7433870326173428,0.10054320803500398
gfd-schedulen180f7d50m30k18,random_uniform,60,0,time_limit,time_limit,,1.0,,,3,,60.25798354198923,70731,0.36378083967227787,194433,32.98169470898574,0.054785471136430404,0.7390861177406524,0.10977277247414478
gfd-schedulen180f7d50m30k18,random_uniform,60,1,time_limit,time_limit,,1.0,,,3,,60.13763458299218,73405,0.3775336491233484,194433,28.588851291977335,0.05503593768750805,0.7403540175019888,0.10086639817024662
gfd-schedulen180f7d50m30k18,random_uniform,60,2,time_limit,time_limit,,1.0,,,1,,751.2502772500156,74376,0.38252765734211785,194433,751.2439374999958,0.05504474862663916,0.7433870326173428,0.10054320803500398
gfd-schedulen180f7d50m30k18,random_uniform,900,0,time_limit,time_limit,,1.0,,,33,,900.109027708997,70731,0.36378083967227787,194433,25.403088374994695,0.054785471136430404,0.7390861177406524,0.10977277247414478
gfd-schedulen180f7d50m30k18,random_uniform,900,1,time_limit,time_limit,,1.0,,,43,,900.1624679999659,73405,0.3775336491233484,194433,25.639134333003312,0.05503593768750805,0.7403540175019888,0.10086639817024662
gfd-schedulen180f7d50m30k18,random_uniform,900,2,time_limit,time_limit,,1.0,,,43,,900.1189358749543,74376,0.38252765734211785,194433,35.99216591601726,0.05504474862663916,0.7433870326173428,0.10054320803500398
gfd-schedulen180f7d50m30k18,safeguarded_hybrid,10,0,solver_status_108,root_lp_timeout,,1.0,,,1,,10.176472624996677,0,0.0,194433,10.175942124973517,,,
gfd-schedulen180f7d50m30k18,safeguarded_hybrid,10,1,solver_status_108,root_lp_timeout,,1.0,,,1,,10.186646417016163,0,0.0,194433,10.186300207977183,,,
gfd-schedulen180f7d50m30k18,safeguarded_hybrid,10,2,solver_status_108,root_lp_timeout,,1.0,,,1,,10.197818124957848,0,0.0,194433,10.197549499978777,,,
gfd-schedulen180f7d50m30k18,safeguarded_hybrid,300,0,time_limit,time_limit,,1.0,,,13,,300.0815187920234,70731,0.36378083967227787,194433,18.375254542042967,0.054785471136430404,0.7390861177406524,0.10977277247414478
gfd-schedulen180f7d50m30k18,safeguarded_hybrid,300,1,time_limit,time_limit,,1.0,,,13,,300.14566420798656,73405,0.3775336491233484,194433,33.15506920800544,0.05503593768750805,0.7403540175019888,0.10086639817024662
gfd-schedulen180f7d50m30k18,safeguarded_hybrid,300,2,time_limit,time_limit,,1.0,,,13,,300.98644970799796,74376,0.38252765734211785,194433,43.461649292032234,0.05504474862663916,0.7433870326173428,0.10054320803500398
gfd-schedulen180f7d50m30k18,safeguarded_hybrid,60,0,time_limit,time_limit,,1.0,,,3,,60.360074374999385,70731,0.36378083967227787,194433,29.09848220803542,0.054785471136430404,0.7390861177406524,0.10977277247414478
gfd-schedulen180f7d50m30k18,safeguarded_hybrid,60,1,time_limit,time_limit,,1.0,,,3,,60.27431033400353,73405,0.3775336491233484,194433,28.21723920799559,0.05503593768750805,0.7403540175019888,0.10086639817024662
gfd-schedulen180f7d50m30k18,safeguarded_hybrid,60,2,time_limit,time_limit,,1.0,,,1,,793.7979666250176,74376,0.38252765734211785,194433,793.7909267080249,0.05504474862663916,0.7433870326173428,0.10054320803500398
gfd-schedulen180f7d50m30k18,safeguarded_hybrid,900,0,time_limit,time_limit,,1.0,,,39,,900.2365234579775,70731,0.36378083967227787,194433,26.157697707996704,0.054785471136430404,0.7390861177406524,0.10977277247414478
gfd-schedulen180f7d50m30k18,safeguarded_hybrid,900,1,time_limit,time_limit,,1.0,,,45,,900.1692425829824,73405,0.3775336491233484,194433,25.28306425001938,0.05503593768750805,0.7403540175019888,0.10086639817024662
gfd-schedulen180f7d50m30k18,safeguarded_hybrid,900,2,time_limit,time_limit,,1.0,,,47,,900.0424694580142,74376,0.38252765734211785,194433,35.60158858296927,0.05504474862663916,0.7433870326173428,0.10054320803500398
irp,best_bound,10,0,time_limit,time_limit,12195.398792999998,12159.49283539698,0.002952915725110949,0.00011535963881771051,91,0.23559458396630362,10.062597749987617,17,0.0008368200836820083,20315,0.10295229201437905,0.0002953482648289441,0.999163179916318,0.0005414718188530642
irp,best_bound,10,1,time_limit,time_limit,12195.398792999998,12159.49283539698,0.002952915725110949,0.00011535963881771051,91,0.22202554205432534,10.066520209016744,17,0.0008368200836820083,20315,0.09806391596794128,0.0002953482648289441,0.999163179916318,0.0005414718188530642
irp,best_bound,10,2,time_limit,time_limit,12195.398792999998,12159.49283539698,0.002952915725110949,8.634999296654186e-05,91,0.22800550004467368,10.000575666024815,17,0.0008368200836820083,20315,0.10121604200685397,0.0002953482648289441,0.999163179916318,0.0005414718188530642
irp,best_bound,300,0,node_limit,node_limit,12195.398792999998,12159.49283539698,0.002952915725110949,1.493339849645562e-05,401,0.2245284160017036,42.89731716597453,17,0.0008368200836820083,20315,0.09947341703809798,0.0002953482648289441,0.999163179916318,0.0005414718188530642
irp,best_bound,300,1,node_limit,node_limit,12195.398792999998,12159.49283539698,0.002952915725110949,1.493339849645562e-05,401,0.22622704197419807,42.83422145899385,17,0.0008368200836820083,20315,0.09891895798500627,0.0002953482648289441,0.999163179916318,0.0005414718188530642
irp,best_bound,300,2,node_limit,node_limit,12195.398792999998,12159.49283539698,0.002952915725110949,1.493339849645562e-05,401,0.23333904100582004,42.92158887500409,17,0.0008368200836820083,20315,0.10378195799421519,0.0002953482648289441,0.999163179916318,0.0005414718188530642
irp,best_bound,60,0,node_limit,node_limit,12195.398792999998,12159.49283539698,0.002952915725110949,1.493339849645562e-05,401,0.23054904199671,42.87960979202762,17,0.0008368200836820083,20315,0.10319766600150615,0.0002953482648289441,0.999163179916318,0.0005414718188530642
irp,best_bound,60,1,node_limit,node_limit,12195.398792999998,12159.49283539698,0.002952915725110949,1.493339849645562e-05,401,0.23093079100362957,42.578844083007425,17,0.0008368200836820083,20315,0.10331887501524761,0.0002953482648289441,0.999163179916318,0.0005414718188530642
irp,best_bound,60,2,node_limit,node_limit,12195.398792999998,12159.49283539698,0.002952915725110949,1.493339849645562e-05,401,0.22143500001402572,42.78002112504328,17,0.0008368200836820083,20315,0.0970862089889124,0.0002953482648289441,0.999163179916318,0.0005414718188530642
irp,best_bound,900,0,node_limit,node_limit,12195.398792999998,12159.49283539698,0.002952915725110949,1.493339849645562e-05,401,0.2459328330005519,42.441227332979906,17,0.0008368200836820083,20315,0.11616712500108406,0.0002953482648289441,0.999163179916318,0.0005414718188530642
irp,best_bound,900,1,node_limit,node_limit,12195.398792999998,12159.49283539698,0.002952915725110949,1.493339849645562e-05,401,0.21892608294729143,42.685817416000646,17,0.0008368200836820083,20315,0.09471383300842717,0.0002953482648289441,0.999163179916318,0.0005414718188530642
irp,best_bound,900,2,node_limit,node_limit,12195.398792999998,12159.49283539698,0.002952915725110949,1.493339849645562e-05,401,0.22660766600165516,42.5895344580058,17,0.0008368200836820083,20315,0.10131225001532584,0.0002953482648289441,0.999163179916318,0.0005414718188530642
irp,best_estimate,10,0,time_limit,time_limit,12191.909912,12159.49283539698,0.0026659892021688924,0.003036457391325687,89,0.22792383300838992,10.010194333037362,17,0.0008368200836820083,20315,0.10194308299105614,0.0002953482648289441,0.999163179916318,0.0005414718188530642
irp,best_estimate,10,1,time_limit,time_limit,12191.909912000001,12159.49283539698,0.002665989202169042,0.0030364573913258357,89,0.22722933400655165,10.022712792037055,17,0.0008368200836820083,20315,0.09799029200803488,0.0002953482648289441,0.999163179916318,0.0005414718188530642
irp,best_estimate,10,2,time_limit,time_limit,12191.909912,12159.49283539698,0.0026659892021688924,0.003036457391325687,89,0.2266255000140518,10.04596808401402,17,0.0008368200836820083,20315,0.10036575002595782,0.0002953482648289441,0.999163179916318,0.0005414718188530642
irp,best_estimate,300,0,node_limit,node_limit,12191.909912,12159.49283539698,0.0026659892021688924,8.509132756796195e-05,401,0.2263675419962965,47.8219616250135,17,0.0008368200836820083,20315,0.09784612501971424,0.0002953482648289441,0.999163179916318,0.0005414718188530642
irp,best_estimate,300,1,node_limit,node_limit,12191.909912000001,12159.49283539698,0.002665989202169042,8.509132756811113e-05,401,0.22999429097399116,47.4441934999777,17,0.0008368200836820083,20315,0.1026177909807302,0.0002953482648289441,0.999163179916318,0.0005414718188530642
irp,best_estimate,300,2,node_limit,node_limit,12191.909912,12159.49283539698,0.0026659892021688924,8.509132756796195e-05,401,0.2217362920055166,45.159397916984744,17,0.0008368200836820083,20315,0.09694395796395838,0.0002953482648289441,0.999163179916318,0.0005414718188530642
irp,best_estimate,60,0,node_limit,node_limit,12191.909912,12159.49283539698,0.0026659892021688924,8.509132756796195e-05,401,0.2309280830086209,47.8413596660248,17,0.0008368200836820083,20315,0.1054156250320375,0.0002953482648289441,0.999163179916318,0.0005414718188530642
irp,best_estimate,60,1,node_limit,node_limit,12191.909912,12159.49283539698,0.0026659892021688924,8.509132756796195e-05,401,0.21852229197975248,47.11755237495527,17,0.0008368200836820083,20315,0.09485141700133681,0.0002953482648289441,0.999163179916318,0.0005414718188530642
irp,best_estimate,60,2,node_limit,node_limit,12191.909912,12159.49283539698,0.0026659892021688924,8.509132756796195e-05,401,0.22861787502188236,47.73578124999767,17,0.0008368200836820083,20315,0.1026022500009276,0.0002953482648289441,0.999163179916318,0.0005414718188530642
irp,best_estimate,900,0,node_limit,node_limit,12191.909912000001,12159.49283539698,0.002665989202169042,8.509132756811113e-05,401,0.23745066701667383,47.15127512504114,17,0.0008368200836820083,20315,0.1086128749884665,0.0002953482648289441,0.999163179916318,0.0005414718188530642
irp,best_estimate,900,1,node_limit,node_limit,12191.909912000001,12159.49283539698,0.002665989202169042,8.509132756811113e-05,401,0.22911149996798486,47.774607667000964,17,0.0008368200836820083,20315,0.10132524999789894,0.0002953482648289441,0.999163179916318,0.0005414718188530642
irp,best_estimate,900,2,node_limit,node_limit,12191.909912,12159.49283539698,0.0026659892021688924,8.509132756796195e-05,401,0.22657604096457362,47.421288915968034,17,0.0008368200836820083,20315,0.10151325003243983,0.0002953482648289441,0.999163179916318,0.0005414718188530642
irp,boltzmann_adaptive,10,0,time_limit,time_limit,12309.415608,12159.49283539698,0.012329689620490152,4.2335332285105776e-05,89,0.22361024998826906,10.001356124994345,17,0.0008368200836820083,20315,0.09660795901436359,0.0002953482648289441,0.999163179916318,0.0005414718188530642
irp,boltzmann_adaptive,10,1,time_limit,time_limit,12161.152748,12159.49283539698,0.000136511664219047,0.0005055264080681969,107,0.218666166998446,10.003421708999667,17,0.0008368200836820083,20315,0.09519962500780821,0.0002953482648289441,0.999163179916318,0.0005414718188530642
irp,boltzmann_adaptive,10,2,time_limit,time_limit,12191.909912,12159.49283539698,0.0026659892021688924,0.001347356035155102,97,0.21816808299627155,10.051127583021298,17,0.0008368200836820083,20315,0.09474733303068206,0.0002953482648289441,0.999163179916318,0.0005414718188530642
irp,boltzmann_adaptive,300,0,node_limit,node_limit,12309.415608,12159.49283539698,0.012329689620490152,2.0075827144840285e-05,401,0.22596983303083107,45.002888625022024,17,0.0008368200836820083,20315,0.10028691700426862,0.0002953482648289441,0.999163179916318,0.0005414718188530642
irp,boltzmann_adaptive,300,1,node_limit,node_limit,12162.72216,12159.49283539698,0.00026558053421585077,0.0006215990960367018,401,0.2257200000458397,45.36288200004492,17,0.0008368200836820083,20315,0.0968394170049578,0.0002953482648289441,0.999163179916318,0.0005414718188530642
irp,boltzmann_adaptive,300,2,node_limit,node_limit,12161.649572999999,12159.49283539698,0.00017737068743028378,4.366368477808936e-05,401,0.21667870902456343,43.435694792016875,17,0.0008368200836820083,20315,0.08785104198614135,0.0002953482648289441,0.999163179916318,0.0005414718188530642
irp,boltzmann_adaptive,60,0,node_limit,node_limit,12309.415608,12159.49283539698,0.012329689620490152,2.0075827144840285e-05,401,0.22749204200226814,44.9862260419759,17,0.0008368200836820083,20315,0.10261125001125038,0.0002953482648289441,0.999163179916318,0.0005414718188530642
irp,boltzmann_adaptive,60,1,node_limit,node_limit,12195.398792999998,12159.49283539698,0.002952915725110949,4.3371384757276905e-06,401,0.2271877919556573,42.95097495795926,17,0.0008368200836820083,20315,0.09915087500121444,0.0002953482648289441,0.999163179916318,0.0005414718188530642
irp,boltzmann_adaptive,60,2,node_limit,node_limit,12190.847901000001,12159.49283539698,0.002578649128501791,0.0011084746286509368,401,0.22520475002238527,42.85303175001172,17,0.0008368200836820083,20315,0.09942566702375188,0.0002953482648289441,0.999163179916318,0.0005414718188530642
irp,boltzmann_adaptive,900,0,node_limit,node_limit,12178.672889999998,12159.49283539698,0.0015773729104213096,0.00039102035525625395,401,0.2195250829681754,42.54716737498529,17,0.0008368200836820083,20315,0.096993624989409,0.0002953482648289441,0.999163179916318,0.0005414718188530642
irp,boltzmann_adaptive,900,1,node_limit,node_limit,12162.72216,12159.49283539698,0.00026558053421585077,0.0006213708055849115,401,0.23097566701471806,44.99314158404013,17,0.0008368200836820083,20315,0.10360520804533735,0.0002953482648289441,0.999163179916318,0.0005414718188530642
irp,boltzmann_adaptive,900,2,node_limit,node_limit,12161.649572999999,12159.49283539698,0.00017737068743028378,4.366368477808936e-05,401,0.21801074995892122,43.64530008297879,17,0.0008368200836820083,20315,0.09458929195534438,0.0002953482648289441,0.999163179916318,0.0005414718188530642
irp,depth_first,10,0,time_limit,time_limit,12195.398792999998,12159.49283539698,0.002952915725110949,0.00011535963881771051,89,0.23147674999199808,10.078601957997307,17,0.0008368200836820083,20315,0.10339483298594132,0.0002953482648289441,0.999163179916318,0.0005414718188530642
irp,depth_first,10,1,time_limit,time_limit,12195.398792999998,12159.49283539698,0.002952915725110949,0.00011535963881771051,91,0.21723987499717623,10.031131458003074,17,0.0008368200836820083,20315,0.09486345801269636,0.0002953482648289441,0.999163179916318,0.0005414718188530642
irp,depth_first,10,2,time_limit,time_limit,12195.398792999998,12159.49283539698,0.002952915725110949,8.990836778773467e-05,89,0.21675079100532457,10.005099624977447,17,0.0008368200836820083,20315,0.09442804096033797,0.0002953482648289441,0.999163179916318,0.0005414718188530642
irp,depth_first,300,0,node_limit,node_limit,12195.398792999998,12159.49283539698,0.002952915725110949,1.493339849645562e-05,401,0.2206745829898864,43.013948667037766,17,0.0008368200836820083,20315,0.0963123330147937,0.0002953482648289441,0.999163179916318,0.0005414718188530642
irp,depth_first,300,1,node_limit,node_limit,12195.398792999998,12159.49283539698,0.002952915725110949,1.493339849645562e-05,401,0.22787329100538045,42.93272804096341,17,0.0008368200836820083,20315,0.0990926250233315,0.0002953482648289441,0.999163179916318,0.0005414718188530642
irp,depth_first,300,2,node_limit,node_limit,12195.398792999998,12159.49283539698,0.002952915725110949,1.493339849645562e-05,401,0.22102075000293553,43.22466591600096,17,0.0008368200836820083,20315,0.09595300001092255,0.0002953482648289441,0.999163179916318,0.0005414718188530642
irp,depth_first,60,0,node_limit,node_limit,12195.398792999998,12159.49283539698,0.002952915725110949,1.493339849645562e-05,401,0.21733499999390915,42.73194358299952,17,0.0008368200836820083,20315,0.09419987502042204,0.0002953482648289441,0.999163179916318,0.0005414718188530642
irp,depth_first,60,1,node_limit,node_limit,12195.398792999998,12159.49283539698,0.002952915725110949,1.493339849645562e-05,401,0.21903058304451406,43.068691792024765,17,0.0008368200836820083,20315,0.09625341696664691,0.0002953482648289441,0.999163179916318,0.0005414718188530642
irp,depth_first,60,2,node_limit,node_limit,12195.398792999998,12159.49283539698,0.002952915725110949,1.493339849645562e-05,401,0.23217129200929776,42.69139591703424,17,0.0008368200836820083,20315,0.10416720900684595,0.0002953482648289441,0.999163179916318,0.0005414718188530642
irp,depth_first,900,0,node_limit,node_limit,12195.398792999998,12159.49283539698,0.002952915725110949,1.493339849645562e-05,401,0.24283100001048297,42.99490558402613,17,0.0008368200836820083,20315,0.11262225004611537,0.0002953482648289441,0.999163179916318,0.0005414718188530642
irp,depth_first,900,1,node_limit,node_limit,12195.398792999998,12159.49283539698,0.002952915725110949,1.493339849645562e-05,401,0.22958679200382903,42.70311862498056,17,0.0008368200836820083,20315,0.10334620898356661,0.0002953482648289441,0.999163179916318,0.0005414718188530642
irp,depth_first,900,2,node_limit,node_limit,12195.398792999998,12159.49283539698,0.002952915725110949,1.493339849645562e-05,401,0.22695470799226314,42.65784162504133,17,0.0008368200836820083,20315,0.10233949997927994,0.0002953482648289441,0.999163179916318,0.0005414718188530642
irp,greedy_score,10,0,time_limit,time_limit,12195.398792999998,12159.49283539698,0.002952915725110949,0.00011535963881771051,89,0.2394612500211224,10.01339525001822,17,0.0008368200836820083,20315,0.10774887498700991,0.0002953482648289441,0.999163179916318,0.0005414718188530642
irp,greedy_score,10,1,time_limit,time_limit,12195.398792999998,12159.49283539698,0.002952915725110949,0.00011535963881771051,91,0.22547483298694715,10.106263583002146,17,0.0008368200836820083,20315,0.10071154200704768,0.0002953482648289441,0.999163179916318,0.0005414718188530642
irp,greedy_score,10,2,time_limit,time_limit,12195.398792999998,12159.49283539698,0.002952915725110949,8.990938456463904e-05,89,0.22374616604065523,10.002561666013207,17,0.0008368200836820083,20315,0.0981632920447737,0.0002953482648289441,0.999163179916318,0.0005414718188530642
irp,greedy_score,300,0,node_limit,node_limit,12195.398792999998,12159.49283539698,0.002952915725110949,0.00011525951909049483,401,0.2309579579741694,42.7320678330143,17,0.0008368200836820083,20315,0.1026380829862319,0.0002953482648289441,0.999163179916318,0.0005414718188530642
irp,greedy_score,300,1,node_limit,node_limit,12195.398792999998,12159.49283539698,0.002952915725110949,0.00011525951909049483,401,0.22733408398926258,42.756061666994356,17,0.0008368200836820083,20315,0.09988845902262256,0.0002953482648289441,0.999163179916318,0.0005414718188530642
irp,greedy_score,300,2,node_limit,node_limit,12195.398792999998,12159.49283539698,0.002952915725110949,0.00011525951909049483,401,0.22750450001331046,43.382972625026014,17,0.0008368200836820083,20315,0.1004647079971619,0.0002953482648289441,0.999163179916318,0.0005414718188530642
irp,greedy_score,60,0,node_limit,node_limit,12195.398792999998,12159.49283539698,0.002952915725110949,0.00011525951909049483,401,0.22737916704500094,42.81178083299892,17,0.0008368200836820083,20315,0.10151345800841227,0.0002953482648289441,0.999163179916318,0.0005414718188530642
irp,greedy_score,60,1,node_limit,node_limit,12195.398792999998,12159.49283539698,0.002952915725110949,0.00011525951909049483,401,0.23189337499206886,43.01742045796709,17,0.0008368200836820083,20315,0.10431112500373274,0.0002953482648289441,0.999163179916318,0.0005414718188530642
irp,greedy_score,60,2,node_limit,node_limit,12195.398792999998,12159.49283539698,0.002952915725110949,0.00011525951909049483,401,0.21891162503743544,43.4913185830228,17,0.0008368200836820083,20315,0.09526424994692206,0.0002953482648289441,0.999163179916318,0.0005414718188530642
irp,greedy_score,900,0,node_limit,node_limit,12195.398792999998,12159.49283539698,0.002952915725110949,0.00011525951909049483,401,0.22711008304031566,42.883688333036844,17,0.0008368200836820083,20315,0.10042274999432266,0.0002953482648289441,0.999163179916318,0.0005414718188530642
irp,greedy_score,900,1,node_limit,node_limit,12195.398792999998,12159.49283539698,0.002952915725110949,0.00011525951909049483,401,0.2289447920047678,42.67736795800738,17,0.0008368200836820083,20315,0.10096862498903647,0.0002953482648289441,0.999163179916318,0.0005414718188530642
irp,greedy_score,900,2,node_limit,node_limit,12195.398792999998,12159.49283539698,0.002952915725110949,0.00011525951909049483,401,0.21755225001834333,43.12830683303764,17,0.0008368200836820083,20315,0.09405174996936694,0.0002953482648289441,0.999163179916318,0.0005414718188530642
irp,hybrid_best_bound_depth,10,0,time_limit,time_limit,12195.398792999998,12159.49283539698,0.002952915725110949,0.00011535963881771051,91,0.2379708749940619,10.077502166037448,17,0.0008368200836820083,20315,0.10636350000277162,0.0002953482648289441,0.999163179916318,0.0005414718188530642
irp,hybrid_best_bound_depth,10,1,time_limit,time_limit,12195.398792999998,12159.49283539698,0.002952915725110949,0.00011535963881771051,93,0.21979554102290422,10.069658165972214,17,0.0008368200836820083,20315,0.09530866699060425,0.0002953482648289441,0.999163179916318,0.0005414718188530642
irp,hybrid_best_bound_depth,10,2,time_limit,time_limit,12195.398792999998,12159.49283539698,0.002952915725110949,0.00011535963881771051,91,0.22907520801527426,10.045727582997642,17,0.0008368200836820083,20315,0.10353595798369497,0.0002953482648289441,0.999163179916318,0.0005414718188530642
irp,hybrid_best_bound_depth,300,0,node_limit,node_limit,12195.398792999998,12159.49283539698,0.002952915725110949,1.493339849645562e-05,401,0.22095770802116022,43.07249616703484,17,0.0008368200836820083,20315,0.09602875000564381,0.0002953482648289441,0.999163179916318,0.0005414718188530642
irp,hybrid_best_bound_depth,300,1,node_limit,node_limit,12195.398792999998,12159.49283539698,0.002952915725110949,1.493339849645562e-05,401,0.2229859579820186,42.93409154197434,17,0.0008368200836820083,20315,0.09818262502085418,0.0002953482648289441,0.999163179916318,0.0005414718188530642
irp,hybrid_best_bound_depth,300,2,node_limit,node_limit,12195.398792999998,12159.49283539698,0.002952915725110949,1.493339849645562e-05,401,0.23349850001977757,43.91399533301592,17,0.0008368200836820083,20315,0.10693991702282801,0.0002953482648289441,0.999163179916318,0.0005414718188530642
irp,hybrid_best_bound_depth,60,0,node_limit,node_limit,12195.398792999998,12159.49283539698,0.002952915725110949,1.493339849645562e-05,401,0.22884941700613126,43.37284891697345,17,0.0008368200836820083,20315,0.10121200000867248,0.0002953482648289441,0.999163179916318,0.0005414718188530642
irp,hybrid_best_bound_depth,60,1,node_limit,node_limit,12195.398792999998,12159.49283539698,0.002952915725110949,1.493339849645562e-05,401,0.2205489170155488,42.92408941703616,17,0.0008368200836820083,20315,0.09718550002435222,0.0002953482648289441,0.999163179916318,0.0005414718188530642
irp,hybrid_best_bound_depth,60,2,node_limit,node_limit,12195.398792999998,12159.49283539698,0.002952915725110949,1.493339849645562e-05,401,0.23400075000245124,42.634612957946956,17,0.0008368200836820083,20315,0.10560687503311783,0.0002953482648289441,0.999163179916318,0.0005414718188530642
irp,hybrid_best_bound_depth,900,0,node_limit,node_limit,12195.398792999998,12159.49283539698,0.002952915725110949,1.493339849645562e-05,401,0.229051582980901,43.431270666013006,17,0.0008368200836820083,20315,0.10162258398486301,0.0002953482648289441,0.999163179916318,0.0005414718188530642
irp,hybrid_best_bound_depth,900,1,node_limit,node_limit,12195.398792999998,12159.49283539698,0.002952915725110949,1.493339849645562e-05,401,0.22216100001242012,43.229488333978225,17,0.0008368200836820083,20315,0.09525941702304408,0.0002953482648289441,0.999163179916318,0.0005414718188530642
irp,hybrid_best_bound_depth,900,2,node_limit,node_limit,12195.398792999998,12159.49283539698,0.002952915725110949,1.493339849645562e-05,401,0.22563449997687712,42.78754866600502,17,0.0008368200836820083,20315,0.10095629200804979,0.0002953482648289441,0.999163179916318,0.0005414718188530642
irp,learned_portfolio,10,0,time_limit,time_limit,12195.398792999998,12159.49283539698,0.002952915725110949,3.0524758256632024e-05,93,0.19516379199922085,10.000732249987777,17,0.0008368200836820083,20315,0.06974637502571568,0.0002953482648289441,0.999163179916318,0.0005414718188530642
irp,learned_portfolio,10,1,time_limit,time_limit,12309.415608,12159.49283539698,0.012329689620490152,0.00012930076054674212,89,0.1970231670420617,10.027960582985543,17,0.0008368200836820083,20315,0.07064483303111047,0.0002953482648289441,0.999163179916318,0.0005414718188530642
irp,learned_portfolio,10,2,time_limit,time_limit,12195.398792999998,12159.49283539698,0.002952915725110949,0.0013406045955666988,93,0.19848920800723135,10.048828915983904,17,0.0008368200836820083,20315,0.073408417054452,0.0002953482648289441,0.999163179916318,0.0005414718188530642
irp,learned_portfolio,300,0,node_limit,node_limit,12195.398792999998,12159.49283539698,0.002952915725110949,3.189858331395514e-05,401,0.19288237497676164,42.71162474999437,17,0.0008368200836820083,20315,0.06941649998771027,0.0002953482648289441,0.999163179916318,0.0005414718188530642
irp,learned_portfolio,300,1,node_limit,node_limit,12309.415608,12159.49283539698,0.012329689620490152,2.1665144403187704e-05,401,0.19792116701137275,44.29873616696568,17,0.0008368200836820083,20315,0.07314995798515156,0.0002953482648289441,0.999163179916318,0.0005414718188530642
irp,learned_portfolio,300,2,node_limit,node_limit,12161.933837,12159.49283539698,0.00020074863615312887,7.893591153870746e-07,401,0.19307099998695776,38.66663783299737,17,0.0008368200836820083,20315,0.0683272919850424,0.0002953482648289441,0.999163179916318,0.0005414718188530642
irp,learned_portfolio,60,0,node_limit,node_limit,12195.398792999998,12159.49283539698,0.002952915725110949,3.189858331395514e-05,401,0.19857908401172608,42.80829779198393,17,0.0008368200836820083,20315,0.07363837503362447,0.0002953482648289441,0.999163179916318,0.0005414718188530642
irp,learned_portfolio,60,1,node_limit,node_limit,12309.415608,12159.49283539698,0.012329689620490152,2.1665144403187704e-05,401,0.1950791660347022,44.44248587504262,17,0.0008368200836820083,20315,0.07000420900294557,0.0002953482648289441,0.999163179916318,0.0005414718188530642
irp,learned_portfolio,60,2,node_limit,node_limit,12161.933837,12159.49283539698,0.00020074863615312887,7.893591153870746e-07,401,0.1945662500220351,38.1865657090093,17,0.0008368200836820083,20315,0.07003666699165478,0.0002953482648289441,0.999163179916318,0.0005414718188530642
irp,learned_portfolio,900,0,node_limit,node_limit,12195.398792999998,12159.49283539698,0.002952915725110949,3.189858331395514e-05,401,0.19570758298505098,42.82070366595872,17,0.0008368200836820083,20315,0.06906137499026954,0.0002953482648289441,0.999163179916318,0.0005414718188530642
irp,learned_portfolio,900,1,node_limit,node_limit,12309.415608,12159.49283539698,0.012329689620490152,2.1665144403187704e-05,401,0.19483145797858015,44.43319191603223,17,0.0008368200836820083,20315,0.07027633301913738,0.0002953482648289441,0.999163179916318,0.0005414718188530642
irp,learned_portfolio,900,2,node_limit,node_limit,12161.933837,12159.49283539698,0.00020074863615312887,7.893591153870746e-07,401,0.1955642499960959,38.483564875030424,17,0.0008368200836820083,20315,0.07066987495636567,0.0002953482648289441,0.999163179916318,0.0005414718188530642
irp,learned_v2,10,0,time_limit,time_limit,12195.398792999998,12159.49283539698,0.002952915725110949,0.00011535963881771051,91,0.2034348329761997,10.089046916982625,17,0.0008368200836820083,20315,0.07341958303004503,0.0002953482648289441,0.999163179916318,0.0005414718188530642
irp,learned_v2,10,1,time_limit,time_limit,12195.398792999998,12159.49283539698,0.002952915725110949,0.00011535963881771051,91,0.20177287503611296,10.091194750042632,17,0.0008368200836820083,20315,0.07337345904670656,0.0002953482648289441,0.999163179916318,0.0005414718188530642
irp,learned_v2,10,2,time_limit,time_limit,12195.398792999998,12159.49283539698,0.002952915725110949,0.00011535963881771051,91,0.20011962502030656,10.092469625000376,17,0.0008368200836820083,20315,0.07203145901439711,0.0002953482648289441,0.999163179916318,0.0005414718188530642
irp,learned_v2,300,0,node_limit,node_limit,12195.398792999998,12159.49283539698,0.002952915725110949,1.493339849645562e-05,401,0.19953450001776218,42.731244166963734,17,0.0008368200836820083,20315,0.07320154196349904,0.0002953482648289441,0.999163179916318,0.0005414718188530642
irp,learned_v2,300,1,node_limit,node_limit,12195.398792999998,12159.49283539698,0.002952915725110949,1.493339849645562e-05,401,0.19243104197084904,42.83791216701502,17,0.0008368200836820083,20315,0.06726624997099862,0.0002953482648289441,0.999163179916318,0.0005414718188530642
irp,learned_v2,300,2,node_limit,node_limit,12195.398792999998,12159.49283539698,0.002952915725110949,1.493339849645562e-05,401,0.19874262501252815,42.777963916014414,17,0.0008368200836820083,20315,0.07187749998411164,0.0002953482648289441,0.999163179916318,0.0005414718188530642
irp,learned_v2,60,0,node_limit,node_limit,12195.398792999998,12159.49283539698,0.002952915725110949,1.493339849645562e-05,401,0.20102779200533405,42.66802070901031,17,0.0008368200836820083,20315,0.07402062497567385,0.0002953482648289441,0.999163179916318,0.0005414718188530642
irp,learned_v2,60,1,node_limit,node_limit,12195.398792999998,12159.49283539698,0.002952915725110949,1.493339849645562e-05,401,0.19490549998590723,43.27805124997394,17,0.0008368200836820083,20315,0.07028241700027138,0.0002953482648289441,0.999163179916318,0.0005414718188530642
irp,learned_v2,60,2,node_limit,node_limit,12195.398792999998,12159.49283539698,0.002952915725110949,1.493339849645562e-05,401,0.20292145799612626,43.07959949999349,17,0.0008368200836820083,20315,0.07446408300893381,0.0002953482648289441,0.999163179916318,0.0005414718188530642
irp,learned_v2,900,0,node_limit,node_limit,12195.398792999998,12159.49283539698,0.002952915725110949,1.493339849645562e-05,401,0.1990231249947101,43.172890792018734,17,0.0008368200836820083,20315,0.07214545895112678,0.0002953482648289441,0.999163179916318,0.0005414718188530642
irp,learned_v2,900,1,node_limit,node_limit,12195.398792999998,12159.49283539698,0.002952915725110949,1.493339849645562e-05,401,0.18342704098904505,43.579537499987055,17,0.0008368200836820083,20315,0.062582791026216,0.0002953482648289441,0.999163179916318,0.0005414718188530642
irp,learned_v2,900,2,node_limit,node_limit,12195.398792999998,12159.49283539698,0.002952915725110949,1.493339849645562e-05,401,0.18423012498533353,43.40297416597605,17,0.0008368200836820083,20315,0.06242304196348414,0.0002953482648289441,0.999163179916318,0.0005414718188530642
irp,random_uniform,10,0,time_limit,time_limit,12159.492835999998,12159.49283539698,4.959226698936632e-11,0.00010219259109925414,103,0.2337316669872962,10.003834916977212,17,0.0008368200836820083,20315,0.10343716602073982,0.0002953482648289441,0.999163179916318,0.0005414718188530642
irp,random_uniform,10,1,time_limit,time_limit,12161.14286,12159.49283539698,0.00013569847240797766,7.941728923955593e-06,99,0.2251353749888949,10.065347541996744,17,0.0008368200836820083,20315,0.09380320803029463,0.0002953482648289441,0.999163179916318,0.0005414718188530642
irp,random_uniform,10,2,time_limit,time_limit,12178.672919,12159.49283539698,0.001577375295389411,1.2668731179592092e-05,103,0.22375645895954221,10.045789750001859,17,0.0008368200836820083,20315,0.09818933298811316,0.0002953482648289441,0.999163179916318,0.0005414718188530642
irp,random_uniform,300,0,node_limit,node_limit,12159.492835999998,12159.49283539698,4.959226698936632e-11,6.153628352290786e-08,401,0.22814370901323855,40.00896695902338,17,0.0008368200836820083,20315,0.10321437497623265,0.0002953482648289441,0.999163179916318,0.0005414718188530642
irp,random_uniform,300,1,node_limit,node_limit,12161.14286,12159.49283539698,0.00013569847240797766,1.0758902099987567e-05,401,0.23394433298381045,40.42955391597934,17,0.0008368200836820083,20315,0.10383133398136124,0.0002953482648289441,0.999163179916318,0.0005414718188530642
irp,random_uniform,300,2,node_limit,node_limit,12160.982826,12159.49283539698,0.000122537232694543,4.345446478796424e-05,401,0.22704054199857637,40.5885077919811,17,0.0008368200836820083,20315,0.10107450000941753,0.0002953482648289441,0.999163179916318,0.0005414718188530642
irp,random_uniform,60,0,node_limit,node_limit,12159.492835999998,12159.49283539698,4.959226698936632e-11,6.153628352290786e-08,401,0.22629270801553503,40.26501766697038,17,0.0008368200836820083,20315,0.09775695798452944,0.0002953482648289441,0.999163179916318,0.0005414718188530642
irp,random_uniform,60,1,node_limit,node_limit,12161.14286,12159.49283539698,0.00013569847240797766,4.953481813166762e-07,401,0.2223380830255337,40.247773042006884,17,0.0008368200836820083,20315,0.09429116698447615,0.0002953482648289441,0.999163179916318,0.0005414718188530642
irp,random_uniform,60,2,node_limit,node_limit,12159.762856,12159.49283539698,2.22065678785977e-05,4.3111446373849214e-05,401,0.2281564999721013,39.573370666999836,17,0.0008368200836820083,20315,0.10128070798236877,0.0002953482648289441,0.999163179916318,0.0005414718188530642
irp,random_uniform,900,0,node_limit,node_limit,12159.492835999998,12159.49283539698,4.959226698936632e-11,6.153628352290786e-08,401,0.22625649999827147,40.54163912497461,17,0.0008368200836820083,20315,0.10098408401245251,0.0002953482648289441,0.999163179916318,0.0005414718188530642
irp,random_uniform,900,1,node_limit,node_limit,12161.14286,12159.49283539698,0.00013569847240797766,1.0758902099987567e-05,401,0.23752087500179186,40.828548624995165,17,0.0008368200836820083,20315,0.10894833301426843,0.0002953482648289441,0.999163179916318,0.0005414718188530642
irp,random_uniform,900,2,node_limit,node_limit,12159.762856,12159.49283539698,2.22065678785977e-05,4.3111446373849214e-05,401,0.23109470796771348,39.123506957956124,17,0.0008368200836820083,20315,0.10348220798186958,0.0002953482648289441,0.999163179916318,0.0005414718188530642
irp,safeguarded_hybrid,10,0,time_limit,time_limit,12178.672890000002,12159.49283539698,0.0015773729104216088,0.00018543824003387958,89,0.232487624976784,10.06789712497266,17,0.0008368200836820083,20315,0.10617600003024563,0.0002953482648289441,0.999163179916318,0.0005414718188530642
irp,safeguarded_hybrid,10,1,time_limit,time_limit,12309.415608,12159.49283539698,0.012329689620490152,0.00012930076054674212,89,0.23561329202493653,10.034705666999798,17,0.0008368200836820083,20315,0.10568816703744233,0.0002953482648289441,0.999163179916318,0.0005414718188530642
irp,safeguarded_hybrid,10,2,time_limit,time_limit,12195.398792999998,12159.49283539698,0.002952915725110949,4.173423998984704e-05,93,0.2319417919497937,10.07362583297072,17,0.0008368200836820083,20315,0.10482908401172608,0.0002953482648289441,0.999163179916318,0.0005414718188530642
irp,safeguarded_hybrid,300,0,node_limit,node_limit,12195.398792999998,12159.49283539698,0.002952915725110949,0.0005993702931792096,401,0.2273040420259349,42.68746391701279,17,0.0008368200836820083,20315,0.10090216703247279,0.0002953482648289441,0.999163179916318,0.0005414718188530642
irp,safeguarded_hybrid,300,1,node_limit,node_limit,12309.415608,12159.49283539698,0.012329689620490152,2.1665144403187704e-05,401,0.23427099996479228,45.74453808297403,17,0.0008368200836820083,20315,0.10550304205389693,0.0002953482648289441,0.999163179916318,0.0005414718188530642
irp,safeguarded_hybrid,300,2,node_limit,node_limit,12161.933837,12159.49283539698,0.00020074863615312887,2.2909082860594703e-06,401,0.22466204199008644,40.81526620796649,17,0.0008368200836820083,20315,0.09897191700292751,0.0002953482648289441,0.999163179916318,0.0005414718188530642
irp,safeguarded_hybrid,60,0,node_limit,node_limit,12160.982826,12159.49283539698,0.000122537232694543,0.0011543840823448736,401,0.22796508303144947,41.926026957982685,17,0.0008368200836820083,20315,0.1028070830507204,0.0002953482648289441,0.999163179916318,0.0005414718188530642
irp,safeguarded_hybrid,60,1,node_limit,node_limit,12309.415608,12159.49283539698,0.012329689620490152,2.1665144403187704e-05,401,0.21744608297012746,44.94990595796844,17,0.0008368200836820083,20315,0.09434583300026134,0.0002953482648289441,0.999163179916318,0.0005414718188530642
irp,safeguarded_hybrid,60,2,node_limit,node_limit,12161.773802999998,12159.49283539698,0.00018758739643954462,1.254633870061226e-05,401,0.22102258302038535,43.2123046250199,17,0.0008368200836820083,20315,0.09619212499819696,0.0002953482648289441,0.999163179916318,0.0005414718188530642
irp,safeguarded_hybrid,900,0,node_limit,node_limit,12195.398792999998,12159.49283539698,0.002952915725110949,3.189858331395514e-05,401,0.2237224580021575,43.920982374984305,17,0.0008368200836820083,20315,0.0982333340216428,0.0002953482648289441,0.999163179916318,0.0005414718188530642
irp,safeguarded_hybrid,900,1,node_limit,node_limit,12161.52149,12159.49283539698,0.00016683710665241214,0.0007052559588907049,401,0.23060866596642882,41.71474974998273,17,0.0008368200836820083,20315,0.10161283297929913,0.0002953482648289441,0.999163179916318,0.0005414718188530642
irp,safeguarded_hybrid,900,2,node_limit,node_limit,12161.773802999998,12159.49283539698,0.00018758739643954462,1.254633870061226e-05,401,0.2307469160296023,42.78846362500917,17,0.0008368200836820083,20315,0.10375487501733005,0.0002953482648289441,0.999163179916318,0.0005414718188530642
lectsched-5-obj,best_bound,10,0,time_limit,time_limit,,24.0,,,77,,10.0072049999726,16097,0.7382251777115341,21805,0.08322475000750273,0.2371715897799332,0.29192575622983774,0.5628126607134508
lectsched-5-obj,best_bound,10,1,time_limit,time_limit,,24.0,,,77,,10.062710875004996,16097,0.7382251777115341,21805,0.06740458298008889,0.2371715897799332,0.29192575622983774,0.5628126607134508
lectsched-5-obj,best_bound,10,2,time_limit,time_limit,,24.0,,,85,,10.012820959032979,16097,0.7382251777115341,21805,0.06392645800951868,0.2371715897799332,0.29192575622983774,0.5628126607134508
lectsched-5-obj,best_bound,300,0,node_limit,node_limit,,24.0,,,401,,45.39902620902285,16097,0.7382251777115341,21805,0.06813541700830683,0.2371715897799332,0.29192575622983774,0.5628126607134508
lectsched-5-obj,best_bound,300,1,node_limit,node_limit,,24.0,,,401,,40.85893462499371,16097,0.7382251777115341,21805,0.06081029196502641,0.2371715897799332,0.29192575622983774,0.5628126607134508
lectsched-5-obj,best_bound,300,2,node_limit,node_limit,,24.0,,,401,,46.385839667054825,16097,0.7382251777115341,21805,0.06766354199498892,0.2371715897799332,0.29192575622983774,0.5628126607134508
lectsched-5-obj,best_bound,60,0,node_limit,node_limit,,24.0,,,401,,45.83549150003819,16097,0.7382251777115341,21805,0.06157525000162423,0.2371715897799332,0.29192575622983774,0.5628126607134508
lectsched-5-obj,best_bound,60,1,node_limit,node_limit,,24.0,,,401,,41.52769270900171,16097,0.7382251777115341,21805,0.06319895898923278,0.2371715897799332,0.29192575622983774,0.5628126607134508
lectsched-5-obj,best_bound,60,2,node_limit,node_limit,,24.0,,,401,,46.8762735829805,16097,0.7382251777115341,21805,0.0642537500243634,0.2371715897799332,0.29192575622983774,0.5628126607134508
lectsched-5-obj,best_bound,900,0,node_limit,node_limit,,24.0,,,401,,46.39722508296836,16097,0.7382251777115341,21805,0.058926416968461126,0.2371715897799332,0.29192575622983774,0.5628126607134508
lectsched-5-obj,best_bound,900,1,node_limit,node_limit,,24.0,,,401,,41.67217445798451,16097,0.7382251777115341,21805,0.062402040988672525,0.2371715897799332,0.29192575622983774,0.5628126607134508
lectsched-5-obj,best_bound,900,2,node_limit,node_limit,,24.0,,,401,,46.54828537499998,16097,0.7382251777115341,21805,0.06379099999321625,0.2371715897799332,0.29192575622983774,0.5628126607134508
lectsched-5-obj,best_estimate,10,0,time_limit,time_limit,,24.0,,,77,,10.07460237503983,16097,0.7382251777115341,21805,0.07816470798570663,0.2371715897799332,0.29192575622983774,0.5628126607134508
lectsched-5-obj,best_estimate,10,1,time_limit,time_limit,,24.0,,,81,,10.0113850000198,16097,0.7382251777115341,21805,0.0699994579772465,0.2371715897799332,0.29192575622983774,0.5628126607134508
lectsched-5-obj,best_estimate,10,2,time_limit,time_limit,,24.0,,,81,,10.073713208024856,16097,0.7382251777115341,21805,0.0627052080235444,0.2371715897799332,0.29192575622983774,0.5628126607134508
lectsched-5-obj,best_estimate,300,0,node_limit,node_limit,,24.0,,,401,,60.349900874949526,16097,0.7382251777115341,21805,0.05932724999729544,0.2371715897799332,0.29192575622983774,0.5628126607134508
lectsched-5-obj,best_estimate,300,1,node_limit,node_limit,,24.0,,,401,,71.44548799999757,16097,0.7382251777115341,21805,0.06331204198068008,0.2371715897799332,0.29192575622983774,0.5628126607134508
lectsched-5-obj,best_estimate,300,2,node_limit,node_limit,,24.0,,,401,,65.78049604099942,16097,0.7382251777115341,21805,0.06483937503071502,0.2371715897799332,0.29192575622983774,0.5628126607134508
lectsched-5-obj,best_estimate,60,0,time_limit,time_limit,,24.0,,,399,,60.24504254205385,16097,0.7382251777115341,21805,0.06654916697880253,0.2371715897799332,0.29192575622983774,0.5628126607134508
lectsched-5-obj,best_estimate,60,1,time_limit,time_limit,,24.0,,,347,,60.25662408297649,16097,0.7382251777115341,21805,0.06307350000133738,0.2371715897799332,0.29192575622983774,0.5628126607134508
lectsched-5-obj,best_estimate,60,2,time_limit,time_limit,,24.0,,,373,,60.090364457981195,16097,0.7382251777115341,21805,0.0648299579625018,0.2371715897799332,0.29192575622983774,0.5628126607134508
lectsched-5-obj,best_estimate,900,0,node_limit,node_limit,,24.0,,,401,,60.452147124975454,16097,0.7382251777115341,21805,0.06726883299415931,0.2371715897799332,0.29192575622983774,0.5628126607134508
lectsched-5-obj,best_estimate,900,1,node_limit,node_limit,,24.0,,,401,,71.552244874998,16097,0.7382251777115341,21805,0.06119041598867625,0.2371715897799332,0.29192575622983774,0.5628126607134508
lectsched-5-obj,best_estimate,900,2,node_limit,node_limit,,24.0,,,401,,65.40815258299699,16097,0.7382251777115341,21805,0.06304300000192598,0.2371715897799332,0.29192575622983774,0.5628126607134508
lectsched-5-obj,boltzmann_adaptive,10,0,time_limit,time_limit,,24.0,,,79,,10.007964292017277,16097,0.7382251777115341,21805,0.07897308300016448,0.2371715897799332,0.29192575622983774,0.5628126607134508
lectsched-5-obj,boltzmann_adaptive,10,1,time_limit,time_limit,,24.0,,,87,,10.003923167008907,16097,0.7382251777115341,21805,0.06273645802866668,0.2371715897799332,0.29192575622983774,0.5628126607134508
lectsched-5-obj,boltzmann_adaptive,10,2,time_limit,time_limit,,24.0,,,87,,10.067140124971047,16097,0.7382251777115341,21805,0.06616674998076633,0.2371715897799332,0.29192575622983774,0.5628126607134508
lectsched-5-obj,boltzmann_adaptive,300,0,node_limit,node_limit,,24.0,,,401,,45.18420233303914,16097,0.7382251777115341,21805,0.06513108301442116,0.2371715897799332,0.29192575622983774,0.5628126607134508
lectsched-5-obj,boltzmann_adaptive,300,1,node_limit,node_limit,,24.0,,,401,,47.743053291982505,16097,0.7382251777115341,21805,0.05903999996371567,0.2371715897799332,0.29192575622983774,0.5628126607134508
lectsched-5-obj,boltzmann_adaptive,300,2,node_limit,node_limit,,24.0,,,401,,48.033342832990456,16097,0.7382251777115341,21805,0.06407558295177296,0.2371715897799332,0.29192575622983774,0.5628126607134508
lectsched-5-obj,boltzmann_adaptive,60,0,node_limit,node_limit,,24.0,,,401,,45.0432833750383,16097,0.7382251777115341,21805,0.06391025002812967,0.2371715897799332,0.29192575622983774,0.5628126607134508
lectsched-5-obj,boltzmann_adaptive,60,1,node_limit,node_limit,,24.0,,,401,,48.384906416002195,16097,0.7382251777115341,21805,0.0633437079959549,0.2371715897799332,0.29192575622983774,0.5628126607134508
lectsched-5-obj,boltzmann_adaptive,60,2,node_limit,node_limit,,24.0,,,401,,47.99632408400066,16097,0.7382251777115341,21805,0.05932000000029802,0.2371715897799332,0.29192575622983774,0.5628126607134508
lectsched-5-obj,boltzmann_adaptive,900,0,node_limit,node_limit,,24.0,,,401,,44.429575584013946,16097,0.7382251777115341,21805,0.06316320796031505,0.2371715897799332,0.29192575622983774,0.5628126607134508
lectsched-5-obj,boltzmann_adaptive,900,1,node_limit,node_limit,,24.0,,,401,,47.98599237500457,16097,0.7382251777115341,21805,0.06463170796632767,0.2371715897799332,0.29192575622983774,0.5628126607134508
lectsched-5-obj,boltzmann_adaptive,900,2,node_limit,node_limit,,24.0,,,401,,47.88735816598637,16097,0.7382251777115341,21805,0.06400391698116437,0.2371715897799332,0.29192575622983774,0.5628126607134508
lectsched-5-obj,depth_first,10,0,time_limit,time_limit,,24.0,,,77,,10.077554291987326,16097,0.7382251777115341,21805,0.07639608299359679,0.2371715897799332,0.29192575622983774,0.5628126607134508
lectsched-5-obj,depth_first,10,1,time_limit,time_limit,,24.0,,,81,,10.004437041992787,16097,0.7382251777115341,21805,0.07099691696930677,0.2371715897799332,0.29192575622983774,0.5628126607134508
lectsched-5-obj,depth_first,10,2,time_limit,time_limit,,24.0,,,85,,10.03183320799144,16097,0.7382251777115341,21805,0.06538683304097503,0.2371715897799332,0.29192575622983774,0.5628126607134508
lectsched-5-obj,depth_first,300,0,node_limit,node_limit,,24.0,,,401,,45.47183504200075,16097,0.7382251777115341,21805,0.061625582980923355,0.2371715897799332,0.29192575622983774,0.5628126607134508
lectsched-5-obj,depth_first,300,1,node_limit,node_limit,,24.0,,,401,,40.44509320898214,16097,0.7382251777115341,21805,0.06384366599377245,0.2371715897799332,0.29192575622983774,0.5628126607134508
lectsched-5-obj,depth_first,300,2,node_limit,node_limit,,24.0,,,401,,46.93830658402294,16097,0.7382251777115341,21805,0.06437416700646281,0.2371715897799332,0.29192575622983774,0.5628126607134508
lectsched-5-obj,depth_first,60,0,node_limit,node_limit,,24.0,,,401,,46.154686750029214,16097,0.7382251777115341,21805,0.06504729198059067,0.2371715897799332,0.29192575622983774,0.5628126607134508
lectsched-5-obj,depth_first,60,1,node_limit,node_limit,,24.0,,,401,,40.93690945900744,16097,0.7382251777115341,21805,0.05837199999950826,0.2371715897799332,0.29192575622983774,0.5628126607134508
lectsched-5-obj,depth_first,60,2,node_limit,node_limit,,24.0,,,401,,46.46341475000372,16097,0.7382251777115341,21805,0.06408045795978978,0.2371715897799332,0.29192575622983774,0.5628126607134508
lectsched-5-obj,depth_first,900,0,node_limit,node_limit,,24.0,,,401,,45.544926124974154,16097,0.7382251777115341,21805,0.065031792037189,0.2371715897799332,0.29192575622983774,0.5628126607134508
lectsched-5-obj,depth_first,900,1,node_limit,node_limit,,24.0,,,401,,40.79828412499046,16097,0.7382251777115341,21805,0.0645174160017632,0.2371715897799332,0.29192575622983774,0.5628126607134508
lectsched-5-obj,depth_first,900,2,node_limit,node_limit,,24.0,,,401,,46.43865516601363,16097,0.7382251777115341,21805,0.05780616600532085,0.2371715897799332,0.29192575622983774,0.5628126607134508
lectsched-5-obj,greedy_score,10,0,time_limit,time_limit,,24.0,,,81,,10.096638457966037,16097,0.7382251777115341,21805,0.0772809999762103,0.2371715897799332,0.29192575622983774,0.5628126607134508
lectsched-5-obj,greedy_score,10,1,time_limit,time_limit,,24.0,,,89,,10.066147250006907,16097,0.7382251777115341,21805,0.07183974998770282,0.2371715897799332,0.29192575622983774,0.5628126607134508
lectsched-5-obj,greedy_score,10,2,time_limit,time_limit,,24.0,,,79,,10.004994000017177,16097,0.7382251777115341,21805,0.060898333962541074,0.2371715897799332,0.29192575622983774,0.5628126607134508
lectsched-5-obj,greedy_score,300,0,node_limit,node_limit,,24.0,,,401,,47.749978707986884,16097,0.7382251777115341,21805,0.06472504197154194,0.2371715897799332,0.29192575622983774,0.5628126607134508
lectsched-5-obj,greedy_score,300,1,node_limit,node_limit,,24.0,,,401,,48.59293162502581,16097,0.7382251777115341,21805,0.058355792018119246,0.2371715897799332,0.29192575622983774,0.5628126607134508
lectsched-5-obj,greedy_score,300,2,node_limit,node_limit,,24.0,,,401,,47.66151429101592,16097,0.7382251777115341,21805,0.06281133298762143,0.2371715897799332,0.29192575622983774,0.5628126607134508
lectsched-5-obj,greedy_score,60,0,node_limit,node_limit,,24.0,,,401,,47.86709774995688,16097,0.7382251777115341,21805,0.06384162500035018,0.2371715897799332,0.29192575622983774,0.5628126607134508
lectsched-5-obj,greedy_score,60,1,node_limit,node_limit,,24.0,,,401,,48.99100674997317,16097,0.7382251777115341,21805,0.06443416699767113,0.2371715897799332,0.29192575622983774,0.5628126607134508
lectsched-5-obj,greedy_score,60,2,node_limit,node_limit,,24.0,,,401,,47.84041750000324,16097,0.7382251777115341,21805,0.0650467500090599,0.2371715897799332,0.29192575622983774,0.5628126607134508
lectsched-5-obj,greedy_score,900,0,node_limit,node_limit,,24.0,,,401,,47.52797345799627,16097,0.7382251777115341,21805,0.06668504199478775,0.2371715897799332,0.29192575622983774,0.5628126607134508
lectsched-5-obj,greedy_score,900,1,node_limit,node_limit,,24.0,,,401,,48.537058916990645,16097,0.7382251777115341,21805,0.0633918329840526,0.2371715897799332,0.29192575622983774,0.5628126607134508
lectsched-5-obj,greedy_score,900,2,node_limit,node_limit,,24.0,,,401,,47.7273243329837,16097,0.7382251777115341,21805,0.06629024998983368,0.2371715897799332,0.29192575622983774,0.5628126607134508
lectsched-5-obj,hybrid_best_bound_depth,10,0,time_limit,time_limit,,24.0,,,77,,10.004875707963947,16097,0.7382251777115341,21805,0.07384854200063273,0.2371715897799332,0.29192575622983774,0.5628126607134508
lectsched-5-obj,hybrid_best_bound_depth,10,1,time_limit,time_limit,,24.0,,,83,,10.061550249985885,16097,0.7382251777115341,21805,0.07493154099211097,0.2371715897799332,0.29192575622983774,0.5628126607134508
lectsched-5-obj,hybrid_best_bound_depth,10,2,time_limit,time_limit,,24.0,,,85,,10.031324541021604,16097,0.7382251777115341,21805,0.06541812501382083,0.2371715897799332,0.29192575622983774,0.5628126607134508
lectsched-5-obj,hybrid_best_bound_depth,300,0,node_limit,node_limit,,24.0,,,401,,45.9409770409693,16097,0.7382251777115341,21805,0.06714937504148111,0.2371715897799332,0.29192575622983774,0.5628126607134508
lectsched-5-obj,hybrid_best_bound_depth,300,1,node_limit,node_limit,,24.0,,,401,,45.879118042008486,16097,0.7382251777115341,21805,0.06589691695990041,0.2371715897799332,0.29192575622983774,0.5628126607134508
lectsched-5-obj,hybrid_best_bound_depth,300,2,node_limit,node_limit,,24.0,,,401,,47.04504416702548,16097,0.7382251777115341,21805,0.06470087496563792,0.2371715897799332,0.29192575622983774,0.5628126607134508
lectsched-5-obj,hybrid_best_bound_depth,60,0,node_limit,node_limit,,24.0,,,401,,46.35519041598309,16097,0.7382251777115341,21805,0.06582204200094566,0.2371715897799332,0.29192575622983774,0.5628126607134508
lectsched-5-obj,hybrid_best_bound_depth,60,1,node_limit,node_limit,,24.0,,,401,,46.20129262498813,16097,0.7382251777115341,21805,0.06378237501485273,0.2371715897799332,0.29192575622983774,0.5628126607134508
lectsched-5-obj,hybrid_best_bound_depth,60,2,node_limit,node_limit,,24.0,,,401,,46.92670675000409,16097,0.7382251777115341,21805,0.06367016700096428,0.2371715897799332,0.29192575622983774,0.5628126607134508
lectsched-5-obj,hybrid_best_bound_depth,900,0,node_limit,node_limit,,24.0,,,401,,46.034766750002746,16097,0.7382251777115341,21805,0.06285133300116286,0.2371715897799332,0.29192575622983774,0.5628126607134508
lectsched-5-obj,hybrid_best_bound_depth,900,1,node_limit,node_limit,,24.0,,,401,,45.914952417020686,16097,0.7382251777115341,21805,0.0640097499708645,0.2371715897799332,0.29192575622983774,0.5628126607134508
lectsched-5-obj,hybrid_best_bound_depth,900,2,node_limit,node_limit,,24.0,,,401,,46.24255170801189,16097,0.7382251777115341,21805,0.06506229197839275,0.2371715897799332,0.29192575622983774,0.5628126607134508
lectsched-5-obj,learned_portfolio,10,0,time_limit,time_limit,,24.0,,,75,,10.06564183399314,16097,0.7382251777115341,21805,0.07881954102776945,0.2371715897799332,0.29192575622983774,0.5628126607134508
lectsched-5-obj,learned_portfolio,10,1,time_limit,time_limit,,24.0,,,75,,10.077632249973249,16097,0.7382251777115341,21805,0.08213254099246114,0.2371715897799332,0.29192575622983774,0.5628126607134508
lectsched-5-obj,learned_portfolio,10,2,time_limit,time_limit,,24.0,,,77,,10.089757999987341,16097,0.7382251777115341,21805,0.07598850002977997,0.2371715897799332,0.29192575622983774,0.5628126607134508
lectsched-5-obj,learned_portfolio,300,0,node_limit,node_limit,,24.0,,,401,,66.5552468749811,16097,0.7382251777115341,21805,0.07233649998670444,0.2371715897799332,0.29192575622983774,0.5628126607134508
lectsched-5-obj,learned_portfolio,300,1,node_limit,node_limit,,24.0,,,401,,80.15514749998692,16097,0.7382251777115341,21805,0.07821941701695323,0.2371715897799332,0.29192575622983774,0.5628126607134508
lectsched-5-obj,learned_portfolio,300,2,node_limit,node_limit,,24.0,,,401,,73.78555520897498,16097,0.7382251777115341,21805,0.06185008300235495,0.2371715897799332,0.29192575622983774,0.5628126607134508
lectsched-5-obj,learned_portfolio,60,0,time_limit,time_limit,,24.0,,,331,,60.32614458404714,16097,0.7382251777115341,21805,0.06773308396805078,0.2371715897799332,0.29192575622983774,0.5628126607134508
lectsched-5-obj,learned_portfolio,60,1,time_limit,time_limit,,24.0,,,333,,60.079044250014704,16097,0.7382251777115341,21805,0.06968466599937528,0.2371715897799332,0.29192575622983774,0.5628126607134508
lectsched-5-obj,learned_portfolio,60,2,time_limit,time_limit,,24.0,,,331,,60.0716428339947,16097,0.7382251777115341,21805,0.06976720900274813,0.2371715897799332,0.29192575622983774,0.5628126607134508
lectsched-5-obj,learned_portfolio,900,0,node_limit,node_limit,,24.0,,,401,,67.03664033301175,16097,0.7382251777115341,21805,0.0725490830373019,0.2371715897799332,0.29192575622983774,0.5628126607134508
lectsched-5-obj,learned_portfolio,900,1,node_limit,node_limit,,24.0,,,401,,81.12115162494592,16097,0.7382251777115341,21805,0.07302158395759761,0.2371715897799332,0.29192575622983774,0.5628126607134508
lectsched-5-obj,learned_portfolio,900,2,node_limit,node_limit,,24.0,,,401,,73.21335683297366,16097,0.7382251777115341,21805,0.07294679101323709,0.2371715897799332,0.29192575622983774,0.5628126607134508
lectsched-5-obj,learned_v2,10,0,time_limit,time_limit,,24.0,,,73,,10.05304970801808,16097,0.7382251777115341,21805,0.08148329198593274,0.2371715897799332,0.29192575622983774,0.5628126607134508
lectsched-5-obj,learned_v2,10,1,time_limit,time_limit,,24.0,,,73,,10.081173458951525,16097,0.7382251777115341,21805,0.08236841601319611,0.2371715897799332,0.29192575622983774,0.5628126607134508
lectsched-5-obj,learned_v2,10,2,time_limit,time_limit,,24.0,,,73,,10.004504417011049,16097,0.7382251777115341,21805,0.06329812499461696,0.2371715897799332,0.29192575622983774,0.5628126607134508
lectsched-5-obj,learned_v2,300,0,node_limit,node_limit,,24.0,,,401,,79.0210299169994,16097,0.7382251777115341,21805,0.07744416600326076,0.2371715897799332,0.29192575622983774,0.5628126607134508
lectsched-5-obj,learned_v2,300,1,node_limit,node_limit,,24.0,,,401,,76.62535029201536,16097,0.7382251777115341,21805,0.07502766698598862,0.2371715897799332,0.29192575622983774,0.5628126607134508
lectsched-5-obj,learned_v2,300,2,node_limit,node_limit,,24.0,,,401,,77.16990316699957,16097,0.7382251777115341,21805,0.07821100001456216,0.2371715897799332,0.29192575622983774,0.5628126607134508
lectsched-5-obj,learned_v2,60,0,time_limit,time_limit,,24.0,,,331,,60.333382832992356,16097,0.7382251777115341,21805,0.07538379199104384,0.2371715897799332,0.29192575622983774,0.5628126607134508
lectsched-5-obj,learned_v2,60,1,time_limit,time_limit,,24.0,,,333,,60.13022704102332,16097,0.7382251777115341,21805,0.07395966700278223,0.2371715897799332,0.29192575622983774,0.5628126607134508
lectsched-5-obj,learned_v2,60,2,time_limit,time_limit,,24.0,,,329,,60.04345720796846,16097,0.7382251777115341,21805,0.07550712500233203,0.2371715897799332,0.29192575622983774,0.5628126607134508
lectsched-5-obj,learned_v2,900,0,node_limit,node_limit,,24.0,,,401,,79.01869666698622,16097,0.7382251777115341,21805,0.07556341699091718,0.2371715897799332,0.29192575622983774,0.5628126607134508
lectsched-5-obj,learned_v2,900,1,node_limit,node_limit,,24.0,,,401,,76.82933945802506,16097,0.7382251777115341,21805,0.07790333294542506,0.2371715897799332,0.29192575622983774,0.5628126607134508
lectsched-5-obj,learned_v2,900,2,node_limit,node_limit,,24.0,,,401,,77.00419000000693,16097,0.7382251777115341,21805,0.07496995804831386,0.2371715897799332,0.29192575622983774,0.5628126607134508
lectsched-5-obj,random_uniform,10,0,time_limit,time_limit,,24.0,,,83,,10.074532542028464,16097,0.7382251777115341,21805,0.0780805409885943,0.2371715897799332,0.29192575622983774,0.5628126607134508
lectsched-5-obj,random_uniform,10,1,time_limit,time_limit,,24.0,,,87,,10.072665416984819,16097,0.7382251777115341,21805,0.07329554099123925,0.2371715897799332,0.29192575622983774,0.5628126607134508
lectsched-5-obj,random_uniform,10,2,time_limit,time_limit,,24.0,,,87,,10.039134000020567,16097,0.7382251777115341,21805,0.06127820897381753,0.2371715897799332,0.29192575622983774,0.5628126607134508
lectsched-5-obj,random_uniform,300,0,node_limit,node_limit,,24.0,,,401,,47.14334858296206,16097,0.7382251777115341,21805,0.06379241601098329,0.2371715897799332,0.29192575622983774,0.5628126607134508
lectsched-5-obj,random_uniform,300,1,node_limit,node_limit,,24.0,,,401,,44.91004379198421,16097,0.7382251777115341,21805,0.06391695898491889,0.2371715897799332,0.29192575622983774,0.5628126607134508
lectsched-5-obj,random_uniform,300,2,node_limit,node_limit,,24.0,,,401,,47.52211999997962,16097,0.7382251777115341,21805,0.06391137500759214,0.2371715897799332,0.29192575622983774,0.5628126607134508
lectsched-5-obj,random_uniform,60,0,node_limit,node_limit,,24.0,,,401,,47.67508179199649,16097,0.7382251777115341,21805,0.06724462501006201,0.2371715897799332,0.29192575622983774,0.5628126607134508
lectsched-5-obj,random_uniform,60,1,node_limit,node_limit,,24.0,,,401,,44.2507862909697,16097,0.7382251777115341,21805,0.06388670799788088,0.2371715897799332,0.29192575622983774,0.5628126607134508
lectsched-5-obj,random_uniform,60,2,node_limit,node_limit,,24.0,,,401,,47.76958741701674,16097,0.7382251777115341,21805,0.06280691700521857,0.2371715897799332,0.29192575622983774,0.5628126607134508
lectsched-5-obj,random_uniform,900,0,node_limit,node_limit,,24.0,,,401,,47.41554045799421,16097,0.7382251777115341,21805,0.05942925001727417,0.2371715897799332,0.29192575622983774,0.5628126607134508
lectsched-5-obj,random_uniform,900,1,node_limit,node_limit,,24.0,,,401,,44.99303791701095,16097,0.7382251777115341,21805,0.058653708023484796,0.2371715897799332,0.29192575622983774,0.5628126607134508
lectsched-5-obj,random_uniform,900,2,node_limit,node_limit,,24.0,,,401,,47.68811520800227,16097,0.7382251777115341,21805,0.06414633296662942,0.2371715897799332,0.29192575622983774,0.5628126607134508
lectsched-5-obj,safeguarded_hybrid,10,0,time_limit,time_limit,,24.0,,,73,,10.014060790999793,16097,0.7382251777115341,21805,0.07861245900858194,0.2371715897799332,0.29192575622983774,0.5628126607134508
lectsched-5-obj,safeguarded_hybrid,10,1,time_limit,time_limit,,24.0,,,81,,10.006105125008617,16097,0.7382251777115341,21805,0.06059737497707829,0.2371715897799332,0.29192575622983774,0.5628126607134508
lectsched-5-obj,safeguarded_hybrid,10,2,time_limit,time_limit,,24.0,,,81,,10.009550416027196,16097,0.7382251777115341,21805,0.06545429199468344,0.2371715897799332,0.29192575622983774,0.5628126607134508
lectsched-5-obj,safeguarded_hybrid,300,0,node_limit,node_limit,,24.0,,,401,,69.29890083399368,16097,0.7382251777115341,21805,0.06287616700865328,0.2371715897799332,0.29192575622983774,0.5628126607134508
lectsched-5-obj,safeguarded_hybrid,300,1,node_limit,node_limit,,24.0,,,401,,67.52476875000866,16097,0.7382251777115341,21805,0.058811499970033765,0.2371715897799332,0.29192575622983774,0.5628126607134508
lectsched-5-obj,safeguarded_hybrid,300,2,node_limit,node_limit,,24.0,,,401,,67.54679304198362,16097,0.7382251777115341,21805,0.05957387498347089,0.2371715897799332,0.29192575622983774,0.5628126607134508
lectsched-5-obj,safeguarded_hybrid,60,0,time_limit,time_limit,,24.0,,,359,,60.207303333038,16097,0.7382251777115341,21805,0.06413316598627716,0.2371715897799332,0.29192575622983774,0.5628126607134508
lectsched-5-obj,safeguarded_hybrid,60,1,time_limit,time_limit,,24.0,,,363,,60.001997208979446,16097,0.7382251777115341,21805,0.0632174169877544,0.2371715897799332,0.29192575622983774,0.5628126607134508
lectsched-5-obj,safeguarded_hybrid,60,2,time_limit,time_limit,,24.0,,,367,,60.20043045800412,16097,0.7382251777115341,21805,0.06132633303059265,0.2371715897799332,0.29192575622983774,0.5628126607134508
lectsched-5-obj,safeguarded_hybrid,900,0,node_limit,node_limit,,24.0,,,401,,70.29880962497555,16097,0.7382251777115341,21805,0.06327900005271658,0.2371715897799332,0.29192575622983774,0.5628126607134508
lectsched-5-obj,safeguarded_hybrid,900,1,node_limit,node_limit,,24.0,,,401,,67.73255804198561,16097,0.7382251777115341,21805,0.06498262495733798,0.2371715897799332,0.29192575622983774,0.5628126607134508
lectsched-5-obj,safeguarded_hybrid,900,2,node_limit,node_limit,,24.0,,,401,,67.39435866603162,16097,0.7382251777115341,21805,0.06437129195546731,0.2371715897799332,0.29192575622983774,0.5628126607134508
mcsched,best_bound,10,0,time_limit,time_limit,220765.0,211913.0,0.04177185920637243,0.02037007677848368,213,0.16677254100795835,10.006714041053783,1397,0.8005730659025788,1745,0.08108429203275591,0.19496942997133387,0.2605430387059503,0.42114384748700173
mcsched,best_bound,10,1,time_limit,time_limit,220765.0,211913.0,0.04177185920637243,0.012109029963988856,215,0.16643120802473277,10.002459750045091,1397,0.8005730659025788,1745,0.08041083300486207,0.19496942997133387,0.2605430387059503,0.42114384748700173
mcsched,best_bound,10,2,time_limit,time_limit,220765.0,211913.0,0.04177185920637243,0.0025535174177388595,217,0.1654246249818243,10.003180957981385,1397,0.8005730659025788,1745,0.08040808397345245,0.19496942997133387,0.2605430387059503,0.42114384748700173
mcsched,best_bound,300,0,node_limit,node_limit,220765.0,211913.0,0.04177185920637243,0.0030273518598209503,401,0.1655541660147719,16.23175379098393,1397,0.8005730659025788,1745,0.08053791604470462,0.19496942997133387,0.2605430387059503,0.42114384748700173
mcsched,best_bound,300,1,node_limit,node_limit,220765.0,211913.0,0.04177185920637243,0.0030273518598209503,401,0.16379554203012958,16.36818933300674,1397,0.8005730659025788,1745,0.07812604104401544,0.19496942997133387,0.2605430387059503,0.42114384748700173
mcsched,best_bound,300,2,node_limit,node_limit,220765.0,211913.0,0.04177185920637243,0.0030273518598209503,401,0.1658245410071686,15.918264750041999,1397,0.8005730659025788,1745,0.07998012501047924,0.19496942997133387,0.2605430387059503,0.42114384748700173
mcsched,best_bound,60,0,node_limit,node_limit,220765.0,211913.0,0.04177185920637243,0.0030273518598209503,401,0.16704220901010558,16.432162042008713,1397,0.8005730659025788,1745,0.0813308340148069,0.19496942997133387,0.2605430387059503,0.42114384748700173
mcsched,best_bound,60,1,node_limit,node_limit,220765.0,211913.0,0.04177185920637243,0.0030273518598209503,401,0.16682833398226649,16.313221124990378,1397,0.8005730659025788,1745,0.08082908397773281,0.19496942997133387,0.2605430387059503,0.42114384748700173
mcsched,best_bound,60,2,node_limit,node_limit,220765.0,211913.0,0.04177185920637243,0.0030273518598209503,401,0.16620375000638887,16.389063249982428,1397,0.8005730659025788,1745,0.08041387499542907,0.19496942997133387,0.2605430387059503,0.42114384748700173
mcsched,best_bound,900,0,node_limit,node_limit,220765.0,211913.0,0.04177185920637243,0.0030273518598209503,401,0.164916583977174,16.10907041700557,1397,0.8005730659025788,1745,0.07986662501934916,0.19496942997133387,0.2605430387059503,0.42114384748700173
mcsched,best_bound,900,1,node_limit,node_limit,220765.0,211913.0,0.04177185920637243,0.0030273518598209503,401,0.16526845801854506,16.122308458026964,1397,0.8005730659025788,1745,0.08006570802535862,0.19496942997133387,0.2605430387059503,0.42114384748700173
mcsched,best_bound,900,2,node_limit,node_limit,220765.0,211913.0,0.04177185920637243,0.0030273518598209503,401,0.16514479101169854,16.40386566601228,1397,0.8005730659025788,1745,0.07943354197777808,0.19496942997133387,0.2605430387059503,0.42114384748700173
mcsched,best_estimate,10,0,time_limit,time_limit,220765.0,211913.0,0.04177185920637243,0.014424557787692796,201,0.16526249999878928,10.00254345900612,1397,0.8005730659025788,1745,0.0785511250142008,0.19496942997133387,0.2605430387059503,0.42114384748700173
mcsched,best_estimate,10,1,time_limit,time_limit,220765.0,211913.0,0.04177185920637243,0.02037007677848368,203,0.1664069159887731,10.011131000006571,1397,0.8005730659025788,1745,0.08038358396152034,0.19496942997133387,0.2605430387059503,0.42114384748700173
mcsched,best_estimate,10,2,time_limit,time_limit,220765.0,211913.0,0.04177185920637243,0.02037007677848368,207,0.16701179195661098,10.010587457974907,1397,0.8005730659025788,1745,0.08035470801405609,0.19496942997133387,0.2605430387059503,0.42114384748700173
mcsched,best_estimate,300,0,node_limit,node_limit,220765.0,211913.0,0.04177185920637243,0.0030273518598209503,401,0.16625412501161918,17.210830083000474,1397,0.8005730659025788,1745,0.08000899996841326,0.19496942997133387,0.2605430387059503,0.42114384748700173
mcsched,best_estimate,300,1,node_limit,node_limit,220765.0,211913.0,0.04177185920637243,0.0030273518598209503,401,0.16640687495237216,16.94980929099256,1397,0.8005730659025788,1745,0.08008283295203,0.19496942997133387,0.2605430387059503,0.42114384748700173
mcsched,best_estimate,300,2,node_limit,node_limit,220765.0,211913.0,0.04177185920637243,0.0030273518598209503,401,0.16561741702025756,17.332569209043868,1397,0.8005730659025788,1745,0.07982654200168326,0.19496942997133387,0.2605430387059503,0.42114384748700173
mcsched,best_estimate,60,0,node_limit,node_limit,220765.0,211913.0,0.04177185920637243,0.0030273518598209503,401,0.16584012500243261,17.286062166967895,1397,0.8005730659025788,1745,0.07999020803254098,0.19496942997133387,0.2605430387059503,0.42114384748700173
mcsched,best_estimate,60,1,node_limit,node_limit,220765.0,211913.0,0.04177185920637243,0.0030273518598209503,401,0.1668785420479253,17.35724854201544,1397,0.8005730659025788,1745,0.08086695801466703,0.19496942997133387,0.2605430387059503,0.42114384748700173
mcsched,best_estimate,60,2,node_limit,node_limit,220765.0,211913.0,0.04177185920637243,0.0030273518598209503,401,0.16567583300638944,17.337626249995083,1397,0.8005730659025788,1745,0.07995379198109731,0.19496942997133387,0.2605430387059503,0.42114384748700173
mcsched,best_estimate,900,0,node_limit,node_limit,220765.0,211913.0,0.04177185920637243,0.0030273518598209503,401,0.16578999999910593,17.299327999993693,1397,0.8005730659025788,1745,0.07995795900933444,0.19496942997133387,0.2605430387059503,0.42114384748700173
mcsched,best_estimate,900,1,node_limit,node_limit,220765.0,211913.0,0.04177185920637243,0.0030273518598209503,401,0.16618879098678008,17.523779708018992,1397,0.8005730659025788,1745,0.0797232500044629,0.19496942997133387,0.2605430387059503,0.42114384748700173
mcsched,best_estimate,900,2,node_limit,node_limit,220765.0,211913.0,0.04177185920637243,0.0030273518598209503,401,0.1669510419596918,17.649292124959175,1397,0.8005730659025788,1745,0.08030687499558553,0.19496942997133387,0.2605430387059503,0.42114384748700173
mcsched,boltzmann_adaptive,10,0,time_limit,time_limit,222828.0,211913.0,0.051506986357609016,0.028594748085142382,125,0.1628394169965759,10.010510125022847,1397,0.8005730659025788,1745,0.07710712496191263,0.19496942997133387,0.2605430387059503,0.42114384748700173
mcsched,boltzmann_adaptive,10,1,time_limit,time_limit,221876.0,211913.0,0.04701457673667968,0.044022461995799164,123,0.1659158340189606,10.009887125052046,1397,0.8005730659025788,1745,0.08030383300501853,0.19496942997133387,0.2605430387059503,0.42114384748700173
mcsched,boltzmann_adaptive,10,2,time_limit,time_limit,229901.0,211913.0,0.08488389103075318,0.08877879319069201,109,0.16556808300083503,10.002765082987025,1397,0.8005730659025788,1745,0.0803759999689646,0.19496942997133387,0.2605430387059503,0.42114384748700173
mcsched,boltzmann_adaptive,300,0,node_limit,node_limit,220737.0,211913.0,0.04163972951163921,0.0041746512818421925,401,0.16669429099420086,19.686294125043787,1397,0.8005730659025788,1745,0.07995324995135888,0.19496942997133387,0.2605430387059503,0.42114384748700173
mcsched,boltzmann_adaptive,300,1,node_limit,node_limit,218807.0,211913.0,0.032532218410385394,0.006821079764358544,401,0.16745470801834017,23.105116499995347,1397,0.8005730659025788,1745,0.08125175000168383,0.19496942997133387,0.2605430387059503,0.42114384748700173
mcsched,boltzmann_adaptive,300,2,node_limit,node_limit,217901.0,211913.0,0.028256879002232047,0.002691589299727858,401,0.16619462496601045,23.26391599996714,1397,0.8005730659025788,1745,0.07995166699402034,0.19496942997133387,0.2605430387059503,0.42114384748700173
mcsched,boltzmann_adaptive,60,1,node_limit,node_limit,218807.0,211913.0,0.032532218410385394,0.006821079764358544,401,0.16639470803784207,23.161961625039112,1397,0.8005730659025788,1745,0.08107066695811227,0.19496942997133387,0.2605430387059503,0.42114384748700173
mcsched,boltzmann_adaptive,60,2,node_limit,node_limit,217901.0,211913.0,0.028256879002232047,0.000376317685554449,401,0.16486437496496364,23.176672874949872,1397,0.8005730659025788,1745,0.07981837500119582,0.19496942997133387,0.2605430387059503,0.42114384748700173
mcsched,boltzmann_adaptive,900,1,node_limit,node_limit,218807.0,211913.0,0.032532218410385394,0.006821079764358544,401,0.166757500031963,23.149834292009473,1397,0.8005730659025788,1745,0.08123758400324732,0.19496942997133387,0.2605430387059503,0.42114384748700173
mcsched,boltzmann_adaptive,900,2,node_limit,node_limit,217901.0,211913.0,0.028256879002232047,0.000376317685554449,401,0.16513258300255984,23.889253750036005,1397,0.8005730659025788,1745,0.07992725004442036,0.19496942997133387,0.2605430387059503,0.42114384748700173
mcsched,depth_first,10,0,time_limit,time_limit,220765.0,211913.0,0.04177185920637243,0.02037007677848368,213,0.16670850000809878,10.010332709003706,1397,0.8005730659025788,1745,0.08086120802909136,0.19496942997133387,0.2605430387059503,0.42114384748700173
mcsched,depth_first,10,1,time_limit,time_limit,220765.0,211913.0,0.04177185920637243,0.012109029963988856,215,0.16539170901523903,10.003281624987721,1397,0.8005730659025788,1745,0.08052270801272243,0.19496942997133387,0.2605430387059503,0.42114384748700173
mcsched,depth_first,10,2,time_limit,time_limit,220765.0,211913.0,0.04177185920637243,0.012109029963988856,217,0.16499179095262662,10.00281116599217,1397,0.8005730659025788,1745,0.08031345898052678,0.19496942997133387,0.2605430387059503,0.42114384748700173
mcsched,depth_first,300,0,node_limit,node_limit,220765.0,211913.0,0.04177185920637243,0.0030273518598209503,401,0.16278050001710653,16.129102832986973,1397,0.8005730659025788,1745,0.07715137500781566,0.19496942997133387,0.2605430387059503,0.42114384748700173
mcsched,depth_first,300,1,node_limit,node_limit,220765.0,211913.0,0.04177185920637243,0.0030273518598209503,401,0.16602454095846042,15.954198874998838,1397,0.8005730659025788,1745,0.08010154200019315,0.19496942997133387,0.2605430387059503,0.42114384748700173
mcsched,depth_first,300,2,node_limit,node_limit,220765.0,211913.0,0.04177185920637243,0.0030273518598209503,401,0.16517150000436231,16.103878916997928,1397,0.8005730659025788,1745,0.07998866698471829,0.19496942997133387,0.2605430387059503,0.42114384748700173
mcsched,depth_first,60,0,node_limit,node_limit,220765.0,211913.0,0.04177185920637243,0.0030273518598209503,401,0.1654415840166621,16.089604959008284,1397,0.8005730659025788,1745,0.07952933298656717,0.19496942997133387,0.2605430387059503,0.42114384748700173
mcsched,depth_first,60,1,node_limit,node_limit,220765.0,211913.0,0.04177185920637243,0.0030273518598209503,401,0.16513945802580565,16.193235000013374,1397,0.8005730659025788,1745,0.08039479097351432,0.19496942997133387,0.2605430387059503,0.42114384748700173
mcsched,depth_first,60,2,node_limit,node_limit,220765.0,211913.0,0.04177185920637243,0.0030273518598209503,401,0.16288437496405095,16.233225042000413,1397,0.8005730659025788,1745,0.07716187502956018,0.19496942997133387,0.2605430387059503,0.42114384748700173
mcsched,depth_first,900,0,node_limit,node_limit,220765.0,211913.0,0.04177185920637243,0.0030273518598209503,401,0.16701287496834993,16.072994541958906,1397,0.8005730659025788,1745,0.08019966701976955,0.19496942997133387,0.2605430387059503,0.42114384748700173
mcsched,depth_first,900,1,node_limit,node_limit,220765.0,211913.0,0.04177185920637243,0.0030273518598209503,401,0.1651924590114504,16.325293333968148,1397,0.8005730659025788,1745,0.07998575002420694,0.19496942997133387,0.2605430387059503,0.42114384748700173
mcsched,depth_first,900,2,node_limit,node_limit,220765.0,211913.0,0.04177185920637243,0.0030273518598209503,401,0.16578533401479945,16.14939758402761,1397,0.8005730659025788,1745,0.07968479098053649,0.19496942997133387,0.2605430387059503,0.42114384748700173
mcsched,greedy_score,10,0,time_limit,time_limit,220765.0,211913.0,0.04177185920637243,0.02037007677848368,215,0.1651725000119768,10.01071383303497,1397,0.8005730659025788,1745,0.07979958300711587,0.19496942997133387,0.2605430387059503,0.42114384748700173
mcsched,greedy_score,10,1,time_limit,time_limit,220765.0,211913.0,0.04177185920637243,0.02037007677848368,215,0.16525437496602535,10.009510500007309,1397,0.8005730659025788,1745,0.07969587499974295,0.19496942997133387,0.2605430387059503,0.42114384748700173
mcsched,greedy_score,10,2,time_limit,time_limit,220765.0,211913.0,0.04177185920637243,0.02037007677848368,215,0.1632419999805279,10.009322875004727,1397,0.8005730659025788,1745,0.07712662499397993,0.19496942997133387,0.2605430387059503,0.42114384748700173
mcsched,greedy_score,300,0,node_limit,node_limit,220765.0,211913.0,0.04177185920637243,0.0011115195587425022,401,0.16562804201385006,16.386688124970533,1397,0.8005730659025788,1745,0.07940970797790214,0.19496942997133387,0.2605430387059503,0.42114384748700173
mcsched,greedy_score,300,1,node_limit,node_limit,220765.0,211913.0,0.04177185920637243,0.0011115195587425022,401,0.1657565829809755,16.511614041985013,1397,0.8005730659025788,1745,0.08004508301382884,0.19496942997133387,0.2605430387059503,0.42114384748700173
mcsched,greedy_score,300,2,node_limit,node_limit,220765.0,211913.0,0.04177185920637243,0.0011115195587425022,401,0.16721129196230322,16.41894320899155,1397,0.8005730659025788,1745,0.08134808298200369,0.19496942997133387,0.2605430387059503,0.42114384748700173
mcsched,greedy_score,60,0,node_limit,node_limit,220765.0,211913.0,0.04177185920637243,0.0011115195587425022,401,0.1659135419758968,16.425364124996122,1397,0.8005730659025788,1745,0.07988133397884667,0.19496942997133387,0.2605430387059503,0.42114384748700173
mcsched,greedy_score,60,1,node_limit,node_limit,220765.0,211913.0,0.04177185920637243,0.0011115195587425022,401,0.16558504197746515,16.296778916963376,1397,0.8005730659025788,1745,0.08034120802767575,0.19496942997133387,0.2605430387059503,0.42114384748700173
mcsched,greedy_score,60,2,node_limit,node_limit,220765.0,211913.0,0.04177185920637243,0.0011115195587425022,401,0.16810554097173735,16.587264208006673,1397,0.8005730659025788,1745,0.08199462504126132,0.19496942997133387,0.2605430387059503,0.42114384748700173
mcsched,greedy_score,900,0,node_limit,node_limit,220765.0,211913.0,0.04177185920637243,0.0011115195587425022,401,0.16495104099158198,16.28224400000181,1397,0.8005730659025788,1745,0.07980104099260643,0.19496942997133387,0.2605430387059503,0.42114384748700173
mcsched,greedy_score,900,1,node_limit,node_limit,220765.0,211913.0,0.04177185920637243,0.0011115195587425022,401,0.16579549998277798,16.304252124973573,1397,0.8005730659025788,1745,0.08070566598325968,0.19496942997133387,0.2605430387059503,0.42114384748700173
mcsched,greedy_score,900,2,node_limit,node_limit,220765.0,211913.0,0.04177185920637243,0.0011115195587425022,401,0.1665159580297768,16.395301625016145,1397,0.8005730659025788,1745,0.08068266598274931,0.19496942997133387,0.2605430387059503,0.42114384748700173
mcsched,hybrid_best_bound_depth,10,0,time_limit,time_limit,220765.0,211913.0,0.04177185920637243,0.02037007677848368,223,0.16397875000257045,10.010250916995574,1397,0.8005730659025788,1745,0.07723545900080353,0.19496942997133387,0.2605430387059503,0.42114384748700173
mcsched,hybrid_best_bound_depth,10,1,time_limit,time_limit,220765.0,211913.0,0.04177185920637243,0.02037007677848368,227,0.16563574998872355,10.002660208963789,1397,0.8005730659025788,1745,0.0795672910171561,0.19496942997133387,0.2605430387059503,0.42114384748700173
mcsched,hybrid_best_bound_depth,10,2,time_limit,time_limit,220765.0,211913.0,0.04177185920637243,0.02037007677848368,223,0.16599708294961601,10.000768707948737,1397,0.8005730659025788,1745,0.0799586659995839,0.19496942997133387,0.2605430387059503,0.42114384748700173
mcsched,hybrid_best_bound_depth,300,0,node_limit,node_limit,220765.0,211913.0,0.04177185920637243,0.0030273518598209503,401,0.16530787502415478,16.23462283302797,1397,0.8005730659025788,1745,0.07993004197487608,0.19496942997133387,0.2605430387059503,0.42114384748700173
mcsched,hybrid_best_bound_depth,300,1,node_limit,node_limit,220765.0,211913.0,0.04177185920637243,0.0030273518598209503,401,0.16471649997401983,15.925129457958974,1397,0.8005730659025788,1745,0.07920095801819116,0.19496942997133387,0.2605430387059503,0.42114384748700173
mcsched,hybrid_best_bound_depth,300,2,node_limit,node_limit,220765.0,211913.0,0.04177185920637243,0.0030273518598209503,401,0.16505458403844386,16.097353084012866,1397,0.8005730659025788,1745,0.08041020901873708,0.19496942997133387,0.2605430387059503,0.42114384748700173
mcsched,hybrid_best_bound_depth,60,0,node_limit,node_limit,220765.0,211913.0,0.04177185920637243,0.0030273518598209503,401,0.16274437500396743,16.114415874995757,1397,0.8005730659025788,1745,0.07709441601764411,0.19496942997133387,0.2605430387059503,0.42114384748700173
mcsched,hybrid_best_bound_depth,60,1,node_limit,node_limit,220765.0,211913.0,0.04177185920637243,0.0030273518598209503,401,0.16492099995957687,16.26594212499913,1397,0.8005730659025788,1745,0.07908391702221707,0.19496942997133387,0.2605430387059503,0.42114384748700173
mcsched,hybrid_best_bound_depth,60,2,node_limit,node_limit,220765.0,211913.0,0.04177185920637243,0.0030273518598209503,401,0.166065042023547,16.197371374990325,1397,0.8005730659025788,1745,0.08010883297538385,0.19496942997133387,0.2605430387059503,0.42114384748700173
mcsched,hybrid_best_bound_depth,900,0,node_limit,node_limit,220765.0,211913.0,0.04177185920637243,0.0030273518598209503,401,0.1647752079879865,16.22867166699143,1397,0.8005730659025788,1745,0.07852174999425188,0.19496942997133387,0.2605430387059503,0.42114384748700173
mcsched,hybrid_best_bound_depth,900,1,node_limit,node_limit,220765.0,211913.0,0.04177185920637243,0.0030273518598209503,401,0.165518083027564,16.209337415988557,1397,0.8005730659025788,1745,0.08023116603726521,0.19496942997133387,0.2605430387059503,0.42114384748700173
mcsched,hybrid_best_bound_depth,900,2,node_limit,node_limit,220765.0,211913.0,0.04177185920637243,0.0030273518598209503,401,0.16670858301222324,16.20964479201939,1397,0.8005730659025788,1745,0.08004887501010671,0.19496942997133387,0.2605430387059503,0.42114384748700173
mcsched,learned_portfolio,10,0,time_limit,time_limit,220758.0,211913.0,0.04173882678268912,0.025317542286126378,107,0.1734301659744233,10.011464332987089,1397,0.8005730659025788,1745,0.08576079201884568,0.19496942997133387,0.2605430387059503,0.42114384748700173
mcsched,learned_portfolio,10,1,time_limit,time_limit,216842.0,211913.0,0.023259545190715058,0.010382025895625306,127,0.16953604097943753,10.012847165984567,1397,0.8005730659025788,1745,0.08217291702749208,0.19496942997133387,0.2605430387059503,0.42114384748700173
mcsched,learned_portfolio,10,2,time_limit,time_limit,213887.0,211913.0,0.009315143478691727,0.005542178814052493,125,0.1700942909810692,10.002095250005368,1397,0.8005730659025788,1745,0.08297791698714718,0.19496942997133387,0.2605430387059503,0.42114384748700173
mcsched,learned_portfolio,300,0,node_limit,node_limit,220765.0,211913.0,0.04177185920637243,0.0029665783374473744,401,0.16821954201441258,18.9755060839816,1397,0.8005730659025788,1745,0.08142741699703038,0.19496942997133387,0.2605430387059503,0.42114384748700173
mcsched,learned_portfolio,300,1,node_limit,node_limit,220765.0,211913.0,0.04177185920637243,0.0029665783374473744,401,0.17026958300266415,19.512746250024065,1397,0.8005730659025788,1745,0.08266941603505984,0.19496942997133387,0.2605430387059503,0.42114384748700173
mcsched,learned_portfolio,300,2,node_limit,node_limit,220765.0,211913.0,0.04177185920637243,0.0029665783374473744,401,0.16851000004680827,19.102592167037074,1397,0.8005730659025788,1745,0.08167920901905745,0.19496942997133387,0.2605430387059503,0.42114384748700173
mcsched,learned_portfolio,60,0,node_limit,node_limit,219737.0,211913.0,0.03692081184259578,0.0005734127616201023,401,0.1711145419976674,27.66118237498449,1397,0.8005730659025788,1745,0.08398933301214129,0.19496942997133387,0.2605430387059503,0.42114384748700173
mcsched,learned_portfolio,60,1,node_limit,node_limit,215834.0,211913.0,0.018502876180319282,0.001382235112787611,401,0.1763691660016775,25.254118708020542,1397,0.8005730659025788,1745,0.08337999996729195,0.19496942997133387,0.2605430387059503,0.42114384748700173
mcsched,learned_portfolio,60,2,node_limit,node_limit,213887.0,211913.0,0.009315143478691727,0.004010128178501559,401,0.16965912503656,26.813715750002302,1397,0.8005730659025788,1745,0.08260004199109972,0.19496942997133387,0.2605430387059503,0.42114384748700173
mcsched,learned_portfolio,900,0,node_limit,node_limit,220765.0,211913.0,0.04177185920637243,0.0029665783374473744,401,0.17014008294790983,19.687385999946855,1397,0.8005730659025788,1745,0.08293533301912248,0.19496942997133387,0.2605430387059503,0.42114384748700173
mcsched,learned_portfolio,900,1,node_limit,node_limit,220765.0,211913.0,0.04177185920637243,0.0029665783374473744,401,0.16842149995500222,19.259500749991275,1397,0.8005730659025788,1745,0.08252150000771508,0.19496942997133387,0.2605430387059503,0.42114384748700173
mcsched,learned_portfolio,900,2,node_limit,node_limit,220765.0,211913.0,0.04177185920637243,0.0030273518598209503,401,0.17173666699090973,20.16048849996878,1397,0.8005730659025788,1745,0.0844175000092946,0.19496942997133387,0.2605430387059503,0.42114384748700173
mcsched,learned_v2,10,0,time_limit,time_limit,220758.0,211913.0,0.04173882678268912,0.026186291474528067,105,0.17069745797198266,10.001593333028723,1397,0.8005730659025788,1745,0.08358795801177621,0.19496942997133387,0.2605430387059503,0.42114384748700173
mcsched,learned_v2,10,1,time_limit,time_limit,216842.0,211913.0,0.023259545190715058,0.010382025895625306,125,0.1705957080121152,10.012664625013713,1397,0.8005730659025788,1745,0.08342816703952849,0.19496942997133387,0.2605430387059503,0.42114384748700173
mcsched,learned_v2,10,2,time_limit,time_limit,213887.0,211913.0,0.009315143478691727,0.005542178814052493,127,0.16917120799189433,10.026141666981857,1397,0.8005730659025788,1745,0.08213920798152685,0.19496942997133387,0.2605430387059503,0.42114384748700173
mcsched,learned_v2,300,0,node_limit,node_limit,219737.0,211913.0,0.03692081184259578,0.0005734127616201023,401,0.16972129099303856,27.818570583011024,1397,0.8005730659025788,1745,0.08334612502949312,0.19496942997133387,0.2605430387059503,0.42114384748700173
mcsched,learned_v2,300,1,node_limit,node_limit,214837.0,211913.0,0.013798115264282984,0.004708855381694946,401,0.17136999999638647,25.488637374946848,1397,0.8005730659025788,1745,0.08316224999725819,0.19496942997133387,0.2605430387059503,0.42114384748700173
mcsched,learned_v2,300,2,node_limit,node_limit,213887.0,211913.0,0.009315143478691727,0.004010128178501559,401,0.17469987500226125,26.95489470800385,1397,0.8005730659025788,1745,0.08624008402694017,0.19496942997133387,0.2605430387059503,0.42114384748700173
mcsched,learned_v2,60,0,node_limit,node_limit,219737.0,211913.0,0.03692081184259578,0.0005734127616201023,401,0.1738194160279818,28.08335570798954,1397,0.8005730659025788,1745,0.08540375001030043,0.19496942997133387,0.2605430387059503,0.42114384748700173
mcsched,learned_v2,60,1,node_limit,node_limit,214837.0,211913.0,0.013798115264282984,0.004708855381694946,401,0.17042258300352842,25.42795229202602,1397,0.8005730659025788,1745,0.08310874999733642,0.19496942997133387,0.2605430387059503,0.42114384748700173
mcsched,learned_v2,60,2,node_limit,node_limit,213887.0,211913.0,0.009315143478691727,0.004010128178501559,401,0.16961379203712568,26.699365208041854,1397,0.8005730659025788,1745,0.08251554099842906,0.19496942997133387,0.2605430387059503,0.42114384748700173
mcsched,learned_v2,900,0,node_limit,node_limit,219737.0,211913.0,0.03692081184259578,0.0005734127616201023,401,0.1722341250278987,27.853219375014305,1397,0.8005730659025788,1745,0.08445545798167586,0.19496942997133387,0.2605430387059503,0.42114384748700173
mcsched,learned_v2,900,1,node_limit,node_limit,214837.0,211913.0,0.013798115264282984,0.004708855381694946,401,0.1742187500349246,25.42581920803059,1397,0.8005730659025788,1745,0.08521204104181379,0.19496942997133387,0.2605430387059503,0.42114384748700173
mcsched,learned_v2,900,2,node_limit,node_limit,213887.0,211913.0,0.009315143478691727,0.004010128178501559,401,0.1725160829955712,27.197533041995484,1397,0.8005730659025788,1745,0.08463145903078839,0.19496942997133387,0.2605430387059503,0.42114384748700173
mcsched,random_uniform,10,0,time_limit,time_limit,230036.0,211913.0,0.08552094491607405,0.11745529219711406,95,0.16614866704912856,10.01055741700111,1397,0.8005730659025788,1745,0.0807571669574827,0.19496942997133387,0.2605430387059503,0.42114384748700173
mcsched,random_uniform,10,1,time_limit,time_limit,233837.0,211913.0,0.10345755097610812,0.1349182636728692,95,0.16649004200007766,10.00111479201587,1397,0.8005730659025788,1745,0.08099683397449553,0.19496942997133387,0.2605430387059503,0.42114384748700173
mcsched,random_uniform,10,2,time_limit,time_limit,224877.0,211913.0,0.061176048661479,0.04162745719796958,119,0.16549691697582603,10.010038333013654,1397,0.8005730659025788,1745,0.07968600001186132,0.19496942997133387,0.2605430387059503,0.42114384748700173
mcsched,random_uniform,300,0,node_limit,node_limit,223782.0,211913.0,0.056008833813876446,0.06822838000077518,401,0.1684991249931045,38.01271724997787,1397,0.8005730659025788,1745,0.08309408399509266,0.19496942997133387,0.2605430387059503,0.42114384748700173
mcsched,random_uniform,300,1,node_limit,node_limit,225842.0,211913.0,0.0657298042121059,0.07690369924949399,401,0.1654653330333531,39.12008716602577,1397,0.8005730659025788,1745,0.07973637501709163,0.19496942997133387,0.2605430387059503,0.42114384748700173
mcsched,random_uniform,300,2,node_limit,node_limit,219825.0,211913.0,0.0373360765974716,0.0065950187649266466,401,0.1655178340151906,30.643684292037506,1397,0.8005730659025788,1745,0.08027299999957904,0.19496942997133387,0.2605430387059503,0.42114384748700173
mcsched,random_uniform,60,0,node_limit,node_limit,223782.0,211913.0,0.056008833813876446,0.06822838000077518,401,0.16513741697417572,38.08982012496563,1397,0.8005730659025788,1745,0.08006283402210101,0.19496942997133387,0.2605430387059503,0.42114384748700173
mcsched,random_uniform,60,1,node_limit,node_limit,225842.0,211913.0,0.0657298042121059,0.07690369924949399,401,0.16552258300362155,39.12741850002203,1397,0.8005730659025788,1745,0.08019195799715817,0.19496942997133387,0.2605430387059503,0.42114384748700173
mcsched,random_uniform,60,2,node_limit,node_limit,219825.0,211913.0,0.0373360765974716,0.0065950187649266466,401,0.16648654197342694,30.55980816698866,1397,0.8005730659025788,1745,0.08009475003927946,0.19496942997133387,0.2605430387059503,0.42114384748700173
mcsched,random_uniform,900,0,node_limit,node_limit,223782.0,211913.0,0.056008833813876446,0.06822838000077518,401,0.16756833298131824,38.018121291999705,1397,0.8005730659025788,1745,0.08195770799648017,0.19496942997133387,0.2605430387059503,0.42114384748700173
mcsched,random_uniform,900,1,node_limit,node_limit,225842.0,211913.0,0.0657298042121059,0.07690369924949399,401,0.1659576669917442,39.100263458967675,1397,0.8005730659025788,1745,0.08012979099294171,0.19496942997133387,0.2605430387059503,0.42114384748700173
mcsched,random_uniform,900,2,node_limit,node_limit,219825.0,211913.0,0.0373360765974716,0.0065950187649266466,401,0.16573620802955702,31.04145320801763,1397,0.8005730659025788,1745,0.07993883395101875,0.19496942997133387,0.2605430387059503,0.42114384748700173
mcsched,safeguarded_hybrid,10,0,time_limit,time_limit,220758.0,211913.0,0.04173882678268912,0.025317542286126378,111,0.16499758401187137,10.002999458985869,1397,0.8005730659025788,1745,0.07877345901215449,0.19496942997133387,0.2605430387059503,0.42114384748700173
mcsched,safeguarded_hybrid,10,1,time_limit,time_limit,217809.0,211913.0,0.027822738576680054,0.0027034389457577255,149,0.1657022909494117,10.022550416004378,1397,0.8005730659025788,1745,0.07992212503449991,0.19496942997133387,0.2605430387059503,0.42114384748700173
mcsched,safeguarded_hybrid,10,2,time_limit,time_limit,213887.0,211913.0,0.009315143478691727,0.003311094175908511,135,0.16725087497616187,10.010898082982749,1397,0.8005730659025788,1745,0.08105037501081824,0.19496942997133387,0.2605430387059503,0.42114384748700173
mcsched,safeguarded_hybrid,300,0,node_limit,node_limit,219737.0,211913.0,0.03692081184259578,0.0005734127616201023,401,0.16570770897669718,25.631419833982363,1397,0.8005730659025788,1745,0.0800407089991495,0.19496942997133387,0.2605430387059503,0.42114384748700173
mcsched,safeguarded_hybrid,300,1,node_limit,node_limit,214837.0,211913.0,0.013798115264282984,0.001936739636723783,401,0.16563054197467864,23.496846249967348,1397,0.8005730659025788,1745,0.07932300004176795,0.19496942997133387,0.2605430387059503,0.42114384748700173
mcsched,safeguarded_hybrid,300,2,node_limit,node_limit,213887.0,211913.0,0.009315143478691727,0.004010128178501559,401,0.1651074580149725,24.5096446670359,1397,0.8005730659025788,1745,0.07910108403302729,0.19496942997133387,0.2605430387059503,0.42114384748700173
mcsched,safeguarded_hybrid,60,0,node_limit,node_limit,219737.0,211913.0,0.03692081184259578,0.0005734127616201023,401,0.16590562503552064,25.421081666019745,1397,0.8005730659025788,1745,0.08021829195786268,0.19496942997133387,0.2605430387059503,0.42114384748700173
mcsched,safeguarded_hybrid,60,1,node_limit,node_limit,214837.0,211913.0,0.013798115264282984,0.001936739636723783,401,0.16559129202505574,23.665472791995853,1397,0.8005730659025788,1745,0.07982270797947422,0.19496942997133387,0.2605430387059503,0.42114384748700173
mcsched,safeguarded_hybrid,60,2,node_limit,node_limit,213887.0,211913.0,0.009315143478691727,0.004010128178501559,401,0.1653928749728948,24.69329445902258,1397,0.8005730659025788,1745,0.07880058401497081,0.19496942997133387,0.2605430387059503,0.42114384748700173
mcsched,safeguarded_hybrid,900,0,node_limit,node_limit,219737.0,211913.0,0.03692081184259578,0.0005734127616201023,401,0.16700024995952845,25.544051665987354,1397,0.8005730659025788,1745,0.0806172089651227,0.19496942997133387,0.2605430387059503,0.42114384748700173
mcsched,safeguarded_hybrid,900,1,node_limit,node_limit,216842.0,211913.0,0.023259545190715058,0.0009167965615514068,401,0.1669312909943983,20.837337957986165,1397,0.8005730659025788,1745,0.08131149999098852,0.19496942997133387,0.2605430387059503,0.42114384748700173
mcsched,safeguarded_hybrid,900,2,node_limit,node_limit,213887.0,211913.0,0.009315143478691727,0.004010128178501559,401,0.16850587498629466,25.605654916958883,1397,0.8005730659025788,1745,0.08191758400062099,0.19496942997133387,0.2605430387059503,0.42114384748700173
rail01,best_bound,10,0,solver_status_108,root_lp_timeout,,-70.5699643,,,1,,10.00998912495561,0,0.0,117527,10.009695416025352,,,
rail01,best_bound,10,1,solver_status_108,root_lp_timeout,,-70.5699643,,,1,,10.011037875025067,0,0.0,117527,10.010698666039389,,,
rail01,best_bound,10,2,solver_status_108,root_lp_timeout,,-70.5699643,,,1,,10.009103999997023,0,0.0,117527,10.008815417008009,,,
rail01,best_bound,300,0,time_limit,time_limit,,-70.5699643,,,11,,300.009807458031,12936,0.11006832472538225,117527,56.70267770899227,0.020193710712084492,0.9062598381648472,0.0317629140537919
rail01,best_bound,300,1,time_limit,time_limit,,-70.5699643,,,11,,300.0103817919735,12985,0.11048525019782689,117527,56.68083770800149,0.02035802005643677,0.9055110740510691,0.03203519191334757
rail01,best_bound,300,2,time_limit,time_limit,,-70.5699643,,,11,,300.009996415989,12909,0.10983859028138215,117527,54.37132337503135,0.02013663883386895,0.9064215031439584,0.03161826644090294
rail01,best_bound,60,0,time_limit,time_limit,,-70.5699643,,,3,,60.00952004198916,12936,0.11006832472538225,117527,58.26820033299737,0.020193710712084492,0.9062598381648472,0.0317629140537919
rail01,best_bound,60,1,time_limit,time_limit,,-70.5699643,,,1,,60.714125957980286,12985,0.11048525019782689,117527,60.71270324999932,0.02035802005643677,0.9055110740510691,0.03203519191334757
rail01,best_bound,60,2,time_limit,time_limit,,-70.5699643,,,3,,60.01141033304157,12909,0.10983859028138215,117527,56.80616450001253,0.02013663883386895,0.9064215031439584,0.03161826644090294
rail01,best_bound,900,0,time_limit,time_limit,,-70.5699643,,,51,,900.0113779579988,12936,0.11006832472538225,117527,56.658845750032924,0.020193710712084492,0.9062598381648472,0.0317629140537919
rail01,best_bound,900,1,time_limit,time_limit,,-70.5699643,,,35,,900.0134637909941,12985,0.11048525019782689,117527,57.09635337500367,0.02035802005643677,0.9055110740510691,0.03203519191334757
rail01,best_bound,900,2,time_limit,time_limit,,-70.5699643,,,35,,900.0180345409899,12909,0.10983859028138215,117527,60.18552999995882,0.02013663883386895,0.9064215031439584,0.03161826644090294
rail01,best_estimate,10,0,solver_status_108,root_lp_timeout,,-70.5699643,,,1,,10.00956141599454,0,0.0,117527,10.009211874974426,,,
rail01,best_estimate,10,1,solver_status_108,root_lp_timeout,,-70.5699643,,,1,,10.00995270803105,0,0.0,117527,10.00961087498581,,,
rail01,best_estimate,10,2,solver_status_108,root_lp_timeout,,-70.5699643,,,1,,10.010094000026584,0,0.0,117527,10.009789458010346,,,
rail01,best_estimate,300,0,time_limit,time_limit,,-70.5699643,,,11,,300.00735016702674,12936,0.11006832472538225,117527,56.587457332992926,0.020193710712084492,0.9062598381648472,0.0317629140537919
rail01,best_estimate,300,1,time_limit,time_limit,,-70.5699643,,,11,,300.01535399997374,12985,0.11048525019782689,117527,57.03903508302756,0.02035802005643677,0.9055110740510691,0.03203519191334757
rail01,best_estimate,300,2,time_limit,time_limit,,-70.5699643,,,11,,300.0164252920076,12909,0.10983859028138215,117527,55.630174458026886,0.02013663883386895,0.9064215031439584,0.03161826644090294
rail01,best_estimate,60,0,time_limit,time_limit,,-70.5699643,,,3,,60.01012775005074,12936,0.11006832472538225,117527,58.461741874984,0.020193710712084492,0.9062598381648472,0.0317629140537919
rail01,best_estimate,60,1,time_limit,time_limit,,-70.5699643,,,1,,60.05509954196168,12985,0.11048525019782689,117527,60.053238542051986,0.02035802005643677,0.9055110740510691,0.03203519191334757
rail01,best_estimate,60,2,time_limit,time_limit,,-70.5699643,,,3,,60.01312566600973,12909,0.10983859028138215,117527,56.09230099996785,0.02013663883386895,0.9064215031439584,0.03161826644090294
rail01,best_estimate,900,0,time_limit,time_limit,,-70.5699643,,,49,,900.0107212499715,12936,0.11006832472538225,117527,56.21186812501401,0.020193710712084492,0.9062598381648472,0.0317629140537919
rail01,best_estimate,900,1,time_limit,time_limit,,-70.5699643,,,31,,900.0134460830013,12985,0.11048525019782689,117527,62.3102781669586,0.02035802005643677,0.9055110740510691,0.03203519191334757
rail01,best_estimate,900,2,time_limit,time_limit,,-70.5699643,,,41,,900.0140457919915,12909,0.10983859028138215,117527,59.313669249997474,0.02013663883386895,0.9064215031439584,0.03161826644090294
rail01,boltzmann_adaptive,10,0,solver_status_108,root_lp_timeout,,-70.5699643,,,1,,10.010541957977694,0,0.0,117527,10.010189749998972,,,
rail01,boltzmann_adaptive,10,1,solver_status_108,root_lp_timeout,,-70.5699643,,,1,,10.00830262497766,0,0.0,117527,10.00796866696328,,,
rail01,boltzmann_adaptive,10,2,solver_status_108,root_lp_timeout,,-70.5699643,,,1,,10.011129458027426,0,0.0,117527,10.01088937500026,,,
rail01,boltzmann_adaptive,300,0,time_limit,time_limit,,-70.5699643,,,11,,300.0074322919827,12936,0.11006832472538225,117527,55.58986587502295,0.020193710712084492,0.9062598381648472,0.0317629140537919
rail01,boltzmann_adaptive,300,1,time_limit,time_limit,,-70.5699643,,,11,,300.01263424998615,12985,0.11048525019782689,117527,56.831024417013396,0.02035802005643677,0.9055110740510691,0.03203519191334757
rail01,boltzmann_adaptive,300,2,time_limit,time_limit,,-70.5699643,,,11,,300.0117455839645,12909,0.10983859028138215,117527,55.68464133300586,0.02013663883386895,0.9064215031439584,0.03161826644090294
rail01,boltzmann_adaptive,60,0,time_limit,time_limit,,-70.5699643,,,3,,60.01316212496022,12936,0.11006832472538225,117527,58.17881520901574,0.020193710712084492,0.9062598381648472,0.0317629140537919
rail01,boltzmann_adaptive,60,1,time_limit,time_limit,,-70.5699643,,,3,,60.22560795798199,12985,0.11048525019782689,117527,59.82860474998597,0.02035802005643677,0.9055110740510691,0.03203519191334757
rail01,boltzmann_adaptive,60,2,time_limit,time_limit,,-70.5699643,,,3,,60.011590000009164,12909,0.10983859028138215,117527,56.13961775001371,0.02013663883386895,0.9064215031439584,0.03161826644090294
rail01,boltzmann_adaptive,900,0,time_limit,time_limit,,-70.5699643,,,31,,900.010641958972,12936,0.11006832472538225,117527,55.824976542033255,0.020193710712084492,0.9062598381648472,0.0317629140537919
rail01,boltzmann_adaptive,900,1,time_limit,time_limit,,-70.5699643,,,31,,900.0117329999921,12985,0.11048525019782689,117527,62.67683433403727,0.02035802005643677,0.9055110740510691,0.03203519191334757
rail01,boltzmann_adaptive,900,2,time_limit,time_limit,,-70.5699643,,,31,,900.0106945839943,12909,0.10983859028138215,117527,59.03911262500333,0.02013663883386895,0.9064215031439584,0.03161826644090294
rail01,depth_first,10,0,solver_status_108,root_lp_timeout,,-70.5699643,,,1,,10.010348291951232,0,0.0,117527,10.010101624997333,,,
rail01,depth_first,10,1,solver_status_108,root_lp_timeout,,-70.5699643,,,1,,10.008574958017562,0,0.0,117527,10.008271041035186,,,
rail01,depth_first,10,2,solver_status_108,root_lp_timeout,,-70.5699643,,,1,,10.013019083009567,0,0.0,117527,10.012745124986395,,,
rail01,depth_first,300,0,time_limit,time_limit,,-70.5699643,,,11,,300.007880249992,12936,0.11006832472538225,117527,56.87394158396637,0.020193710712084492,0.9062598381648472,0.0317629140537919
rail01,depth_first,300,1,time_limit,time_limit,,-70.5699643,,,11,,300.0080804169993,12985,0.11048525019782689,117527,57.08069070801139,0.02035802005643677,0.9055110740510691,0.03203519191334757
rail01,depth_first,300,2,time_limit,time_limit,,-70.5699643,,,11,,300.00945279200096,12909,0.10983859028138215,117527,53.914478500024416,0.02013663883386895,0.9064215031439584,0.03161826644090294
rail01,depth_first,60,0,time_limit,time_limit,,-70.5699643,,,3,,60.01224212499801,12936,0.11006832472538225,117527,58.327761750028,0.020193710712084492,0.9062598381648472,0.0317629140537919
rail01,depth_first,60,1,time_limit,time_limit,,-70.5699643,,,1,,60.52546166704269,12985,0.11048525019782689,117527,60.52418612502515,0.02035802005643677,0.9055110740510691,0.03203519191334757
rail01,depth_first,60,2,time_limit,time_limit,,-70.5699643,,,3,,60.013372874993365,12909,0.10983859028138215,117527,56.790547666023485,0.02013663883386895,0.9064215031439584,0.03161826644090294
rail01,depth_first,900,0,time_limit,time_limit,,-70.5699643,,,51,,900.0104331250186,12936,0.11006832472538225,117527,56.513743666990194,0.020193710712084492,0.9062598381648472,0.0317629140537919
rail01,depth_first,900,1,time_limit,time_limit,,-70.5699643,,,35,,900.0090719999862,12985,0.11048525019782689,117527,57.387234708003234,0.02035802005643677,0.9055110740510691,0.03203519191334757
rail01,depth_first,900,2,time_limit,time_limit,,-70.5699643,,,35,,900.0175900419708,12909,0.10983859028138215,117527,59.68078150000656,0.02013663883386895,0.9064215031439584,0.03161826644090294
rail01,greedy_score,10,0,solver_status_108,root_lp_timeout,,-70.5699643,,,1,,10.010188499989454,0,0.0,117527,10.009868625027593,,,
rail01,greedy_score,10,1,solver_status_108,root_lp_timeout,,-70.5699643,,,1,,10.009600000048522,0,0.0,117527,10.009289207984693,,,
rail01,greedy_score,10,2,solver_status_108,root_lp_timeout,,-70.5699643,,,1,,10.011400167015381,0,0.0,117527,10.011126165976748,,,
rail01,greedy_score,300,0,time_limit,time_limit,,-70.5699643,,,11,,300.00904866703786,12936,0.11006832472538225,117527,56.92369712499203,0.020193710712084492,0.9062598381648472,0.0317629140537919
rail01,greedy_score,300,1,time_limit,time_limit,,-70.5699643,,,11,,300.0138863750035,12985,0.11048525019782689,117527,57.241604375012685,0.02035802005643677,0.9055110740510691,0.03203519191334757
rail01,greedy_score,300,2,time_limit,time_limit,,-70.5699643,,,11,,300.00890429195715,12909,0.10983859028138215,117527,55.96633395802928,0.02013663883386895,0.9064215031439584,0.03161826644090294
rail01,greedy_score,60,0,time_limit,time_limit,,-70.5699643,,,3,,60.010028124961536,12936,0.11006832472538225,117527,58.051709791994654,0.020193710712084492,0.9062598381648472,0.0317629140537919
rail01,greedy_score,60,1,time_limit,time_limit,,-70.5699643,,,3,,60.007898375042714,12985,0.11048525019782689,117527,59.27468708297238,0.02035802005643677,0.9055110740510691,0.03203519191334757
rail01,greedy_score,60,2,time_limit,time_limit,,-70.5699643,,,3,,60.012269750004634,12909,0.10983859028138215,117527,56.121357332973275,0.02013663883386895,0.9064215031439584,0.03161826644090294
rail01,greedy_score,900,0,time_limit,time_limit,,-70.5699643,,,45,,900.0102558329818,12936,0.11006832472538225,117527,56.44382099999348,0.020193710712084492,0.9062598381648472,0.0317629140537919
rail01,greedy_score,900,1,time_limit,time_limit,,-70.5699643,,,31,,900.0158989999909,12985,0.11048525019782689,117527,61.57622025004821,0.02035802005643677,0.9055110740510691,0.03203519191334757
rail01,greedy_score,900,2,time_limit,time_limit,,-70.5699643,,,33,,900.0147816660465,12909,0.10983859028138215,117527,59.67024283303181,0.02013663883386895,0.9064215031439584,0.03161826644090294
rail01,hybrid_best_bound_depth,10,0,solver_status_108,root_lp_timeout,,-70.5699643,,,1,,10.009587082953658,0,0.0,117527,10.009321000019554,,,
rail01,hybrid_best_bound_depth,10,1,solver_status_108,root_lp_timeout,,-70.5699643,,,1,,10.011801708955318,0,0.0,117527,10.011451250000391,,,
rail01,hybrid_best_bound_depth,10,2,solver_status_108,root_lp_timeout,,-70.5699643,,,1,,10.004945125023369,0,0.0,117527,10.004636625002604,,,
rail01,hybrid_best_bound_depth,300,0,time_limit,time_limit,,-70.5699643,,,11,,300.006167167041,12936,0.11006832472538225,117527,57.25728129199706,0.020193710712084492,0.9062598381648472,0.0317629140537919
rail01,hybrid_best_bound_depth,300,1,time_limit,time_limit,,-70.5699643,,,11,,300.0082613339764,12985,0.11048525019782689,117527,56.67511941702105,0.02035802005643677,0.9055110740510691,0.03203519191334757
rail01,hybrid_best_bound_depth,300,2,time_limit,time_limit,,-70.5699643,,,11,,300.0081933750189,12909,0.10983859028138215,117527,55.5672268330236,0.02013663883386895,0.9064215031439584,0.03161826644090294
rail01,hybrid_best_bound_depth,60,0,time_limit,time_limit,,-70.5699643,,,3,,60.011402625008486,12936,0.11006832472538225,117527,58.2923459589947,0.020193710712084492,0.9062598381648472,0.0317629140537919
rail01,hybrid_best_bound_depth,60,1,time_limit,time_limit,,-70.5699643,,,1,,60.616413499985356,12985,0.11048525019782689,117527,60.61402575002285,0.02035802005643677,0.9055110740510691,0.03203519191334757
rail01,hybrid_best_bound_depth,60,2,time_limit,time_limit,,-70.5699643,,,3,,60.01231554202968,12909,0.10983859028138215,117527,55.45447241701186,0.02013663883386895,0.9064215031439584,0.03161826644090294
rail01,hybrid_best_bound_depth,900,0,time_limit,time_limit,,-70.5699643,,,51,,900.0127904170076,12936,0.11006832472538225,117527,56.792497999966145,0.020193710712084492,0.9062598381648472,0.0317629140537919
rail01,hybrid_best_bound_depth,900,1,time_limit,time_limit,,-70.5699643,,,35,,900.007408290985,12985,0.11048525019782689,117527,56.948102792026475,0.02035802005643677,0.9055110740510691,0.03203519191334757
rail01,hybrid_best_bound_depth,900,2,time_limit,time_limit,,-70.5699643,,,35,,900.0163292909856,12909,0.10983859028138215,117527,58.96655299997656,0.02013663883386895,0.9064215031439584,0.03161826644090294
rail01,learned_portfolio,300,0,time_limit,time_limit,,-70.5699643,,,13,,300.0133510000305,12936,0.11006832472538225,117527,26.224133749958128,0.020193710712084492,0.9062598381648472,0.0317629140537919
rail01,learned_portfolio,300,1,time_limit,time_limit,,-70.5699643,,,13,,300.0093757499708,12985,0.11048525019782689,117527,27.684713000024203,0.02035802005643677,0.9055110740510691,0.03203519191334757
rail01,learned_portfolio,300,2,time_limit,time_limit,,-70.5699643,,,13,,300.0118872089661,12909,0.10983859028138215,117527,25.00993237498915,0.02013663883386895,0.9064215031439584,0.03161826644090294
rail01,learned_portfolio,60,0,time_limit,time_limit,,-70.5699643,,,3,,60.01012379198801,12936,0.11006832472538225,117527,26.09989404201042,0.020193710712084492,0.9062598381648472,0.0317629140537919
rail01,learned_portfolio,60,1,time_limit,time_limit,,-70.5699643,,,3,,60.004089166992344,12985,0.11048525019782689,117527,27.640615790965967,0.02035802005643677,0.9055110740510691,0.03203519191334757
rail01,learned_portfolio,60,2,time_limit,time_limit,,-70.5699643,,,3,,60.007721000001766,12909,0.10983859028138215,117527,25.153608999971766,0.02013663883386895,0.9064215031439584,0.03161826644090294
rail01,learned_portfolio,900,0,time_limit,time_limit,,-70.5699643,,,53,,900.0132460420136,12936,0.11006832472538225,117527,26.49643241695594,0.020193710712084492,0.9062598381648472,0.0317629140537919
rail01,learned_portfolio,900,1,time_limit,time_limit,,-70.5699643,,,35,,900.0146185000194,12985,0.11048525019782689,117527,27.991071833006572,0.02035802005643677,0.9055110740510691,0.03203519191334757
rail01,learned_portfolio,900,2,time_limit,time_limit,,-70.5699643,,,49,,900.0060645000194,12909,0.10983859028138215,117527,25.53454145899741,0.02013663883386895,0.9064215031439584,0.03161826644090294
rail01,learned_v2,10,0,solver_status_108,root_lp_timeout,,-70.5699643,,,1,,10.009409332997166,0,0.0,117527,10.009112083003856,,,
rail01,learned_v2,10,1,solver_status_108,root_lp_timeout,,-70.5699643,,,1,,10.008746791048907,0,0.0,117527,10.008494167006575,,,
rail01,learned_v2,10,2,solver_status_108,root_lp_timeout,,-70.5699643,,,1,,10.009463833004702,0,0.0,117527,10.009174584003631,,,
rail01,learned_v2,300,0,time_limit,time_limit,,-70.5699643,,,17,,300.0114298330154,12936,0.11006832472538225,117527,25.509296040982008,0.020193710712084492,0.9062598381648472,0.0317629140537919
rail01,learned_v2,300,1,time_limit,time_limit,,-70.5699643,,,13,,300.009308541019,12985,0.11048525019782689,117527,27.23409412498586,0.02035802005643677,0.9055110740510691,0.03203519191334757
rail01,learned_v2,300,2,time_limit,time_limit,,-70.5699643,,,13,,300.00846170901787,12909,0.10983859028138215,117527,24.89681904099416,0.02013663883386895,0.9064215031439584,0.03161826644090294
rail01,learned_v2,60,0,time_limit,time_limit,,-70.5699643,,,3,,60.00234050001018,12936,0.11006832472538225,117527,25.761296458018478,0.020193710712084492,0.9062598381648472,0.0317629140537919
rail01,learned_v2,60,1,time_limit,time_limit,,-70.5699643,,,3,,60.0064301249804,12985,0.11048525019782689,117527,27.439695333014242,0.02035802005643677,0.9055110740510691,0.03203519191334757
rail01,learned_v2,60,2,time_limit,time_limit,,-70.5699643,,,3,,60.007548209046945,12909,0.10983859028138215,117527,25.157680167001672,0.02013663883386895,0.9064215031439584,0.03161826644090294
rail01,learned_v2,900,0,time_limit,time_limit,,-70.5699643,,,53,,900.0126336659887,12936,0.11006832472538225,117527,26.4758488330408,0.020193710712084492,0.9062598381648472,0.0317629140537919
rail01,learned_v2,900,1,time_limit,time_limit,,-70.5699643,,,39,,900.0129240420065,12985,0.11048525019782689,117527,28.13318220799556,0.02035802005643677,0.9055110740510691,0.03203519191334757
rail01,learned_v2,900,2,time_limit,time_limit,,-70.5699643,,,39,,900.0139672079822,12909,0.10983859028138215,117527,25.698316625028383,0.02013663883386895,0.9064215031439584,0.03161826644090294
rail01,random_uniform,10,0,solver_status_108,root_lp_timeout,,-70.5699643,,,1,,10.010705707943998,0,0.0,117527,10.010409999988042,,,
rail01,random_uniform,10,1,solver_status_108,root_lp_timeout,,-70.5699643,,,1,,10.009275040996727,0,0.0,117527,10.008932458003983,,,
rail01,random_uniform,10,2,solver_status_108,root_lp_timeout,,-70.5699643,,,1,,10.009497333026957,0,0.0,117527,10.00917729199864,,,
rail01,random_uniform,300,0,time_limit,time_limit,,-70.5699643,,,11,,300.0133315839921,12936,0.11006832472538225,117527,56.751109749951866,0.020193710712084492,0.9062598381648472,0.0317629140537919
rail01,random_uniform,300,1,time_limit,time_limit,,-70.5699643,,,11,,300.00930362497456,12985,0.11048525019782689,117527,56.60058087500511,0.02035802005643677,0.9055110740510691,0.03203519191334757
rail01,random_uniform,300,2,time_limit,time_limit,,-70.5699643,,,11,,300.0152716250159,12909,0.10983859028138215,117527,56.05240025004605,0.02013663883386895,0.9064215031439584,0.03161826644090294
rail01,random_uniform,60,0,time_limit,time_limit,,-70.5699643,,,3,,60.00870554201538,12936,0.11006832472538225,117527,58.70375129196327,0.020193710712084492,0.9062598381648472,0.0317629140537919
rail01,random_uniform,60,1,time_limit,time_limit,,-70.5699643,,,1,,60.84969662496587,12985,0.11048525019782689,117527,60.84745333396131,0.02035802005643677,0.9055110740510691,0.03203519191334757
rail01,random_uniform,60,2,time_limit,time_limit,,-70.5699643,,,3,,60.012920999957714,12909,0.10983859028138215,117527,55.551618375000544,0.02013663883386895,0.9064215031439584,0.03161826644090294
rail01,random_uniform,900,0,time_limit,time_limit,,-70.5699643,,,37,,900.010854416003,12936,0.11006832472538225,117527,56.35819308302598,0.020193710712084492,0.9062598381648472,0.0317629140537919
rail01,random_uniform,900,1,time_limit,time_limit,,-70.5699643,,,33,,900.013993792003,12985,0.11048525019782689,117527,56.957516374997795,0.02035802005643677,0.9055110740510691,0.03203519191334757
rail01,random_uniform,900,2,time_limit,time_limit,,-70.5699643,,,33,,900.0146862919792,12909,0.10983859028138215,117527,58.6874499580008,0.02013663883386895,0.9064215031439584,0.03161826644090294
rail01,safeguarded_hybrid,10,0,solver_status_108,root_lp_timeout,,-70.5699643,,,1,,10.009457084001042,0,0.0,117527,10.009134708030615,,,
rail01,safeguarded_hybrid,10,1,solver_status_108,root_lp_timeout,,-70.5699643,,,1,,10.010655833990313,0,0.0,117527,10.010298209032044,,,
rail01,safeguarded_hybrid,10,2,solver_status_108,root_lp_timeout,,-70.5699643,,,1,,10.009770584001672,0,0.0,117527,10.00942379195476,,,
rail01,safeguarded_hybrid,300,0,time_limit,time_limit,,-70.5699643,,,11,,300.00809587497497,12936,0.11006832472538225,117527,55.72107791603776,0.020193710712084492,0.9062598381648472,0.0317629140537919
rail01,safeguarded_hybrid,300,1,time_limit,time_limit,,-70.5699643,,,11,,300.01250841701403,12985,0.11048525019782689,117527,56.8076786249876,0.02035802005643677,0.9055110740510691,0.03203519191334757
rail01,safeguarded_hybrid,300,2,time_limit,time_limit,,-70.5699643,,,11,,300.00661595899146,12909,0.10983859028138215,117527,55.486448125040624,0.02013663883386895,0.9064215031439584,0.03161826644090294
rail01,safeguarded_hybrid,60,0,time_limit,time_limit,,-70.5699643,,,3,,60.010111875017174,12936,0.11006832472538225,117527,58.26419737498509,0.020193710712084492,0.9062598381648472,0.0317629140537919
rail01,safeguarded_hybrid,60,1,time_limit,time_limit,,-70.5699643,,,3,,60.32206616696203,12985,0.11048525019782689,117527,59.95706420898205,0.02035802005643677,0.9055110740510691,0.03203519191334757
rail01,safeguarded_hybrid,60,2,time_limit,time_limit,,-70.5699643,,,3,,60.013128541002516,12909,0.10983859028138215,117527,55.79441999999108,0.02013663883386895,0.9064215031439584,0.03161826644090294
rail01,safeguarded_hybrid,900,0,time_limit,time_limit,,-70.5699643,,,37,,900.0427057500347,12936,0.11006832472538225,117527,55.55396712501533,0.020193710712084492,0.9062598381648472,0.0317629140537919
rail01,safeguarded_hybrid,900,1,time_limit,time_limit,,-70.5699643,,,31,,900.0139442089712,12985,0.11048525019782689,117527,62.53914554201765,0.02035802005643677,0.9055110740510691,0.03203519191334757
rail01,safeguarded_hybrid,900,2,time_limit,time_limit,,-70.5699643,,,31,,900.0102219579858,12909,0.10983859028138215,117527,59.49170695897192,0.02013663883386895,0.9064215031439584,0.03161826644090294
rail02,best_bound,10,0,solver_status_108,root_lp_timeout,,-200.4499077,,,1,,10.009549084003083,0,0.0,270869,10.009195540973451,,,
rail02,best_bound,10,1,solver_status_108,root_lp_timeout,,-200.4499077,,,1,,10.016211040958297,0,0.0,270869,10.015871750016231,,,
rail02,best_bound,10,2,solver_status_108,root_lp_timeout,,-200.4499077,,,1,,10.017577457998414,0,0.0,270869,10.017233124992345,,,
rail02,best_bound,300,0,solver_status_108,root_lp_timeout,,-200.4499077,,,1,,300.02642175002256,0,0.0,270869,300.02607858303236,,,
rail02,best_bound,300,1,solver_status_108,root_lp_timeout,,-200.4499077,,,1,,300.0102975409827,0,0.0,270869,300.0099763330072,,,
rail02,best_bound,300,2,solver_status_108,root_lp_timeout,,-200.4499077,,,1,,300.0215923329815,0,0.0,270869,300.0212402920006,,,
rail02,best_bound,60,0,solver_status_108,root_lp_timeout,,-200.4499077,,,1,,60.02487416699296,0,0.0,270869,60.02457583299838,,,
rail02,best_bound,60,1,solver_status_108,root_lp_timeout,,-200.4499077,,,1,,60.0226186660002,0,0.0,270869,60.02224550000392,,,
rail02,best_bound,60,2,solver_status_108,root_lp_timeout,,-200.4499077,,,1,,60.02064279100159,0,0.0,270869,60.0202539160382,,,
rail02,best_bound,900,0,time_limit,time_limit,,-200.4499077,,,3,,900.0206505410024,15578,0.05751119544872244,270869,422.2402007500059,0.0087669193103185,0.9566174054616807,0.012341759300621334
rail02,best_bound,900,1,time_limit,time_limit,,-200.4499077,,,3,,900.0254280410009,15570,0.057481660876659936,270869,451.96303608396556,0.008772528827998432,0.9569644366834152,0.012544809483551089
rail02,best_bound,900,2,time_limit,time_limit,,-200.4499077,,,3,,900.0221552500152,15781,0.058260635214808634,270869,415.4955075829639,0.008804003657364489,0.9565878708896183,0.012489432160933883
rail02,best_estimate,10,0,solver_status_108,root_lp_timeout,,-200.4499077,,,1,,10.016633082996123,0,0.0,270869,10.016322750016116,,,
rail02,best_estimate,10,1,solver_status_108,root_lp_timeout,,-200.4499077,,,1,,10.018535082985181,0,0.0,270869,10.018198625009973,,,
rail02,best_estimate,10,2,solver_status_108,root_lp_timeout,,-200.4499077,,,1,,10.017337374971248,0,0.0,270869,10.017001792031806,,,
rail02,best_estimate,300,0,solver_status_108,root_lp_timeout,,-200.4499077,,,1,,300.0183138750144,0,0.0,270869,300.0180008329917,,,
rail02,best_estimate,300,1,solver_status_108,root_lp_timeout,,-200.4499077,,,1,,300.0244956249953,0,0.0,270869,300.02407433401095,,,
rail02,best_estimate,300,2,time_limit,time_limit,,-200.4499077,,,3,,300.03481316700345,15781,0.058260635214808634,270869,265.50587191595696,0.008804003657364489,0.9565878708896183,0.012489432160933883
rail02,best_estimate,60,0,solver_status_108,root_lp_timeout,,-200.4499077,,,1,,60.00551483401796,0,0.0,270869,60.00518079102039,,,
rail02,best_estimate,60,1,solver_status_108,root_lp_timeout,,-200.4499077,,,1,,60.0228500419762,0,0.0,270869,60.02256045799004,,,
rail02,best_estimate,60,2,solver_status_108,root_lp_timeout,,-200.4499077,,,1,,60.021160042029805,0,0.0,270869,60.02077708300203,,,
rail02,best_estimate,900,0,time_limit,time_limit,,-200.4499077,,,3,,900.0199933750555,15578,0.05751119544872244,270869,402.18346374999965,0.0087669193103185,0.9566174054616807,0.012341759300621334
rail02,best_estimate,900,1,time_limit,time_limit,,-200.4499077,,,3,,900.021014958038,15570,0.057481660876659936,270869,452.16072325001005,0.008772528827998432,0.9569644366834152,0.012544809483551089
rail02,best_estimate,900,2,time_limit,time_limit,,-200.4499077,,,3,,900.0195016670041,15781,0.058260635214808634,270869,431.09234262496466,0.008804003657364489,0.9565878708896183,0.012489432160933883
rail02,boltzmann_adaptive,10,0,solver_status_108,root_lp_timeout,,-200.4499077,,,1,,10.017210666963365,0,0.0,270869,10.016846209007781,,,
rail02,boltzmann_adaptive,10,1,solver_status_108,root_lp_timeout,,-200.4499077,,,1,,10.01215983304428,0,0.0,270869,10.01186637498904,,,
rail02,boltzmann_adaptive,10,2,solver_status_108,root_lp_timeout,,-200.4499077,,,1,,10.01680970902089,0,0.0,270869,10.016489500005264,,,
rail02,boltzmann_adaptive,300,0,solver_status_108,root_lp_timeout,,-200.4499077,,,1,,300.00447995902505,0,0.0,270869,300.0041481250082,,,
rail02,boltzmann_adaptive,300,1,solver_status_108,root_lp_timeout,,-200.4499077,,,1,,300.0217782499967,0,0.0,270869,300.0208642910002,,,
rail02,boltzmann_adaptive,300,2,solver_status_108,root_lp_timeout,,-200.4499077,,,1,,300.0178012920078,0,0.0,270869,300.01747379195876,,,
rail02,boltzmann_adaptive,60,0,solver_status_108,root_lp_timeout,,-200.4499077,,,1,,60.02112270798534,0,0.0,270869,60.02062470803503,,,
rail02,boltzmann_adaptive,60,1,solver_status_108,root_lp_timeout,,-200.4499077,,,1,,60.022182082990184,0,0.0,270869,60.02181770897005,,,
rail02,boltzmann_adaptive,60,2,solver_status_108,root_lp_timeout,,-200.4499077,,,1,,60.02370104100555,0,0.0,270869,60.0233659579535,,,
rail02,boltzmann_adaptive,900,0,time_limit,time_limit,,-200.4499077,,,3,,900.0243142920081,15578,0.05751119544872244,270869,448.98574929201277,0.0087669193103185,0.9566174054616807,0.012341759300621334
rail02,boltzmann_adaptive,900,1,time_limit,time_limit,,-200.4499077,,,3,,900.0207264999626,15570,0.057481660876659936,270869,451.4139769159956,0.008772528827998432,0.9569644366834152,0.012544809483551089
rail02,boltzmann_adaptive,900,2,time_limit,time_limit,,-200.4499077,,,3,,900.020183457993,15781,0.058260635214808634,270869,417.2622429160401,0.008804003657364489,0.9565878708896183,0.012489432160933883
rail02,depth_first,10,0,solver_status_108,root_lp_timeout,,-200.4499077,,,1,,10.017228375014383,0,0.0,270869,10.016939541033935,,,
rail02,depth_first,10,1,solver_status_108,root_lp_timeout,,-200.4499077,,,1,,10.015145874989685,0,0.0,270869,10.014762833947316,,,
rail02,depth_first,10,2,solver_status_108,root_lp_timeout,,-200.4499077,,,1,,10.010307249962352,0,0.0,270869,10.009989915997721,,,
rail02,depth_first,300,0,solver_status_108,root_lp_timeout,,-200.4499077,,,1,,300.0245393330115,0,0.0,270869,300.02412470802665,,,
rail02,depth_first,300,1,solver_status_108,root_lp_timeout,,-200.4499077,,,1,,299.9918706669705,0,0.0,270869,299.9915045420057,,,
rail02,depth_first,300,2,solver_status_108,root_lp_timeout,,-200.4499077,,,1,,300.02013474999694,0,0.0,270869,300.0198161670123,,,
rail02,depth_first,60,0,solver_status_108,root_lp_timeout,,-200.4499077,,,1,,60.02301729202736,0,0.0,270869,60.022619124967605,,,
rail02,depth_first,60,1,solver_status_108,root_lp_timeout,,-200.4499077,,,1,,60.02534316602396,0,0.0,270869,60.02495579200331,,,
rail02,depth_first,60,2,solver_status_108,root_lp_timeout,,-200.4499077,,,1,,60.0210304170032,0,0.0,270869,60.020693374972325,,,
rail02,depth_first,900,0,time_limit,time_limit,,-200.4499077,,,3,,900.0219374580192,15578,0.05751119544872244,270869,420.5796635419829,0.0087669193103185,0.9566174054616807,0.012341759300621334
rail02,depth_first,900,1,time_limit,time_limit,,-200.4499077,,,3,,900.0235324999667,15570,0.057481660876659936,270869,452.09063183300896,0.008772528827998432,0.9569644366834152,0.012544809483551089
rail02,depth_first,900,2,time_limit,time_limit,,-200.4499077,,,3,,900.0269220829941,15781,0.058260635214808634,270869,401.9780564579996,0.008804003657364489,0.9565878708896183,0.012489432160933883
rail02,greedy_score,10,0,solver_status_108,root_lp_timeout,,-200.4499077,,,1,,10.01791829202557,0,0.0,270869,10.017530374985654,,,
rail02,greedy_score,10,1,solver_status_108,root_lp_timeout,,-200.4499077,,,1,,10.016804790997412,0,0.0,270869,10.01648374996148,,,
rail02,greedy_score,10,2,solver_status_108,root_lp_timeout,,-200.4499077,,,1,,10.017977666982915,0,0.0,270869,10.017634292016737,,,
rail02,greedy_score,300,0,solver_status_108,root_lp_timeout,,-200.4499077,,,1,,300.0189657920273,0,0.0,270869,300.018535375013,,,
rail02,greedy_score,300,1,solver_status_108,root_lp_timeout,,-200.4499077,,,1,,300.02667779196054,0,0.0,270869,300.02623716701055,,,
rail02,greedy_score,300,2,solver_status_108,root_lp_timeout,,-200.4499077,,,1,,300.0173371669953,0,0.0,270869,300.0169713330106,,,
rail02,greedy_score,60,0,solver_status_108,root_lp_timeout,,-200.4499077,,,1,,60.01837691600667,0,0.0,270869,60.018085165997036,,,
rail02,greedy_score,60,1,solver_status_108,root_lp_timeout,,-200.4499077,,,1,,60.02192616701359,0,0.0,270869,60.02157137496397,,,
rail02,greedy_score,60,2,solver_status_108,root_lp_timeout,,-200.4499077,,,1,,60.02302379097091,0,0.0,270869,60.02262324996991,,,
rail02,greedy_score,900,0,time_limit,time_limit,,-200.4499077,,,3,,900.0226080830325,15578,0.05751119544872244,270869,417.16285537497606,0.0087669193103185,0.9566174054616807,0.012341759300621334
rail02,greedy_score,900,1,time_limit,time_limit,,-200.4499077,,,3,,900.0243794999551,15570,0.057481660876659936,270869,451.0932334579993,0.008772528827998432,0.9569644366834152,0.012544809483551089
rail02,greedy_score,900,2,time_limit,time_limit,,-200.4499077,,,3,,900.019756750029,15781,0.058260635214808634,270869,432.18194595800014,0.008804003657364489,0.9565878708896183,0.012489432160933883
rail02,hybrid_best_bound_depth,10,0,solver_status_108,root_lp_timeout,,-200.4499077,,,1,,10.014803124999162,0,0.0,270869,10.014482415979728,,,
rail02,hybrid_best_bound_depth,10,1,solver_status_108,root_lp_timeout,,-200.4499077,,,1,,10.017099541961215,0,0.0,270869,10.016763999999966,,,
rail02,hybrid_best_bound_depth,10,2,solver_status_108,root_lp_timeout,,-200.4499077,,,1,,10.014247125014663,0,0.0,270869,10.01394341699779,,,
rail02,hybrid_best_bound_depth,300,0,solver_status_108,root_lp_timeout,,-200.4499077,,,1,,300.02402862499,0,0.0,270869,300.02362058404833,,,
rail02,hybrid_best_bound_depth,300,1,solver_status_108,root_lp_timeout,,-200.4499077,,,1,,300.0037957910099,0,0.0,270869,300.00350225000875,,,
rail02,hybrid_best_bound_depth,300,2,solver_status_108,root_lp_timeout,,-200.4499077,,,1,,300.01961554097943,0,0.0,270869,300.0192611250095,,,
rail02,hybrid_best_bound_depth,60,0,solver_status_108,root_lp_timeout,,-200.4499077,,,1,,60.024292499991134,0,0.0,270869,60.02393279201351,,,
rail02,hybrid_best_bound_depth,60,1,solver_status_108,root_lp_timeout,,-200.4499077,,,1,,60.01971733401297,0,0.0,270869,60.019320749968756,,,
rail02,hybrid_best_bound_depth,60,2,solver_status_108,root_lp_timeout,,-200.4499077,,,1,,60.024051458982285,0,0.0,270869,60.023627375019714,,,
rail02,hybrid_best_bound_depth,900,0,time_limit,time_limit,,-200.4499077,,,3,,900.0213563339785,15578,0.05751119544872244,270869,422.0259017079952,0.0087669193103185,0.9566174054616807,0.012341759300621334
rail02,hybrid_best_bound_depth,900,1,time_limit,time_limit,,-200.4499077,,,3,,900.0262077919906,15570,0.057481660876659936,270869,444.55592975002946,0.008772528827998432,0.9569644366834152,0.012544809483551089
rail02,hybrid_best_bound_depth,900,2,time_limit,time_limit,,-200.4499077,,,3,,900.0239725830033,15781,0.058260635214808634,270869,433.3162394170067,0.008804003657364489,0.9565878708896183,0.012489432160933883
rail02,learned_portfolio,300,2,time_limit,time_limit,,-200.4499077,,,3,,300.02415079198545,15781,0.058260635214808634,270869,285.8459449170041,0.008804003657364489,0.9565878708896183,0.012489432160933883
rail02,learned_portfolio,900,0,time_limit,time_limit,,-200.4499077,,,5,,900.0260086669587,15578,0.05751119544872244,270869,299.99774662498385,0.0087669193103185,0.9566174054616807,0.012341759300621334
rail02,learned_portfolio,900,1,time_limit,time_limit,,-200.4499077,,,5,,900.0250088329776,15570,0.057481660876659936,270869,305.16273199999705,0.008772528827998432,0.9569644366834152,0.012544809483551089
rail02,learned_portfolio,900,2,time_limit,time_limit,,-200.4499077,,,5,,900.0230120000197,15781,0.058260635214808634,270869,283.3213376670028,0.008804003657364489,0.9565878708896183,0.012489432160933883
rail02,learned_v2,10,0,solver_status_108,root_lp_timeout,,-200.4499077,,,1,,10.00921562500298,0,0.0,270869,10.008837667002808,,,
rail02,learned_v2,10,1,solver_status_108,root_lp_timeout,,-200.4499077,,,1,,10.015325833985116,0,0.0,270869,10.014992999960668,,,
rail02,learned_v2,10,2,solver_status_108,root_lp_timeout,,-200.4499077,,,1,,10.014354833052494,0,0.0,270869,10.013993375003338,,,
rail02,learned_v2,300,0,solver_status_108,root_lp_timeout,,-200.4499077,,,1,,300.01709337503416,0,0.0,270869,300.0167198750423,,,
rail02,learned_v2,300,1,solver_status_108,root_lp_timeout,,-200.4499077,,,1,,300.0180305420072,0,0.0,270869,300.0176692910027,,,
rail02,learned_v2,300,2,time_limit,time_limit,,-200.4499077,,,3,,300.01954341703095,15781,0.058260635214808634,270869,289.5403152080253,0.008804003657364489,0.9565878708896183,0.012489432160933883
rail02,learned_v2,60,0,solver_status_108,root_lp_timeout,,-200.4499077,,,1,,60.02050133299781,0,0.0,270869,60.020136292034294,,,
rail02,learned_v2,60,1,solver_status_108,root_lp_timeout,,-200.4499077,,,1,,60.01928920898354,0,0.0,270869,60.01896495802794,,,
rail02,learned_v2,60,2,solver_status_108,root_lp_timeout,,-200.4499077,,,1,,60.01937958400231,0,0.0,270869,60.01903374999529,,,
rail02,learned_v2,900,0,time_limit,time_limit,,-200.4499077,,,5,,900.0199885000475,15578,0.05751119544872244,270869,305.56369533296674,0.0087669193103185,0.9566174054616807,0.012341759300621334
rail02,learned_v2,900,1,time_limit,time_limit,,-200.4499077,,,5,,900.0238174580154,15570,0.057481660876659936,270869,310.436363041983,0.008772528827998432,0.9569644366834152,0.012544809483551089
rail02,learned_v2,900,2,time_limit,time_limit,,-200.4499077,,,5,,900.0209260829724,15781,0.058260635214808634,270869,288.5072453750181,0.008804003657364489,0.9565878708896183,0.012489432160933883
rail02,random_uniform,10,0,solver_status_108,root_lp_timeout,,-200.4499077,,,1,,10.017586667032447,0,0.0,270869,10.017157458991278,,,
rail02,random_uniform,10,1,solver_status_108,root_lp_timeout,,-200.4499077,,,1,,10.013355709030293,0,0.0,270869,10.012978457962163,,,
rail02,random_uniform,10,2,solver_status_108,root_lp_timeout,,-200.4499077,,,1,,10.017233000020497,0,0.0,270869,10.016884334036149,,,
rail02,random_uniform,300,0,solver_status_108,root_lp_timeout,,-200.4499077,,,1,,300.0219484999543,0,0.0,270869,300.0215498339967,,,
rail02,random_uniform,300,1,solver_status_108,root_lp_timeout,,-200.4499077,,,1,,300.00625120900804,0,0.0,270869,300.00591054197866,,,
rail02,random_uniform,300,2,solver_status_108,root_lp_timeout,,-200.4499077,,,1,,300.0173229170032,0,0.0,270869,300.01698016701266,,,
rail02,random_uniform,60,0,solver_status_108,root_lp_timeout,,-200.4499077,,,1,,60.020352833962534,0,0.0,270869,60.02000320900697,,,
rail02,random_uniform,60,1,solver_status_108,root_lp_timeout,,-200.4499077,,,1,,60.020796665980015,0,0.0,270869,60.020520916034,,,
rail02,random_uniform,60,2,solver_status_108,root_lp_timeout,,-200.4499077,,,1,,60.024031209002715,0,0.0,270869,60.02368333400227,,,
rail02,random_uniform,900,0,time_limit,time_limit,,-200.4499077,,,3,,900.0213057500077,15578,0.05751119544872244,270869,422.6711297919974,0.0087669193103185,0.9566174054616807,0.012341759300621334
rail02,random_uniform,900,1,time_limit,time_limit,,-200.4499077,,,3,,900.0247255419963,15570,0.057481660876659936,270869,422.8557468749932,0.008772528827998432,0.9569644366834152,0.012544809483551089
rail02,random_uniform,900,2,time_limit,time_limit,,-200.4499077,,,3,,900.0240612920024,15781,0.058260635214808634,270869,430.44644495798275,0.008804003657364489,0.9565878708896183,0.012489432160933883
rail02,safeguarded_hybrid,10,0,solver_status_108,root_lp_timeout,,-200.4499077,,,1,,10.016919333022088,0,0.0,270869,10.016627791977953,,,
rail02,safeguarded_hybrid,10,1,solver_status_108,root_lp_timeout,,-200.4499077,,,1,,10.01579724997282,0,0.0,270869,10.015459540998563,,,
rail02,safeguarded_hybrid,10,2,solver_status_108,root_lp_timeout,,-200.4499077,,,1,,10.013777834014036,0,0.0,270869,10.013453499996103,,,
rail02,safeguarded_hybrid,300,0,solver_status_108,root_lp_timeout,,-200.4499077,,,1,,300.01356820901856,0,0.0,270869,300.01316700002644,,,
rail02,safeguarded_hybrid,300,1,solver_status_108,root_lp_timeout,,-200.4499077,,,1,,300.0234767079819,0,0.0,270869,300.0230732919881,,,
rail02,safeguarded_hybrid,300,2,solver_status_108,root_lp_timeout,,-200.4499077,,,1,,300.0101929999655,0,0.0,270869,300.00956724997377,,,
rail02,safeguarded_hybrid,60,0,solver_status_108,root_lp_timeout,,-200.4499077,,,1,,60.025426291977055,0,0.0,270869,60.02504858298926,,,
rail02,safeguarded_hybrid,60,1,solver_status_108,root_lp_timeout,,-200.4499077,,,1,,60.01979837502586,0,0.0,270869,60.01946008304367,,,
rail02,safeguarded_hybrid,60,2,solver_status_108,root_lp_timeout,,-200.4499077,,,1,,60.020644333038945,0,0.0,270869,60.020306874997914,,,
rail02,safeguarded_hybrid,900,0,time_limit,time_limit,,-200.4499077,,,3,,900.0267667079461,15578,0.05751119544872244,270869,449.10666674998356,0.0087669193103185,0.9566174054616807,0.012341759300621334
rail02,safeguarded_hybrid,900,1,time_limit,time_limit,,-200.4499077,,,3,,900.0228836669703,15570,0.057481660876659936,270869,448.6654550000094,0.008772528827998432,0.9569644366834152,0.012544809483551089
rail02,safeguarded_hybrid,900,2,time_limit,time_limit,,-200.4499077,,,3,,900.01827112498,15781,0.058260635214808634,270869,400.98608812503517,0.008804003657364489,0.9565878708896183,0.012489432160933883
rail507,best_bound,10,0,time_limit,time_limit,742.0,174.0,3.264367816091954,0.7678970950546214,7,2.9991906660143286,10.277833333006129,320,0.005078639559428018,63009,2.729914166033268,0.0011246094028385528,0.9957148978717326,0.0023171292989890334
rail507,best_bound,10,1,time_limit,time_limit,749.0,174.0,3.3045977011494254,0.7700456884058801,7,2.6982992499833927,10.017186207987834,315,0.0049992858163119555,63009,2.3864652080228552,0.0010474841311099528,0.9957783808662255,0.001967972829278357
rail507,best_bound,10,2,time_limit,time_limit,749.0,174.0,3.3045977011494254,0.7701659612925882,7,2.875775332970079,10.017078624980059,321,0.00509451030805123,63009,2.5611636249814183,0.001098158259156543,0.9957148978717326,0.0022377755558729705
rail507,best_bound,300,0,time_limit,time_limit,176.0,174.0,0.011494252873563218,0.00013547603475704375,377,2.8208048340165988,300.0094246669905,320,0.005078639559428018,63009,2.5147568749962375,0.0011246094028385528,0.9957148978717326,0.0023171292989890334
rail507,best_bound,300,1,time_limit,time_limit,175.0,174.0,0.005747126436781609,0.00026942355889754513,373,2.642864749999717,300.290969249967,315,0.0049992858163119555,63009,2.32727229205193,0.0010474841311099528,0.9957783808662255,0.001967972829278357
rail507,best_bound,300,2,node_limit,node_limit,177.0,174.0,0.017241379310344827,0.0009416195856874894,401,2.659906500019133,233.545768083015,321,0.00509451030805123,63009,2.3693083749967627,0.001098158259156543,0.9957148978717326,0.0022377755558729705
rail507,best_bound,60,0,time_limit,time_limit,689.0,174.0,2.9597701149425286,0.7478485279507029,39,2.9272474159952253,60.30762033298379,320,0.005078639559428018,63009,2.6790894999867305,0.0011246094028385528,0.9957148978717326,0.0023171292989890334
rail507,best_bound,60,1,time_limit,time_limit,679.0,174.0,2.9022988505747125,0.7438017631133221,43,2.7228382080211304,60.24166833300842,315,0.0049992858163119555,63009,2.4018912080209702,0.0010474841311099528,0.9957783808662255,0.001967972829278357
rail507,best_bound,60,2,time_limit,time_limit,704.0,174.0,3.045977011494253,0.754100329365397,37,2.7489455830072984,60.00335499999346,321,0.00509451030805123,63009,2.4546841660048813,0.001098158259156543,0.9957148978717326,0.0022377755558729705
rail507,best_bound,900,0,node_limit,node_limit,176.0,174.0,0.011494252873563218,0.00016305303681689182,401,2.766823625017423,306.36483766598394,320,0.005078639559428018,63009,2.4731847920338623,0.0011246094028385528,0.9957148978717326,0.0023171292989890334
rail507,best_bound,900,1,node_limit,node_limit,175.0,174.0,0.005747126436781609,0.00026942355889754513,401,2.5499291669693775,308.601639667002,315,0.0049992858163119555,63009,2.2688023329828866,0.0010474841311099528,0.9957783808662255,0.001967972829278357
rail507,best_bound,900,2,node_limit,node_limit,177.0,174.0,0.017241379310344827,0.0009416195856874894,401,2.659154666995164,234.86650216701673,321,0.00509451030805123,63009,2.3642887910245918,0.001098158259156543,0.9957148978717326,0.0022377755558729705
rail507,best_estimate,10,0,time_limit,time_limit,753.0,174.0,3.3275862068965516,0.7712796077915232,7,2.9042560000088997,10.044425958010834,320,0.005078639559428018,63009,2.589248750009574,0.0011246094028385528,0.9957148978717326,0.0023171292989890334
rail507,best_estimate,10,1,time_limit,time_limit,753.0,174.0,3.3275862068965516,0.7712796077915235,5,2.7730824999744073,10.002917499979958,315,0.0049992858163119555,63009,2.4467334169894457,0.0010474841311099528,0.9957783808662255,0.001967972829278357
rail507,best_estimate,10,2,time_limit,time_limit,753.0,174.0,3.3275862068965516,0.771386859240569,5,2.9002115419716574,10.003009207954165,321,0.00509451030805123,63009,2.5799597920267843,0.001098158259156543,0.9957148978717326,0.0022377755558729705
rail507,best_estimate,300,0,time_limit,time_limit,726.0,174.0,3.1724137931034484,0.761776106573408,179,2.810414874984417,300.01704229199095,320,0.005078639559428018,63009,2.521660333033651,0.0011246094028385528,0.9957148978717326,0.0023171292989890334
rail507,best_estimate,300,1,time_limit,time_limit,722.0,174.0,3.1494252873563218,0.7606093987806516,191,2.512495083035901,300.2340733750025,315,0.0049992858163119555,63009,2.22740283398889,0.0010474841311099528,0.9957783808662255,0.001967972829278357
rail507,best_estimate,300,2,time_limit,time_limit,718.0,174.0,3.1264367816091956,0.7593216255793674,199,2.644184250035323,300.0017875410267,321,0.00509451030805123,63009,2.35288674995536,0.001098158259156543,0.9957148978717326,0.0022377755558729705
rail507,best_estimate,60,0,time_limit,time_limit,740.0,174.0,3.2528735632183907,0.7668894404075584,33,3.00392708403524,60.002764375007246,320,0.005078639559428018,63009,2.6829307910520583,0.0011246094028385528,0.9957148978717326,0.0023171292989890334
rail507,best_estimate,60,1,time_limit,time_limit,740.0,174.0,3.2528735632183907,0.7670709907748027,35,2.647599291987717,60.00208708399441,315,0.0049992858163119555,63009,2.3515501670190133,0.0010474841311099528,0.9957783808662255,0.001967972829278357
rail507,best_estimate,60,2,time_limit,time_limit,738.0,174.0,3.2413793103448274,0.7664502756013258,37,2.78670954197878,60.1982735839556,321,0.00509451030805123,63009,2.488584291015286,0.001098158259156543,0.9957148978717326,0.0022377755558729705
rail507,best_estimate,900,0,node_limit,node_limit,697.0,174.0,3.0057471264367814,0.7509666948680657,401,2.7385627079638653,615.1883631660021,320,0.005078639559428018,63009,2.4428497909684666,0.0011246094028385528,0.9957148978717326,0.0023171292989890334
rail507,best_estimate,900,1,node_limit,node_limit,714.0,174.0,3.103448275862069,0.7576863676080443,401,2.514549958985299,622.4774510419811,315,0.0049992858163119555,63009,2.2391244169557467,0.0010474841311099528,0.9957783808662255,0.001967972829278357
rail507,best_estimate,900,2,node_limit,node_limit,709.0,174.0,3.074712643678161,0.7558723478400222,401,2.660663124988787,583.8717810409726,321,0.00509451030805123,63009,2.3715394160244614,0.001098158259156543,0.9957148978717326,0.0022377755558729705
rail507,boltzmann_adaptive,10,0,time_limit,time_limit,750.0,174.0,3.310344827586207,0.770372859374039,7,2.8586163750151172,10.208479584020097,320,0.005078639559428018,63009,2.5367218329920433,0.0011246094028385528,0.9957148978717326,0.0023171292989890334
rail507,boltzmann_adaptive,10,1,time_limit,time_limit,753.0,174.0,3.3275862068965516,0.7712796077915235,5,2.7007121249916963,10.00249199999962,315,0.0049992858163119555,63009,2.374016165966168,0.0010474841311099528,0.9957783808662255,0.001967972829278357
rail507,boltzmann_adaptive,10,2,time_limit,time_limit,753.0,174.0,3.3275862068965516,0.7712877085398794,7,2.900113957992289,10.410942499991506,321,0.00509451030805123,63009,2.569606915989425,0.001098158259156543,0.9957148978717326,0.0022377755558729705
rail507,boltzmann_adaptive,300,0,time_limit,time_limit,727.0,174.0,3.17816091954023,0.7622421850404956,183,2.819017208996229,300.01505870901747,320,0.005078639559428018,63009,2.5266239999909885,0.0011246094028385528,0.9957148978717326,0.0023171292989890334
rail507,boltzmann_adaptive,300,1,time_limit,time_limit,714.0,174.0,3.103448275862069,0.7580367546397728,193,2.5252213329658844,300.0026090419851,315,0.0049992858163119555,63009,2.241532834013924,0.0010474841311099528,0.9957783808662255,0.001967972829278357
rail507,boltzmann_adaptive,300,2,time_limit,time_limit,725.0,174.0,3.1666666666666665,0.7618309658442743,191,2.689975916990079,300.0030631669797,321,0.00509451030805123,63009,2.3971252090414055,0.001098158259156543,0.9957148978717326,0.0022377755558729705
rail507,boltzmann_adaptive,60,0,time_limit,time_limit,740.0,174.0,3.2528735632183907,0.7669079905559683,35,2.946209290996194,60.08576629101299,320,0.005078639559428018,63009,2.6406486249761656,0.0011246094028385528,0.9957148978717326,0.0023171292989890334
rail507,boltzmann_adaptive,60,1,time_limit,time_limit,732.0,174.0,3.206896551724138,0.7644317019883486,35,2.707464249979239,60.018608917016536,315,0.0049992858163119555,63009,2.395895416964777,0.0010474841311099528,0.9957783808662255,0.001967972829278357
rail507,boltzmann_adaptive,60,2,time_limit,time_limit,741.0,174.0,3.2586206896551726,0.76728903742128,35,2.7899597919895314,60.00251458300045,321,0.00509451030805123,63009,2.487040000036359,0.001098158259156543,0.9957148978717326,0.0022377755558729705
rail507,boltzmann_adaptive,900,0,node_limit,node_limit,718.0,174.0,3.1264367816091956,0.759164165358472,401,2.718104083032813,628.2625880420092,320,0.005078639559428018,63009,2.435019332973752,0.0011246094028385528,0.9957148978717326,0.0023171292989890334
rail507,boltzmann_adaptive,900,1,node_limit,node_limit,712.0,174.0,3.0919540229885056,0.7571157420048547,401,2.5066513339988887,613.6428960000048,315,0.0049992858163119555,63009,2.220130625006277,0.0010474841311099528,0.9957783808662255,0.001967972829278357
rail507,boltzmann_adaptive,900,2,node_limit,node_limit,717.0,174.0,3.1206896551724137,0.7587592275307841,401,2.66566779196728,616.4816771670012,321,0.00509451030805123,63009,2.376646082964726,0.001098158259156543,0.9957148978717326,0.0022377755558729705
rail507,depth_first,10,0,time_limit,time_limit,746.0,174.0,3.2873563218390807,0.7691416146521838,7,2.950326749996748,10.285909832979087,320,0.005078639559428018,63009,2.6888794159749523,0.0011246094028385528,0.9957148978717326,0.0023171292989890334
rail507,depth_first,10,1,time_limit,time_limit,749.0,174.0,3.3045977011494254,0.7700456884058801,7,2.7027770840213634,10.014995292003732,315,0.0049992858163119555,63009,2.3666781250503846,0.0010474841311099528,0.9957783808662255,0.001967972829278357
rail507,depth_first,10,2,time_limit,time_limit,749.0,174.0,3.3045977011494254,0.7701659612925882,7,2.851306000025943,10.01758945902111,321,0.00509451030805123,63009,2.5072601250139996,0.001098158259156543,0.9957148978717326,0.0022377755558729705
rail507,depth_first,300,0,time_limit,time_limit,176.0,174.0,0.011494252873563218,0.00026244726295600947,383,2.8479425420518965,300.0044530420564,320,0.005078639559428018,63009,2.5557388329762034,0.0011246094028385528,0.9957148978717326,0.0023171292989890334
rail507,depth_first,300,1,node_limit,node_limit,175.0,174.0,0.005747126436781609,0.00023822584436987068,401,2.656761250051204,292.9824782910291,315,0.0049992858163119555,63009,2.338890791987069,0.0010474841311099528,0.9957783808662255,0.001967972829278357
rail507,depth_first,300,2,node_limit,node_limit,177.0,174.0,0.017241379310344827,0.001071498149230392,401,2.6613157500396483,234.1740810830379,321,0.00509451030805123,63009,2.3665133750182576,0.001098158259156543,0.9957148978717326,0.0022377755558729705
rail507,depth_first,60,0,time_limit,time_limit,689.0,174.0,2.9597701149425286,0.7478485279507029,37,2.9780527079710737,60.00276116695022,320,0.005078639559428018,63009,2.6767094579990953,0.0011246094028385528,0.9957148978717326,0.0023171292989890334
rail507,depth_first,60,1,time_limit,time_limit,679.0,174.0,2.9022988505747125,0.7438017631133221,43,2.6658745410386473,60.27661258302396,315,0.0049992858163119555,63009,2.3378602919983678,0.0010474841311099528,0.9957783808662255,0.001967972829278357
rail507,depth_first,60,2,time_limit,time_limit,704.0,174.0,3.045977011494253,0.754100329365397,37,2.7978742080158554,60.00142837502062,321,0.00509451030805123,63009,2.485072040988598,0.001098158259156543,0.9957148978717326,0.0022377755558729705
rail507,depth_first,900,0,node_limit,node_limit,176.0,174.0,0.011494252873563218,0.0005423240153264301,401,2.7422874159528874,302.5005227079964,320,0.005078639559428018,63009,2.4565051249810494,0.0011246094028385528,0.9957148978717326,0.0023171292989890334
rail507,depth_first,900,1,node_limit,node_limit,175.0,174.0,0.005747126436781609,0.00023822584436987068,401,2.5346837090328336,286.5329714170075,315,0.0049992858163119555,63009,2.2496537920087576,0.0010474841311099528,0.9957783808662255,0.001967972829278357
rail507,depth_first,900,2,node_limit,node_limit,177.0,174.0,0.017241379310344827,0.001071498149230392,401,2.693388124986086,234.32124662498245,321,0.00509451030805123,63009,2.395549749955535,0.001098158259156543,0.9957148978717326,0.0022377755558729705
rail507,greedy_score,10,0,time_limit,time_limit,746.0,174.0,3.2873563218390807,0.7690448309666916,7,2.902171541005373,10.184404041036032,320,0.005078639559428018,63009,2.5847938749939203,0.0011246094028385528,0.9957148978717326,0.0023171292989890334
rail507,greedy_score,10,1,time_limit,time_limit,750.0,174.0,3.310344827586207,0.7701968929798659,7,2.7216534999897704,10.019717082963325,315,0.0049992858163119555,63009,2.409867333015427,0.0010474841311099528,0.9957783808662255,0.001967972829278357
rail507,greedy_score,10,2,time_limit,time_limit,749.0,174.0,3.3045977011494254,0.7701659612925882,7,2.748925791005604,10.019072208029684,321,0.00509451030805123,63009,2.487254749983549,0.001098158259156543,0.9957148978717326,0.0022377755558729705
rail507,greedy_score,300,0,time_limit,time_limit,724.0,174.0,3.160919540229885,0.7612552049188699,179,2.8087231250246987,300.0025059999898,320,0.005078639559428018,63009,2.525823208037764,0.0011246094028385528,0.9957148978717326,0.0023171292989890334
rail507,greedy_score,300,1,time_limit,time_limit,729.0,174.0,3.189655172413793,0.762779709612423,191,2.500576332968194,300.1089611669886,315,0.0049992858163119555,63009,2.221386249992065,0.0010474841311099528,0.9957783808662255,0.001967972829278357
rail507,greedy_score,300,2,time_limit,time_limit,719.0,174.0,3.132183908045977,0.7596392945686721,193,2.6511805420159362,300.01485845900606,321,0.00509451030805123,63009,2.360565749986563,0.001098158259156543,0.9957148978717326,0.0022377755558729705
rail507,greedy_score,60,0,time_limit,time_limit,740.0,174.0,3.2528735632183907,0.7669783862911776,33,2.93512058298802,60.018570207990706,320,0.005078639559428018,63009,2.624885541968979,0.0011246094028385528,0.9957148978717326,0.0023171292989890334
rail507,greedy_score,60,1,time_limit,time_limit,741.0,174.0,3.2586206896551726,0.7669578102489051,35,2.6143047920195386,60.01928241702262,315,0.0049992858163119555,63009,2.3168188750278205,0.0010474841311099528,0.9957783808662255,0.001967972829278357
rail507,greedy_score,60,2,time_limit,time_limit,738.0,174.0,3.2413793103448274,0.7664502756013258,35,2.7817616250249557,60.00210045801941,321,0.00509451030805123,63009,2.4664329160004854,0.001098158259156543,0.9957148978717326,0.0022377755558729705
rail507,greedy_score,900,0,node_limit,node_limit,718.0,174.0,3.1264367816091956,0.7590902861942453,401,2.732778541976586,636.9617438329733,320,0.005078639559428018,63009,2.4448915000539273,0.0011246094028385528,0.9957148978717326,0.0023171292989890334
rail507,greedy_score,900,1,node_limit,node_limit,720.0,174.0,3.1379310344827585,0.7596193069447906,401,2.5640360830002464,623.2429473749944,315,0.0049992858163119555,63009,2.2843279580119997,0.0010474841311099528,0.9957783808662255,0.001967972829278357
rail507,greedy_score,900,2,node_limit,node_limit,711.0,174.0,3.086206896551724,0.7567870767948709,401,2.6295474999933504,606.5209841660107,321,0.00509451030805123,63009,2.343988040986005,0.001098158259156543,0.9957148978717326,0.0022377755558729705
rail507,hybrid_best_bound_depth,10,0,time_limit,time_limit,742.0,174.0,3.264367816091954,0.7678970950546214,7,3.039529917004984,10.221373167005368,320,0.005078639559428018,63009,2.7146496669738553,0.0011246094028385528,0.9957148978717326,0.0023171292989890334
rail507,hybrid_best_bound_depth,10,1,time_limit,time_limit,749.0,174.0,3.3045977011494254,0.7700456884058801,7,2.777588124969043,10.015807249990758,315,0.0049992858163119555,63009,2.446461667015683,0.0010474841311099528,0.9957783808662255,0.001967972829278357
rail507,hybrid_best_bound_depth,10,2,time_limit,time_limit,749.0,174.0,3.3045977011494254,0.7701659612925882,7,2.8195720000076108,10.018623124982696,321,0.00509451030805123,63009,2.4990435000509024,0.001098158259156543,0.9957148978717326,0.0022377755558729705
rail507,hybrid_best_bound_depth,300,0,time_limit,time_limit,176.0,174.0,0.011494252873563218,0.00013547603475704375,375,2.84420275001321,300.0169591669692,320,0.005078639559428018,63009,2.537023374985438,0.0011246094028385528,0.9957148978717326,0.0023171292989890334
rail507,hybrid_best_bound_depth,300,1,time_limit,time_limit,175.0,174.0,0.005747126436781609,2.891479172327698e-05,375,2.645739625033457,300.0028157500201,315,0.0049992858163119555,63009,2.347948374983389,0.0010474841311099528,0.9957783808662255,0.001967972829278357
rail507,hybrid_best_bound_depth,300,2,node_limit,node_limit,177.0,174.0,0.017241379310344827,0.0009416195856874894,401,2.6708099170355126,235.05090004199883,321,0.00509451030805123,63009,2.3869282079976983,0.001098158259156543,0.9957148978717326,0.0022377755558729705
rail507,hybrid_best_bound_depth,60,0,time_limit,time_limit,689.0,174.0,2.9597701149425286,0.7478485279507029,37,2.9011615000199527,60.002224209019914,320,0.005078639559428018,63009,2.5866277500172146,0.0011246094028385528,0.9957148978717326,0.0023171292989890334
rail507,hybrid_best_bound_depth,60,1,time_limit,time_limit,679.0,174.0,2.9022988505747125,0.7438017631133221,43,2.6353440419770777,60.01595862500835,315,0.0049992858163119555,63009,2.332888292032294,0.0010474841311099528,0.9957783808662255,0.001967972829278357
rail507,hybrid_best_bound_depth,60,2,time_limit,time_limit,704.0,174.0,3.045977011494253,0.754100329365397,37,2.782542792032473,60.001832458016,321,0.00509451030805123,63009,2.472101749968715,0.001098158259156543,0.9957148978717326,0.0022377755558729705
rail507,hybrid_best_bound_depth,900,0,node_limit,node_limit,176.0,174.0,0.011494252873563218,0.00016305303681689182,401,2.752300040971022,305.3939753329614,320,0.005078639559428018,63009,2.460754292027559,0.0011246094028385528,0.9957148978717326,0.0023171292989890334
rail507,hybrid_best_bound_depth,900,1,node_limit,node_limit,175.0,174.0,0.005747126436781609,0.00026942355889754513,401,2.5265952079789713,308.6575474999845,315,0.0049992858163119555,63009,2.245310291007627,0.0010474841311099528,0.9957783808662255,0.001967972829278357
rail507,hybrid_best_bound_depth,900,2,node_limit,node_limit,177.0,174.0,0.017241379310344827,0.0009416195856874894,401,2.6530272910022177,235.0951793330023,321,0.00509451030805123,63009,2.3720007500378415,0.001098158259156543,0.9957148978717326,0.0022377755558729705
rail507,learned_portfolio,10,0,time_limit,time_limit,742.0,174.0,3.264367816091954,0.7678970950546214,7,2.586799249984324,10.136010624992196,320,0.005078639559428018,63009,2.2574422910111025,0.0011246094028385528,0.9957148978717326,0.0023171292989890334
rail507,learned_portfolio,10,1,time_limit,time_limit,749.0,174.0,3.3045977011494254,0.7700456884058801,7,2.2611116250045598,10.018109125026967,315,0.0049992858163119555,63009,1.9210975840105675,0.0010474841311099528,0.9957783808662255,0.001967972829278357
rail507,learned_portfolio,10,2,time_limit,time_limit,749.0,174.0,3.3045977011494254,0.7701659612925882,7,2.2718353749951348,10.018505249987356,321,0.00509451030805123,63009,2.019110749999527,0.001098158259156543,0.9957148978717326,0.0022377755558729705
rail507,learned_portfolio,300,0,time_limit,time_limit,721.0,174.0,3.1436781609195403,0.760178368467284,173,2.3991259589674883,300.001380458998,320,0.005078639559428018,63009,2.0713251249981113,0.0011246094028385528,0.9957148978717326,0.0023171292989890334
rail507,learned_portfolio,300,1,time_limit,time_limit,723.0,174.0,3.1551724137931036,0.7607423667469702,171,2.1849495000205934,300.0023107919842,315,0.0049992858163119555,63009,1.8558228749898262,0.0010474841311099528,0.9957783808662255,0.001967972829278357
rail507,learned_portfolio,300,2,time_limit,time_limit,703.0,174.0,3.0402298850574714,0.7533025783068226,175,2.344036916969344,300.0175734589575,321,0.00509451030805123,63009,2.020089875033591,0.001098158259156543,0.9957148978717326,0.0022377755558729705
rail507,learned_portfolio,60,0,time_limit,time_limit,738.0,174.0,3.2413793103448274,0.7663082516270331,33,2.4414075409877114,60.002002708031796,320,0.005078639559428018,63009,2.1228847499587573,0.0011246094028385528,0.9957148978717326,0.0023171292989890334
rail507,learned_portfolio,60,1,time_limit,time_limit,738.0,174.0,3.2413793103448274,0.7661375525466326,35,2.218150875007268,60.0174037500401,315,0.0049992858163119555,63009,1.8903144579962827,0.0010474841311099528,0.9957783808662255,0.001967972829278357
rail507,learned_portfolio,60,2,time_limit,time_limit,737.0,174.0,3.235632183908046,0.7659793778974998,35,2.371057541051414,60.00273520802148,321,0.00509451030805123,63009,2.042860332992859,0.001098158259156543,0.9957148978717326,0.0022377755558729705
rail507,learned_portfolio,900,0,node_limit,node_limit,695.0,174.0,2.9942528735632186,0.7503141439835802,401,2.412695167004131,629.6392014590092,320,0.005078639559428018,63009,2.0915780829964206,0.0011246094028385528,0.9957148978717326,0.0023171292989890334
rail507,learned_portfolio,900,1,node_limit,node_limit,716.0,174.0,3.1149425287356323,0.7581830260066837,401,2.197707833023742,648.7530893750372,315,0.0049992858163119555,63009,1.8678605839959346,0.0010474841311099528,0.9957783808662255,0.001967972829278357
rail507,learned_portfolio,900,2,node_limit,node_limit,663.0,174.0,2.810344827586207,0.7370748328356391,401,2.3547077500261366,621.9565187920234,321,0.00509451030805123,63009,2.0274397500324994,0.001098158259156543,0.9957148978717326,0.0022377755558729705
rail507,learned_v2,10,0,time_limit,time_limit,742.0,174.0,3.264367816091954,0.7678970950546214,7,2.5124686250346713,10.36443437502021,320,0.005078639559428018,63009,2.250468624988571,0.0011246094028385528,0.9957148978717326,0.0023171292989890334
rail507,learned_v2,10,1,time_limit,time_limit,749.0,174.0,3.3045977011494254,0.7700456884058801,7,2.2184954999829642,10.019479707989376,315,0.0049992858163119555,63009,1.9643880000221543,0.0010474841311099528,0.9957783808662255,0.001967972829278357
rail507,learned_v2,10,2,time_limit,time_limit,749.0,174.0,3.3045977011494254,0.7701659612925882,7,2.3621979159652255,10.018207874963991,321,0.00509451030805123,63009,2.10329333296977,0.001098158259156543,0.9957148978717326,0.0022377755558729705
rail507,learned_v2,300,0,time_limit,time_limit,176.0,174.0,0.011494252873563218,0.0005423240153267531,349,2.3971791670192033,300.3241401250125,320,0.005078639559428018,63009,2.0736069999984466,0.0011246094028385528,0.9957148978717326,0.0023171292989890334
rail507,learned_v2,300,1,time_limit,time_limit,175.0,174.0,0.005747126436781609,3.846708660018651e-06,333,2.2236510000075214,300.01745508395834,315,0.0049992858163119555,63009,1.892470708990004,0.0010474841311099528,0.9957783808662255,0.001967972829278357
rail507,learned_v2,300,2,node_limit,node_limit,177.0,174.0,0.017241379310344827,0.0009416195856874894,401,2.361913500004448,263.47240900003817,321,0.00509451030805123,63009,2.029104457993526,0.001098158259156543,0.9957148978717326,0.0022377755558729705
rail507,learned_v2,60,0,time_limit,time_limit,689.0,174.0,2.9597701149425286,0.747890051826291,37,2.444382250017952,60.02020662499126,320,0.005078639559428018,63009,2.122416250000242,0.0011246094028385528,0.9957148978717326,0.0023171292989890334
rail507,learned_v2,60,1,time_limit,time_limit,684.0,174.0,2.9310344827586206,0.745744279034632,41,2.2460306250141002,60.101079042011406,315,0.0049992858163119555,63009,1.9124718749662861,0.0010474841311099528,0.9957783808662255,0.001967972829278357
rail507,learned_v2,60,2,time_limit,time_limit,712.0,174.0,3.0919540229885056,0.7570202728754877,35,2.383070832991507,60.0030564579647,321,0.00509451030805123,63009,2.0477647079969756,0.001098158259156543,0.9957148978717326,0.0022377755558729705
rail507,learned_v2,900,0,node_limit,node_limit,176.0,174.0,0.011494252873563218,0.00016305303681689182,401,2.3677377089625224,333.19088887498947,320,0.005078639559428018,63009,2.0425787499989383,0.0011246094028385528,0.9957148978717326,0.0023171292989890334
rail507,learned_v2,900,1,node_limit,node_limit,175.0,174.0,0.005747126436781609,0.00026942355889754513,401,2.175626457959879,331.29918858298333,315,0.0049992858163119555,63009,1.8527729589841329,0.0010474841311099528,0.9957783808662255,0.001967972829278357
rail507,learned_v2,900,2,node_limit,node_limit,177.0,174.0,0.017241379310344827,0.0009416195856874894,401,2.3472373749827966,260.03398995799944,321,0.00509451030805123,63009,2.0145425000227988,0.001098158259156543,0.9957148978717326,0.0022377755558729705
rail507,random_uniform,10,0,time_limit,time_limit,746.0,174.0,3.2873563218390807,0.7690448309666916,7,2.92937491601333,10.23839399998542,320,0.005078639559428018,63009,2.619825916015543,0.0011246094028385528,0.9957148978717326,0.0023171292989890334
rail507,random_uniform,10,1,time_limit,time_limit,753.0,174.0,3.3275862068965516,0.7712796077915235,5,2.7674059579730965,10.003410000004806,315,0.0049992858163119555,63009,2.4290857080486603,0.0010474841311099528,0.9957783808662255,0.001967972829278357
rail507,random_uniform,10,2,time_limit,time_limit,753.0,174.0,3.3275862068965516,0.7712877085398794,7,2.849958000006154,10.281844125012867,321,0.00509451030805123,63009,2.5383672079769894,0.001098158259156543,0.9957148978717326,0.0022377755558729705
rail507,random_uniform,300,0,time_limit,time_limit,724.0,174.0,3.160919540229885,0.7611659646627648,185,2.834217916999478,300.3764389589778,320,0.005078639559428018,63009,2.536277292005252,0.0011246094028385528,0.9957148978717326,0.0023171292989890334
rail507,random_uniform,300,1,time_limit,time_limit,717.0,174.0,3.1206896551724137,0.7590889835286612,187,2.621978915994987,300.00184275000356,315,0.0049992858163119555,63009,2.3202538330224343,0.0010474841311099528,0.9957783808662255,0.001967972829278357
rail507,random_uniform,300,2,time_limit,time_limit,698.0,174.0,3.0114942528735633,0.751891778806227,213,2.684870833007153,300.0020038750372,321,0.00509451030805123,63009,2.394023917033337,0.001098158259156543,0.9957148978717326,0.0022377755558729705
rail507,random_uniform,60,0,time_limit,time_limit,742.0,174.0,3.264367816091954,0.7677192314486514,33,2.8961209999979474,60.003888249979354,320,0.005078639559428018,63009,2.5865318750147708,0.0011246094028385528,0.9957148978717326,0.0023171292989890334
rail507,random_uniform,60,1,time_limit,time_limit,736.0,174.0,3.2298850574712645,0.7657119644775426,35,2.6701712500071153,60.016186583961826,315,0.0049992858163119555,63009,2.368313417013269,0.0010474841311099528,0.9957783808662255,0.001967972829278357
rail507,random_uniform,60,2,time_limit,time_limit,727.0,174.0,3.17816091954023,0.7626319569161558,37,2.8191694170236588,60.006376250006724,321,0.00509451030805123,63009,2.527728874993045,0.001098158259156543,0.9957148978717326,0.0022377755558729705
rail507,random_uniform,900,0,node_limit,node_limit,722.0,174.0,3.1494252873563218,0.7605028240516256,401,2.7412032920401543,624.7473115000175,320,0.005078639559428018,63009,2.462706749967765,0.0011246094028385528,0.9957148978717326,0.0023171292989890334
rail507,random_uniform,900,1,node_limit,node_limit,706.0,174.0,3.057471264367816,0.7549785825792332,401,2.544806583027821,619.083821874985,315,0.0049992858163119555,63009,2.252568166004494,0.0010474841311099528,0.9957783808662255,0.001967972829278357
rail507,random_uniform,900,2,node_limit,node_limit,693.0,174.0,2.9827586206896552,0.7499853755169192,401,2.658450332994107,555.4298075829865,321,0.00509451030805123,63009,2.3639217499876395,0.001098158259156543,0.9957148978717326,0.0022377755558729705
rail507,safeguarded_hybrid,10,0,time_limit,time_limit,742.0,174.0,3.264367816091954,0.7678970950546214,7,2.9129159170552157,10.166223750042263,320,0.005078639559428018,63009,2.589506959018763,0.0011246094028385528,0.9957148978717326,0.0023171292989890334
rail507,safeguarded_hybrid,10,1,time_limit,time_limit,749.0,174.0,3.3045977011494254,0.7700456884058801,7,2.7400292500387877,10.01627520803595,315,0.0049992858163119555,63009,2.4045713749947026,0.0010474841311099528,0.9957783808662255,0.001967972829278357
rail507,safeguarded_hybrid,10,2,time_limit,time_limit,749.0,174.0,3.3045977011494254,0.7701659612925882,7,2.9587485829833895,10.017176540975925,321,0.00509451030805123,63009,2.634673834021669,0.001098158259156543,0.9957148978717326,0.0022377755558729705
rail507,safeguarded_hybrid,300,0,time_limit,time_limit,721.0,174.0,3.1436781609195403,0.760178368467284,189,2.829508875031024,300.01605729199946,320,0.005078639559428018,63009,2.5361517920391634,0.0011246094028385528,0.9957148978717326,0.0023171292989890334
rail507,safeguarded_hybrid,300,1,time_limit,time_limit,723.0,174.0,3.1551724137931036,0.7607423667469702,193,2.5398233750020154,300.00336658302695,315,0.0049992858163119555,63009,2.255564958031755,0.0010474841311099528,0.9957783808662255,0.001967972829278357
rail507,safeguarded_hybrid,300,2,time_limit,time_limit,697.0,174.0,3.0057471264367814,0.7510161393808622,197,2.672852082992904,300.01443308300804,321,0.00509451030805123,63009,2.3903242080123164,0.001098158259156543,0.9957148978717326,0.0022377755558729705
rail507,safeguarded_hybrid,60,0,time_limit,time_limit,736.0,174.0,3.2298850574712645,0.7656732197021066,35,2.895124458009377,60.018212875002064,320,0.005078639559428018,63009,2.5662786250468343,0.0011246094028385528,0.9957148978717326,0.0023171292989890334
rail507,safeguarded_hybrid,60,1,time_limit,time_limit,738.0,174.0,3.2413793103448274,0.7661375525466326,37,2.6480312920175493,60.02788429200882,315,0.0049992858163119555,63009,2.355396291008219,0.0010474841311099528,0.9957783808662255,0.001967972829278357
rail507,safeguarded_hybrid,60,2,time_limit,time_limit,737.0,174.0,3.235632183908046,0.7658256436089201,37,2.8219297910109162,60.01640179101378,321,0.00509451030805123,63009,2.51344395900378,0.001098158259156543,0.9957148978717326,0.0022377755558729705
rail507,safeguarded_hybrid,900,0,node_limit,node_limit,695.0,174.0,2.9942528735632186,0.7503141439835802,401,2.7395146249909885,601.0824397499673,320,0.005078639559428018,63009,2.4489244160358794,0.0011246094028385528,0.9957148978717326,0.0023171292989890334
rail507,safeguarded_hybrid,900,1,node_limit,node_limit,716.0,174.0,3.1149425287356323,0.7581830260066837,401,2.5375969579908997,618.3771364170243,315,0.0049992858163119555,63009,2.255299083015416,0.0010474841311099528,0.9957783808662255,0.001967972829278357
rail507,safeguarded_hybrid,900,2,node_limit,node_limit,663.0,174.0,2.810344827586207,0.7370748328356391,401,2.7006035830127075,587.0900982919848,321,0.00509451030805123,63009,2.4074263329966925,0.001098158259156543,0.9957148978717326,0.0022377755558729705
savsched1,best_bound,10,0,solver_status_107,root_lp_timeout,,3217.7,,,1,,10.042588291980792,0,0.0,252731,10.042080749990419,,,
savsched1,best_bound,10,1,solver_status_107,root_lp_timeout,,3217.7,,,1,,10.062236208003014,0,0.0,252731,10.061983124993276,,,
savsched1,best_bound,10,2,solver_status_107,root_lp_timeout,,3217.7,,,1,,10.064156709006056,0,0.0,252731,10.063887208991218,,,
savsched1,best_bound,300,0,time_limit,time_limit,,3217.7,,,7,,300.1060694170301,21436,0.08481745413107217,252731,88.92121608305024,0.03133656552943535,0.9174299947374877,0.06846409819135761
savsched1,best_bound,300,1,time_limit,time_limit,,3217.7,,,5,,300.16403558297316,21836,0.08640016460188897,252731,196.23298545897705,0.03205667123616828,0.916239005108198,0.06969465558241766
savsched1,best_bound,300,2,time_limit,time_limit,,3217.7,,,7,,300.15125337505015,20738,0.08205562435949686,252731,51.74717729201075,0.03020082489801617,0.9203144845705513,0.06544903474445161
savsched1,best_bound,60,0,solver_status_107,root_lp_timeout,,3217.7,,,1,,60.06540600000881,0,0.0,252731,60.065074958023615,,,
savsched1,best_bound,60,1,solver_status_107,root_lp_timeout,,3217.7,,,1,,60.068974249996245,0,0.0,252731,60.06870995799545,,,
savsched1,best_bound,60,2,time_limit,time_limit,,3217.7,,,3,,60.12212029204238,20738,0.08205562435949686,252731,54.47510774998227,0.03020082489801617,0.9203144845705513,0.06544903474445161
savsched1,best_bound,900,0,time_limit,time_limit,,3217.7,,,15,,900.1667822080199,21436,0.08481745413107217,252731,70.62464679195546,0.03133656552943535,0.9174299947374877,0.06846409819135761
savsched1,best_bound,900,1,time_limit,time_limit,,3217.7,,,13,,900.0457300420385,21836,0.08640016460188897,252731,198.42211729101837,0.03205667123616828,0.916239005108198,0.06969465558241766
savsched1,best_bound,900,2,time_limit,time_limit,,3217.7,,,11,,900.1842202909756,20738,0.08205562435949686,252731,66.81380616599927,0.03020082489801617,0.9203144845705513,0.06544903474445161
savsched1,best_estimate,10,0,solver_status_107,root_lp_timeout,,3217.7,,,1,,10.050192957976833,0,0.0,252731,10.049858917016536,,,
savsched1,best_estimate,10,1,solver_status_107,root_lp_timeout,,3217.7,,,1,,10.048721708997618,0,0.0,252731,10.04842412500875,,,
savsched1,best_estimate,10,2,solver_status_107,root_lp_timeout,,3217.7,,,1,,10.058116334024817,0,0.0,252731,10.057847542047966,,,
savsched1,best_estimate,300,0,time_limit,time_limit,,3217.7,,,7,,300.12741754204035,21436,0.08481745413107217,252731,88.81065487500746,0.03133656552943535,0.9174299947374877,0.06846409819135761
savsched1,best_estimate,300,1,time_limit,time_limit,,3217.7,,,7,,300.1528405830031,21836,0.08640016460188897,252731,201.29941329197027,0.03205667123616828,0.916239005108198,0.06969465558241766
savsched1,best_estimate,300,2,time_limit,time_limit,,3217.7,,,5,,300.04749116604216,20738,0.08205562435949686,252731,67.40195912501076,0.03020082489801617,0.9203144845705513,0.06544903474445161
savsched1,best_estimate,60,0,solver_status_107,root_lp_timeout,,3217.7,,,1,,60.06443229195429,0,0.0,252731,60.06409437500406,,,
savsched1,best_estimate,60,1,solver_status_107,root_lp_timeout,,3217.7,,,1,,60.059976541029755,0,0.0,252731,60.05960183299612,,,
savsched1,best_estimate,60,2,time_limit,time_limit,,3217.7,,,3,,60.10982149996562,20738,0.08205562435949686,252731,56.77794629201526,0.03020082489801617,0.9203144845705513,0.06544903474445161
savsched1,best_estimate,900,0,time_limit,time_limit,,3217.7,,,11,,900.1643382920302,21436,0.08481745413107217,252731,88.46348450001096,0.03133656552943535,0.9174299947374877,0.06846409819135761
savsched1,best_estimate,900,1,time_limit,time_limit,,3217.7,,,13,,900.1557666670415,21836,0.08640016460188897,252731,195.78693562501576,0.03205667123616828,0.916239005108198,0.06969465558241766
savsched1,best_estimate,900,2,time_limit,time_limit,,3217.7,,,15,,900.1399115410168,20738,0.08205562435949686,252731,61.56694366701413,0.03020082489801617,0.9203144845705513,0.06544903474445161
savsched1,boltzmann_adaptive,10,0,solver_status_107,root_lp_timeout,,3217.7,,,1,,10.062889125023503,0,0.0,252731,10.062582958023995,,,
savsched1,boltzmann_adaptive,10,1,solver_status_107,root_lp_timeout,,3217.7,,,1,,10.027953707962297,0,0.0,252731,10.027712249953765,,,
savsched1,boltzmann_adaptive,10,2,solver_status_107,root_lp_timeout,,3217.7,,,1,,10.06446187500842,0,0.0,252731,10.06415074999677,,,
savsched1,boltzmann_adaptive,300,0,time_limit,time_limit,,3217.7,,,5,,300.1761846249574,21436,0.08481745413107217,252731,100.9352206659969,0.03133656552943535,0.9174299947374877,0.06846409819135761
savsched1,boltzmann_adaptive,300,1,time_limit,time_limit,,3217.7,,,7,,300.1350673340494,21836,0.08640016460188897,252731,200.71060004096944,0.03205667123616828,0.916239005108198,0.06969465558241766
savsched1,boltzmann_adaptive,300,2,time_limit,time_limit,,3217.7,,,5,,300.1674075839692,20738,0.08205562435949686,252731,66.84756324999034,0.03020082489801617,0.9203144845705513,0.06544903474445161
savsched1,boltzmann_adaptive,60,0,solver_status_107,root_lp_timeout,,3217.7,,,1,,60.065515834023245,0,0.0,252731,60.065159207966644,,,
savsched1,boltzmann_adaptive,60,1,solver_status_107,root_lp_timeout,,3217.7,,,1,,60.06359362503281,0,0.0,252731,60.06326716596959,,,
savsched1,boltzmann_adaptive,60,2,time_limit,time_limit,,3217.7,,,3,,60.10378220799612,20738,0.08205562435949686,252731,59.051037708006334,0.03020082489801617,0.9203144845705513,0.06544903474445161
savsched1,boltzmann_adaptive,900,0,time_limit,time_limit,,3217.7,,,11,,900.162803958985,21436,0.08481745413107217,252731,99.48973433300853,0.03133656552943535,0.9174299947374877,0.06846409819135761
savsched1,boltzmann_adaptive,900,1,time_limit,time_limit,,3217.7,,,15,,900.1653374999878,21836,0.08640016460188897,252731,195.05637737503275,0.03205667123616828,0.916239005108198,0.06969465558241766
savsched1,boltzmann_adaptive,900,2,time_limit,time_limit,,3217.7,,,13,,900.0525006670505,20738,0.08205562435949686,252731,36.29932979197474,0.03020082489801617,0.9203144845705513,0.06544903474445161
savsched1,depth_first,10,0,solver_status_107,root_lp_timeout,,3217.7,,,1,,10.053682958008721,0,0.0,252731,10.053430084022693,,,
savsched1,depth_first,10,1,solver_status_107,root_lp_timeout,,3217.7,,,1,,10.04716920905048,0,0.0,252731,10.046860834001563,,,
savsched1,depth_first,10,2,solver_status_107,root_lp_timeout,,3217.7,,,1,,10.063236957998015,0,0.0,252731,10.06297775002895,,,
savsched1,depth_first,300,0,time_limit,time_limit,,3217.7,,,7,,300.1398632499622,21436,0.08481745413107217,252731,87.53016308299266,0.03133656552943535,0.9174299947374877,0.06846409819135761
savsched1,depth_first,300,1,time_limit,time_limit,,3217.7,,,5,,300.15558883402264,21836,0.08640016460188897,252731,156.04407820897177,0.03205667123616828,0.916239005108198,0.06969465558241766
savsched1,depth_first,300,2,time_limit,time_limit,,3217.7,,,5,,300.2083384580328,20738,0.08205562435949686,252731,71.7978165000095,0.03020082489801617,0.9203144845705513,0.06544903474445161
savsched1,depth_first,60,0,solver_status_107,root_lp_timeout,,3217.7,,,1,,60.06398699997226,0,0.0,252731,60.0636250830139,,,
savsched1,depth_first,60,1,solver_status_107,root_lp_timeout,,3217.7,,,1,,60.06164754094789,0,0.0,252731,60.061336583981756,,,
savsched1,depth_first,60,2,time_limit,time_limit,,3217.7,,,3,,60.13259391702013,20738,0.08205562435949686,252731,56.19992129202001,0.03020082489801617,0.9203144845705513,0.06544903474445161
savsched1,depth_first,900,0,time_limit,time_limit,,3217.7,,,15,,900.1186161660007,21436,0.08481745413107217,252731,76.81928870803677,0.03133656552943535,0.9174299947374877,0.06846409819135761
savsched1,depth_first,900,1,time_limit,time_limit,,3217.7,,,19,,900.1525487919571,21836,0.08640016460188897,252731,199.0197017500177,0.03205667123616828,0.916239005108198,0.06969465558241766
savsched1,depth_first,900,2,time_limit,time_limit,,3217.7,,,15,,900.0773101660307,20738,0.08205562435949686,252731,67.09720891696634,0.03020082489801617,0.9203144845705513,0.06544903474445161
savsched1,greedy_score,10,0,solver_status_107,root_lp_timeout,,3217.7,,,1,,10.060607708001044,0,0.0,252731,10.060282208025455,,,
savsched1,greedy_score,10,1,solver_status_107,root_lp_timeout,,3217.7,,,1,,10.054204124957323,0,0.0,252731,10.053880791994743,,,
savsched1,greedy_score,10,2,solver_status_107,root_lp_timeout,,3217.7,,,1,,10.064951874956023,0,0.0,252731,10.064604750019498,,,
savsched1,greedy_score,300,0,time_limit,time_limit,,3217.7,,,7,,300.1923636250431,21436,0.08481745413107217,252731,89.54086245899089,0.03133656552943535,0.9174299947374877,0.06846409819135761
savsched1,greedy_score,300,1,time_limit,time_limit,,3217.7,,,5,,300.17226787505206,21836,0.08640016460188897,252731,186.11916383402422,0.03205667123616828,0.916239005108198,0.06969465558241766
savsched1,greedy_score,300,2,time_limit,time_limit,,3217.7,,,7,,300.16659041598905,20738,0.08205562435949686,252731,67.45345170801738,0.03020082489801617,0.9203144845705513,0.06544903474445161
savsched1,greedy_score,60,0,solver_status_107,root_lp_timeout,,3217.7,,,1,,60.068775332998484,0,0.0,252731,60.06844875001116,,,
savsched1,greedy_score,60,1,solver_status_107,root_lp_timeout,,3217.7,,,1,,60.01259975001449,0,0.0,252731,60.01228279201314,,,
savsched1,greedy_score,60,2,time_limit,time_limit,,3217.7,,,3,,60.093808125006035,20738,0.08205562435949686,252731,57.95042875001673,0.03020082489801617,0.9203144845705513,0.06544903474445161
savsched1,greedy_score,900,0,time_limit,time_limit,,3217.7,,,15,,900.1616505000275,21436,0.08481745413107217,252731,69.64949766697828,0.03133656552943535,0.9174299947374877,0.06846409819135761
savsched1,greedy_score,900,1,time_limit,time_limit,,3217.7,,,11,,900.0743522499688,21836,0.08640016460188897,252731,195.51227970799664,0.03205667123616828,0.916239005108198,0.06969465558241766
savsched1,greedy_score,900,2,time_limit,time_limit,,3217.7,,,15,,900.1390462080017,20738,0.08205562435949686,252731,62.19970008300152,0.03020082489801617,0.9203144845705513,0.06544903474445161
savsched1,hybrid_best_bound_depth,10,0,solver_status_107,root_lp_timeout,,3217.7,,,1,,10.055709957960062,0,0.0,252731,10.055467500002123,,,
savsched1,hybrid_best_bound_depth,10,1,solver_status_107,root_lp_timeout,,3217.7,,,1,,10.067768957989756,0,0.0,252731,10.067157874989789,,,
savsched1,hybrid_best_bound_depth,10,2,solver_status_107,root_lp_timeout,,3217.7,,,1,,10.063106750021689,0,0.0,252731,10.062770124990493,,,
savsched1,hybrid_best_bound_depth,300,0,time_limit,time_limit,,3217.7,,,7,,300.0917862079805,21436,0.08481745413107217,252731,88.72820474999025,0.03133656552943535,0.9174299947374877,0.06846409819135761
savsched1,hybrid_best_bound_depth,300,1,time_limit,time_limit,,3217.7,,,5,,300.1632198749576,21836,0.08640016460188897,252731,151.45874645898584,0.03205667123616828,0.916239005108198,0.06969465558241766
savsched1,hybrid_best_bound_depth,300,2,time_limit,time_limit,,3217.7,,,5,,300.07097312499536,20738,0.08205562435949686,252731,67.12978420901345,0.03020082489801617,0.9203144845705513,0.06544903474445161
savsched1,hybrid_best_bound_depth,60,0,solver_status_107,root_lp_timeout,,3217.7,,,1,,60.07280462497147,0,0.0,252731,60.07246408297215,,,
savsched1,hybrid_best_bound_depth,60,1,solver_status_107,root_lp_timeout,,3217.7,,,1,,60.06996337499004,0,0.0,252731,60.0696120839566,,,
savsched1,hybrid_best_bound_depth,60,2,time_limit,time_limit,,3217.7,,,3,,60.159418374998495,20738,0.08205562435949686,252731,58.33741558302427,0.03020082489801617,0.9203144845705513,0.06544903474445161
savsched1,hybrid_best_bound_depth,900,0,time_limit,time_limit,,3217.7,,,15,,900.1610388329718,21436,0.08481745413107217,252731,88.21799795795232,0.03133656552943535,0.9174299947374877,0.06846409819135761
savsched1,hybrid_best_bound_depth,900,1,time_limit,time_limit,,3217.7,,,13,,900.0766202079831,21836,0.08640016460188897,252731,198.71693487500306,0.03205667123616828,0.916239005108198,0.06969465558241766
savsched1,hybrid_best_bound_depth,900,2,time_limit,time_limit,,3217.7,,,13,,900.0309859580011,20738,0.08205562435949686,252731,61.39393745898269,0.03020082489801617,0.9203144845705513,0.06544903474445161
savsched1,learned_portfolio,300,0,time_limit,time_limit,,3217.7,,,3,,300.0667977499543,21436,0.08481745413107217,252731,99.49284587503644,0.03133656552943535,0.9174299947374877,0.06846409819135761
savsched1,learned_portfolio,300,1,time_limit,time_limit,,3217.7,,,7,,300.14209358399967,21836,0.08640016460188897,252731,195.8916784999892,0.03205667123616828,0.916239005108198,0.06969465558241766
savsched1,learned_portfolio,300,2,time_limit,time_limit,,3217.7,,,7,,300.1295002499828,20738,0.08205562435949686,252731,68.06214666704182,0.03020082489801617,0.9203144845705513,0.06544903474445161
savsched1,learned_portfolio,900,0,time_limit,time_limit,,3217.7,,,21,,900.1343993329792,21436,0.08481745413107217,252731,64.7983258329914,0.03133656552943535,0.9174299947374877,0.06846409819135761
savsched1,learned_portfolio,900,1,time_limit,time_limit,,3217.7,,,17,,900.1186787090264,21836,0.08640016460188897,252731,127.63141720899148,0.03205667123616828,0.916239005108198,0.06969465558241766
savsched1,learned_portfolio,900,2,time_limit,time_limit,,3217.7,,,21,,900.1086477090139,20738,0.08205562435949686,252731,45.63100170902908,0.03020082489801617,0.9203144845705513,0.06544903474445161
savsched1,learned_v2,10,0,solver_status_107,root_lp_timeout,,3217.7,,,1,,10.087064916966483,0,0.0,252731,10.086616082990076,,,
savsched1,learned_v2,10,1,solver_status_107,root_lp_timeout,,3217.7,,,1,,10.06267666601343,0,0.0,252731,10.062356332957279,,,
savsched1,learned_v2,10,2,solver_status_107,root_lp_timeout,,3217.7,,,1,,10.076454665977508,0,0.0,252731,10.076090540969744,,,
savsched1,learned_v2,300,0,time_limit,time_limit,,3217.7,,,7,,300.0656751670176,21436,0.08481745413107217,252731,75.25869195803534,0.03133656552943535,0.9174299947374877,0.06846409819135761
savsched1,learned_v2,300,1,time_limit,time_limit,,3217.7,,,5,,300.05743250000523,21836,0.08640016460188897,252731,145.8503539999947,0.03205667123616828,0.916239005108198,0.06969465558241766
savsched1,learned_v2,300,2,time_limit,time_limit,,3217.7,,,9,,300.12523554096697,20738,0.08205562435949686,252731,49.79607258399483,0.03020082489801617,0.9203144845705513,0.06544903474445161
savsched1,learned_v2,60,0,solver_status_107,root_lp_timeout,,3217.7,,,1,,60.077606125036255,0,0.0,252731,60.077142415975686,,,
savsched1,learned_v2,60,1,solver_status_107,root_lp_timeout,,3217.7,,,1,,60.066389749990776,0,0.0,252731,60.06604812503792,,,
savsched1,learned_v2,60,2,solver_status_107,root_lp_timeout,,3217.7,,,1,,60.059059708961286,0,0.0,252731,60.05870345898438,,,
savsched1,learned_v2,900,0,time_limit,time_limit,,3217.7,,,23,,900.0239236250054,21436,0.08481745413107217,252731,69.32339199999114,0.03133656552943535,0.9174299947374877,0.06846409819135761
savsched1,learned_v2,900,1,time_limit,time_limit,,3217.7,,,19,,900.0481500829919,21836,0.08640016460188897,252731,176.96546720899642,0.03205667123616828,0.916239005108198,0.06969465558241766
savsched1,learned_v2,900,2,time_limit,time_limit,,3217.7,,,19,,900.0426415409893,20738,0.08205562435949686,252731,62.03237133298535,0.03020082489801617,0.9203144845705513,0.06544903474445161
savsched1,random_uniform,10,0,solver_status_107,root_lp_timeout,,3217.7,,,1,,10.033567957987543,0,0.0,252731,10.03306337504182,,,
savsched1,random_uniform,10,1,solver_status_107,root_lp_timeout,,3217.7,,,1,,10.062839124992024,0,0.0,252731,10.062442332971841,,,
savsched1,random_uniform,10,2,solver_status_107,root_lp_timeout,,3217.7,,,1,,10.06248266698094,0,0.0,252731,10.062144374998752,,,
savsched1,random_uniform,300,0,time_limit,time_limit,,3217.7,,,7,,300.1150662089931,21436,0.08481745413107217,252731,89.00233470799867,0.03133656552943535,0.9174299947374877,0.06846409819135761
savsched1,random_uniform,300,1,time_limit,time_limit,,3217.7,,,5,,300.14827612496447,21836,0.08640016460188897,252731,198.26467800000682,0.03205667123616828,0.916239005108198,0.06969465558241766
savsched1,random_uniform,300,2,time_limit,time_limit,,3217.7,,,5,,300.15160741697764,20738,0.08205562435949686,252731,67.99576887500007,0.03020082489801617,0.9203144845705513,0.06544903474445161
savsched1,random_uniform,60,0,solver_status_107,root_lp_timeout,,3217.7,,,1,,60.06033483397914,0,0.0,252731,60.060017584008165,,,
savsched1,random_uniform,60,1,solver_status_107,root_lp_timeout,,3217.7,,,1,,60.04970175004564,0,0.0,252731,60.04940579197137,,,
savsched1,random_uniform,60,2,time_limit,time_limit,,3217.7,,,3,,60.12924841698259,20738,0.08205562435949686,252731,56.2122234160197,0.03020082489801617,0.9203144845705513,0.06544903474445161
savsched1,random_uniform,900,0,time_limit,time_limit,,3217.7,,,11,,900.0679882080294,21436,0.08481745413107217,252731,73.1100306250155,0.03133656552943535,0.9174299947374877,0.06846409819135761
savsched1,random_uniform,900,1,time_limit,time_limit,,3217.7,,,13,,900.1599496250274,21836,0.08640016460188897,252731,199.24039975000778,0.03205667123616828,0.916239005108198,0.06969465558241766
savsched1,random_uniform,900,2,time_limit,time_limit,,3217.7,,,13,,900.0612752499874,20738,0.08205562435949686,252731,60.877969666034915,0.03020082489801617,0.9203144845705513,0.06544903474445161
savsched1,safeguarded_hybrid,10,0,solver_status_107,root_lp_timeout,,3217.7,,,1,,10.056197458005045,0,0.0,252731,10.05587108299369,,,
savsched1,safeguarded_hybrid,10,1,solver_status_107,root_lp_timeout,,3217.7,,,1,,10.05976750003174,0,0.0,252731,10.059438707947265,,,
savsched1,safeguarded_hybrid,10,2,solver_status_107,root_lp_timeout,,3217.7,,,1,,10.04818758298643,0,0.0,252731,10.047788834024686,,,
savsched1,safeguarded_hybrid,300,0,time_limit,time_limit,,3217.7,,,3,,300.0754267500015,21436,0.08481745413107217,252731,101.53445504198316,0.03133656552943535,0.9174299947374877,0.06846409819135761
savsched1,safeguarded_hybrid,300,1,time_limit,time_limit,,3217.7,,,5,,300.15070783300325,21836,0.08640016460188897,252731,200.4294802499935,0.03205667123616828,0.916239005108198,0.06969465558241766
savsched1,safeguarded_hybrid,300,2,time_limit,time_limit,,3217.7,,,5,,300.1616837499896,20738,0.08205562435949686,252731,67.71888533403398,0.03020082489801617,0.9203144845705513,0.06544903474445161
savsched1,safeguarded_hybrid,60,0,solver_status_107,root_lp_timeout,,3217.7,,,1,,60.066188082972076,0,0.0,252731,60.06592695903964,,,
savsched1,safeguarded_hybrid,60,1,solver_status_107,root_lp_timeout,,3217.7,,,1,,60.04551016696496,0,0.0,252731,60.04529941704823,,,
savsched1,safeguarded_hybrid,60,2,time_limit,time_limit,,3217.7,,,3,,60.1221723749768,20738,0.08205562435949686,252731,57.453548791992944,0.03020082489801617,0.9203144845705513,0.06544903474445161
savsched1,safeguarded_hybrid,900,0,time_limit,time_limit,,3217.7,,,13,,900.1622547080042,21436,0.08481745413107217,252731,63.77967774996068,0.03133656552943535,0.9174299947374877,0.06846409819135761
savsched1,safeguarded_hybrid,900,1,time_limit,time_limit,,3217.7,,,13,,900.1615774580278,21836,0.08640016460188897,252731,196.7186044169939,0.03205667123616828,0.916239005108198,0.06969465558241766
savsched1,safeguarded_hybrid,900,2,time_limit,time_limit,,3217.7,,,15,,900.1115901669837,20738,0.08205562435949686,252731,61.22467616701033,0.03020082489801617,0.9203144845705513,0.06544903474445161
academictimetablesmall,budgeted_portfolio,10,0,time_limit,time_limit,,0.0,,,,,10.015423667035066,,,,,,,
academictimetablesmall,instance_aware_portfolio,10,0,time_limit,time_limit,,0.0,,,,,10.015423667035066,,,,,,,
academictimetablesmall,multi_feature_portfolio,10,0,time_limit,time_limit,,0.0,,,,,10.086507082975004,,,,,,,
academictimetablesmall,budgeted_portfolio,10,1,time_limit,time_limit,,0.0,,,,,10.085666375001892,,,,,,,
academictimetablesmall,instance_aware_portfolio,10,1,time_limit,time_limit,,0.0,,,,,10.001360333000775,,,,,,,
academictimetablesmall,multi_feature_portfolio,10,1,time_limit,time_limit,,0.0,,,,,10.001360333000775,,,,,,,
academictimetablesmall,budgeted_portfolio,10,2,time_limit,time_limit,,0.0,,,,,10.008305999974255,,,,,,,
academictimetablesmall,instance_aware_portfolio,10,2,time_limit,time_limit,,0.0,,,,,10.001516749965958,,,,,,,
academictimetablesmall,multi_feature_portfolio,10,2,time_limit,time_limit,,0.0,,,,,10.001516749965958,,,,,,,
academictimetablesmall,budgeted_portfolio,60,0,time_limit,time_limit,,0.0,,,,,60.000800125009846,,,,,,,
academictimetablesmall,instance_aware_portfolio,60,0,time_limit,time_limit,,0.0,,,,,60.000800125009846,,,,,,,
academictimetablesmall,multi_feature_portfolio,60,0,time_limit,time_limit,,0.0,,,,,60.038424834026955,,,,,,,
academictimetablesmall,budgeted_portfolio,60,1,time_limit,time_limit,,0.0,,,,,60.0051974170492,,,,,,,
academictimetablesmall,instance_aware_portfolio,60,1,time_limit,time_limit,,0.0,,,,,60.206891541951336,,,,,,,
academictimetablesmall,multi_feature_portfolio,60,1,time_limit,time_limit,,0.0,,,,,60.206891541951336,,,,,,,
academictimetablesmall,budgeted_portfolio,60,2,time_limit,time_limit,,0.0,,,,,60.0253792500007,,,,,,,
academictimetablesmall,instance_aware_portfolio,60,2,time_limit,time_limit,,0.0,,,,,60.00265391601715,,,,,,,
academictimetablesmall,multi_feature_portfolio,60,2,time_limit,time_limit,,0.0,,,,,60.00265391601715,,,,,,,
academictimetablesmall,budgeted_portfolio,300,0,node_limit,node_limit,,0.0,,,,,134.11273458402138,,,,,,,
academictimetablesmall,instance_aware_portfolio,300,0,node_limit,node_limit,,0.0,,,,,134.11273458402138,,,,,,,
academictimetablesmall,multi_feature_portfolio,300,0,node_limit,node_limit,,0.0,,,,,134.11273458402138,,,,,,,
academictimetablesmall,budgeted_portfolio,300,1,node_limit,node_limit,,0.0,,,,,135.64975783298723,,,,,,,
academictimetablesmall,instance_aware_portfolio,300,1,node_limit,node_limit,,0.0,,,,,135.64975783298723,,,,,,,
academictimetablesmall,multi_feature_portfolio,300,1,node_limit,node_limit,,0.0,,,,,135.64975783298723,,,,,,,
academictimetablesmall,budgeted_portfolio,300,2,node_limit,node_limit,,0.0,,,,,133.13119966699742,,,,,,,
academictimetablesmall,instance_aware_portfolio,300,2,node_limit,node_limit,,0.0,,,,,133.13119966699742,,,,,,,
academictimetablesmall,multi_feature_portfolio,300,2,node_limit,node_limit,,0.0,,,,,133.13119966699742,,,,,,,
academictimetablesmall,budgeted_portfolio,900,0,node_limit,node_limit,,0.0,,,,,135.33437237504404,,,,,,,
academictimetablesmall,instance_aware_portfolio,900,0,node_limit,node_limit,,0.0,,,,,135.33437237504404,,,,,,,
academictimetablesmall,multi_feature_portfolio,900,0,node_limit,node_limit,,0.0,,,,,135.33437237504404,,,,,,,
academictimetablesmall,budgeted_portfolio,900,1,node_limit,node_limit,,0.0,,,,,136.43028650002088,,,,,,,
academictimetablesmall,instance_aware_portfolio,900,1,node_limit,node_limit,,0.0,,,,,136.43028650002088,,,,,,,
academictimetablesmall,multi_feature_portfolio,900,1,node_limit,node_limit,,0.0,,,,,136.43028650002088,,,,,,,
academictimetablesmall,budgeted_portfolio,900,2,node_limit,node_limit,,0.0,,,,,133.98677854199195,,,,,,,
academictimetablesmall,instance_aware_portfolio,900,2,node_limit,node_limit,,0.0,,,,,133.98677854199195,,,,,,,
academictimetablesmall,multi_feature_portfolio,900,2,node_limit,node_limit,,0.0,,,,,133.98677854199195,,,,,,,
air05,budgeted_portfolio,10,0,time_limit,time_limit,29888.0,26374.0,0.13323727913854555,,,0.20916824997402728,10.000981457997113,,,,,,,
air05,instance_aware_portfolio,10,0,time_limit,time_limit,29888.0,26374.0,0.13323727913854555,,,0.20916824997402728,10.000981457997113,,,,,,,
air05,multi_feature_portfolio,10,0,time_limit,time_limit,29888.0,26374.0,0.13323727913854555,,,0.20916824997402728,10.000981457997113,,,,,,,
air05,budgeted_portfolio,10,1,time_limit,time_limit,29888.0,26374.0,0.13323727913854555,,,0.2093740840209648,10.027546208992135,,,,,,,
air05,instance_aware_portfolio,10,1,time_limit,time_limit,29888.0,26374.0,0.13323727913854555,,,0.2093740840209648,10.027546208992135,,,,,,,
air05,multi_feature_portfolio,10,1,time_limit,time_limit,29888.0,26374.0,0.13323727913854555,,,0.2093740840209648,10.027546208992135,,,,,,,
air05,budgeted_portfolio,10,2,time_limit,time_limit,28671.0,26374.0,0.08709334951088193,,,0.21048841701122,10.027785792015493,,,,,,,
air05,instance_aware_portfolio,10,2,time_limit,time_limit,28671.0,26374.0,0.08709334951088193,,,0.21048841701122,10.027785792015493,,,,,,,
air05,multi_feature_portfolio,10,2,time_limit,time_limit,28671.0,26374.0,0.08709334951088193,,,0.21048841701122,10.027785792015493,,,,,,,
air05,budgeted_portfolio,60,0,node_limit,node_limit,27615.0,26374.0,0.04705391673617957,,,0.21224912500474602,34.94870291603729,,,,,,,
air05,instance_aware_portfolio,60,0,node_limit,node_limit,27615.0,26374.0,0.04705391673617957,,,0.21224912500474602,34.94870291603729,,,,,,,
air05,multi_feature_portfolio,60,0,node_limit,node_limit,27615.0,26374.0,0.04705391673617957,,,0.21224912500474602,34.94870291603729,,,,,,,
air05,budgeted_portfolio,60,1,node_limit,node_limit,26618.0,26374.0,0.00925153560324562,,,0.21156170801259577,37.361634625005536,,,,,,,
air05,instance_aware_portfolio,60,1,node_limit,node_limit,26618.0,26374.0,0.00925153560324562,,,0.21156170801259577,37.361634625005536,,,,,,,
air05,multi_feature_portfolio,60,1,node_limit,node_limit,26618.0,26374.0,0.00925153560324562,,,0.21156170801259577,37.361634625005536,,,,,,,
air05,budgeted_portfolio,60,2,node_limit,node_limit,27510.0,26374.0,0.043072723136422235,,,0.21156279096612707,35.579596291005146,,,,,,,
air05,instance_aware_portfolio,60,2,node_limit,node_limit,27510.0,26374.0,0.043072723136422235,,,0.21156279096612707,35.579596291005146,,,,,,,
air05,multi_feature_portfolio,60,2,node_limit,node_limit,27510.0,26374.0,0.043072723136422235,,,0.21156279096612707,35.579596291005146,,,,,,,
air05,budgeted_portfolio,300,0,node_limit,node_limit,26611.0,26374.0,0.008986122696595131,,,0.21273891697637737,34.634450417011976,,,,,,,
air05,instance_aware_portfolio,300,0,node_limit,node_limit,26611.0,26374.0,0.008986122696595131,,,0.21273891697637737,34.634450417011976,,,,,,,
air05,multi_feature_portfolio,300,0,node_limit,node_limit,26611.0,26374.0,0.008986122696595131,,,0.21273891697637737,34.634450417011976,,,,,,,
air05,budgeted_portfolio,300,1,node_limit,node_limit,26611.0,26374.0,0.008986122696595131,,,0.21766620897687972,34.85787495900877,,,,,,,
air05,instance_aware_portfolio,300,1,node_limit,node_limit,26611.0,26374.0,0.008986122696595131,,,0.21766620897687972,34.85787495900877,,,,,,,
air05,multi_feature_portfolio,300,1,node_limit,node_limit,26611.0,26374.0,0.008986122696595131,,,0.21766620897687972,34.85787495900877,,,,,,,
air05,budgeted_portfolio,300,2,node_limit,node_limit,26611.0,26374.0,0.008986122696595131,,,0.21643495798343793,34.4398594579543,,,,,,,
air05,instance_aware_portfolio,300,2,node_limit,node_limit,26611.0,26374.0,0.008986122696595131,,,0.21643495798343793,34.4398594579543,,,,,,,
air05,multi_feature_portfolio,300,2,node_limit,node_limit,26611.0,26374.0,0.008986122696595131,,,0.21643495798343793,34.4398594579543,,,,,,,
air05,budgeted_portfolio,900,0,node_limit,node_limit,26611.0,26374.0,0.008986122696595131,,,0.21040608297334984,34.989042832981795,,,,,,,
air05,instance_aware_portfolio,900,0,node_limit,node_limit,26611.0,26374.0,0.008986122696595131,,,0.21040608297334984,34.989042832981795,,,,,,,
air05,multi_feature_portfolio,900,0,node_limit,node_limit,26611.0,26374.0,0.008986122696595131,,,0.21040608297334984,34.989042832981795,,,,,,,
air05,budgeted_portfolio,900,1,node_limit,node_limit,26611.0,26374.0,0.008986122696595131,,,0.2149830000125803,34.675561083015054,,,,,,,
air05,instance_aware_portfolio,900,1,node_limit,node_limit,26611.0,26374.0,0.008986122696595131,,,0.2149830000125803,34.675561083015054,,,,,,,
air05,multi_feature_portfolio,900,1,node_limit,node_limit,26611.0,26374.0,0.008986122696595131,,,0.2149830000125803,34.675561083015054,,,,,,,
air05,budgeted_portfolio,900,2,node_limit,node_limit,26611.0,26374.0,0.008986122696595131,,,0.21624720800900832,34.75305808300618,,,,,,,
air05,instance_aware_portfolio,900,2,node_limit,node_limit,26611.0,26374.0,0.008986122696595131,,,0.21624720800900832,34.75305808300618,,,,,,,
air05,multi_feature_portfolio,900,2,node_limit,node_limit,26611.0,26374.0,0.008986122696595131,,,0.21624720800900832,34.75305808300618,,,,,,,
atlanta-ip,budgeted_portfolio,10,0,time_limit,time_limit,,90.009878614,,,,,12.094293667003512,,,,,,,
atlanta-ip,instance_aware_portfolio,10,0,time_limit,time_limit,,90.009878614,,,,,12.094293667003512,,,,,,,
atlanta-ip,multi_feature_portfolio,10,0,time_limit,time_limit,,90.009878614,,,,,12.094293667003512,,,,,,,
atlanta-ip,budgeted_portfolio,10,1,time_limit,time_limit,,90.009878614,,,,,12.081846625020262,,,,,,,
atlanta-ip,instance_aware_portfolio,10,1,time_limit,time_limit,,90.009878614,,,,,12.081846625020262,,,,,,,
atlanta-ip,multi_feature_portfolio,10,1,time_limit,time_limit,,90.009878614,,,,,12.081846625020262,,,,,,,
atlanta-ip,budgeted_portfolio,10,2,time_limit,time_limit,,90.009878614,,,,,12.135460041987244,,,,,,,
atlanta-ip,instance_aware_portfolio,10,2,time_limit,time_limit,,90.009878614,,,,,12.135460041987244,,,,,,,
atlanta-ip,multi_feature_portfolio,10,2,time_limit,time_limit,,90.009878614,,,,,12.135460041987244,,,,,,,
atlanta-ip,budgeted_portfolio,60,0,time_limit,time_limit,,90.009878614,,,,,60.01614949997747,,,,,,,
atlanta-ip,instance_aware_portfolio,60,0,time_limit,time_limit,,90.009878614,,,,,60.01614949997747,,,,,,,
atlanta-ip,multi_feature_portfolio,60,0,time_limit,time_limit,,90.009878614,,,,,60.01614949997747,,,,,,,
atlanta-ip,budgeted_portfolio,60,1,time_limit,time_limit,,90.009878614,,,,,60.017182749987114,,,,,,,
atlanta-ip,instance_aware_portfolio,60,1,time_limit,time_limit,,90.009878614,,,,,60.017182749987114,,,,,,,
atlanta-ip,multi_feature_portfolio,60,1,time_limit,time_limit,,90.009878614,,,,,60.017182749987114,,,,,,,
atlanta-ip,budgeted_portfolio,60,2,time_limit,time_limit,,90.009878614,,,,,60.01759929198306,,,,,,,
atlanta-ip,instance_aware_portfolio,60,2,time_limit,time_limit,,90.009878614,,,,,60.01759929198306,,,,,,,
atlanta-ip,multi_feature_portfolio,60,2,time_limit,time_limit,,90.009878614,,,,,60.01759929198306,,,,,,,
atlanta-ip,budgeted_portfolio,300,0,time_limit,time_limit,,90.009878614,,,,,300.0137971250224,,,,,,,
atlanta-ip,instance_aware_portfolio,300,0,time_limit,time_limit,,90.009878614,,,,,300.0137971250224,,,,,,,
atlanta-ip,multi_feature_portfolio,300,0,time_limit,time_limit,,90.009878614,,,,,300.0137971250224,,,,,,,
atlanta-ip,budgeted_portfolio,300,1,time_limit,time_limit,,90.009878614,,,,,300.0050019590417,,,,,,,
atlanta-ip,instance_aware_portfolio,300,1,time_limit,time_limit,,90.009878614,,,,,300.0050019590417,,,,,,,
atlanta-ip,multi_feature_portfolio,300,1,time_limit,time_limit,,90.009878614,,,,,300.0050019590417,,,,,,,
atlanta-ip,budgeted_portfolio,300,2,time_limit,time_limit,,90.009878614,,,,,300.0053179170354,,,,,,,
atlanta-ip,instance_aware_portfolio,300,2,time_limit,time_limit,,90.009878614,,,,,300.0053179170354,,,,,,,
atlanta-ip,multi_feature_portfolio,300,2,time_limit,time_limit,,90.009878614,,,,,300.0053179170354,,,,,,,
atlanta-ip,budgeted_portfolio,900,0,time_limit,time_limit,,90.009878614,,,,,900.0049875829718,,,,,,,
atlanta-ip,instance_aware_portfolio,900,0,time_limit,time_limit,,90.009878614,,,,,900.0049875829718,,,,,,,
atlanta-ip,multi_feature_portfolio,900,0,time_limit,time_limit,,90.009878614,,,,,900.0049875829718,,,,,,,
atlanta-ip,budgeted_portfolio,900,1,node_limit,node_limit,,90.009878614,,,,,883.9647805000423,,,,,,,
atlanta-ip,instance_aware_portfolio,900,1,node_limit,node_limit,,90.009878614,,,,,883.9647805000423,,,,,,,
atlanta-ip,multi_feature_portfolio,900,1,node_limit,node_limit,,90.009878614,,,,,883.9647805000423,,,,,,,
atlanta-ip,budgeted_portfolio,900,2,time_limit,time_limit,,90.009878614,,,,,900.0017273330013,,,,,,,
atlanta-ip,instance_aware_portfolio,900,2,time_limit,time_limit,,90.009878614,,,,,900.0017273330013,,,,,,,
atlanta-ip,multi_feature_portfolio,900,2,time_limit,time_limit,,90.009878614,,,,,900.0017273330013,,,,,,,
csched007,budgeted_portfolio,10,0,time_limit,time_limit,,350.9999999999955,,,,,10.002894082979765,,,,,,,
csched007,instance_aware_portfolio,10,0,time_limit,time_limit,,350.9999999999955,,,,,10.002894082979765,,,,,,,
csched007,multi_feature_portfolio,10,0,time_limit,time_limit,,350.9999999999955,,,,,10.002894082979765,,,,,,,
csched007,budgeted_portfolio,10,1,time_limit,time_limit,,350.9999999999955,,,,,10.002060915983748,,,,,,,
csched007,instance_aware_portfolio,10,1,time_limit,time_limit,,350.9999999999955,,,,,10.002060915983748,,,,,,,
csched007,multi_feature_portfolio,10,1,time_limit,time_limit,,350.9999999999955,,,,,10.002060915983748,,,,,,,
csched007,budgeted_portfolio,10,2,time_limit,time_limit,,350.9999999999955,,,,,10.002295874990523,,,,,,,
csched007,instance_aware_portfolio,10,2,time_limit,time_limit,,350.9999999999955,,,,,10.002295874990523,,,,,,,
csched007,multi_feature_portfolio,10,2,time_limit,time_limit,,350.9999999999955,,,,,10.002295874990523,,,,,,,
csched007,budgeted_portfolio,60,0,node_limit,node_limit,,350.9999999999955,,,,,22.780968082952313,,,,,,,
csched007,instance_aware_portfolio,60,0,node_limit,node_limit,,350.9999999999955,,,,,22.780968082952313,,,,,,,
csched007,multi_feature_portfolio,60,0,node_limit,node_limit,,350.9999999999955,,,,,22.780968082952313,,,,,,,
csched007,budgeted_portfolio,60,1,node_limit,node_limit,,350.9999999999955,,,,,21.641915666987188,,,,,,,
csched007,instance_aware_portfolio,60,1,node_limit,node_limit,,350.9999999999955,,,,,21.641915666987188,,,,,,,
csched007,multi_feature_portfolio,60,1,node_limit,node_limit,,350.9999999999955,,,,,21.641915666987188,,,,,,,
csched007,budgeted_portfolio,60,2,node_limit,node_limit,,350.9999999999955,,,,,22.015447958023287,,,,,,,
csched007,instance_aware_portfolio,60,2,node_limit,node_limit,,350.9999999999955,,,,,22.015447958023287,,,,,,,
csched007,multi_feature_portfolio,60,2,node_limit,node_limit,,350.9999999999955,,,,,22.015447958023287,,,,,,,
csched007,budgeted_portfolio,300,0,node_limit,node_limit,,350.9999999999955,,,,,18.014160624996293,,,,,,,
csched007,instance_aware_portfolio,300,0,node_limit,node_limit,,350.9999999999955,,,,,18.014160624996293,,,,,,,
csched007,multi_feature_portfolio,300,0,node_limit,node_limit,,350.9999999999955,,,,,18.014160624996293,,,,,,,
csched007,budgeted_portfolio,300,1,node_limit,node_limit,,350.9999999999955,,,,,15.424012125004083,,,,,,,
csched007,instance_aware_portfolio,300,1,node_limit,node_limit,,350.9999999999955,,,,,15.424012125004083,,,,,,,
csched007,multi_feature_portfolio,300,1,node_limit,node_limit,,350.9999999999955,,,,,15.424012125004083,,,,,,,
csched007,budgeted_portfolio,300,2,node_limit,node_limit,,350.9999999999955,,,,,17.71757079201052,,,,,,,
csched007,instance_aware_portfolio,300,2,node_limit,node_limit,,350.9999999999955,,,,,17.71757079201052,,,,,,,
csched007,multi_feature_portfolio,300,2,node_limit,node_limit,,350.9999999999955,,,,,17.71757079201052,,,,,,,
csched007,budgeted_portfolio,900,0,node_limit,node_limit,,350.9999999999955,,,,,18.01264379202621,,,,,,,
csched007,instance_aware_portfolio,900,0,node_limit,node_limit,,350.9999999999955,,,,,18.01264379202621,,,,,,,
csched007,multi_feature_portfolio,900,0,node_limit,node_limit,,350.9999999999955,,,,,18.01264379202621,,,,,,,
csched007,budgeted_portfolio,900,1,node_limit,node_limit,,350.9999999999955,,,,,15.443896916985977,,,,,,,
csched007,instance_aware_portfolio,900,1,node_limit,node_limit,,350.9999999999955,,,,,15.443896916985977,,,,,,,
csched007,multi_feature_portfolio,900,1,node_limit,node_limit,,350.9999999999955,,,,,15.443896916985977,,,,,,,
csched007,budgeted_portfolio,900,2,node_limit,node_limit,,350.9999999999955,,,,,17.699781082978006,,,,,,,
csched007,instance_aware_portfolio,900,2,node_limit,node_limit,,350.9999999999955,,,,,17.699781082978006,,,,,,,
csched007,multi_feature_portfolio,900,2,node_limit,node_limit,,350.9999999999955,,,,,17.699781082978006,,,,,,,
csched008,budgeted_portfolio,10,0,time_limit,time_limit,,173.0,,,,,10.006017167004757,,,,,,,
csched008,instance_aware_portfolio,10,0,time_limit,time_limit,,173.0,,,,,10.006017167004757,,,,,,,
csched008,multi_feature_portfolio,10,0,time_limit,time_limit,,173.0,,,,,10.006017167004757,,,,,,,
csched008,budgeted_portfolio,10,1,time_limit,time_limit,,173.0,,,,,10.006599791988265,,,,,,,
csched008,instance_aware_portfolio,10,1,time_limit,time_limit,,173.0,,,,,10.006599791988265,,,,,,,
csched008,multi_feature_portfolio,10,1,time_limit,time_limit,,173.0,,,,,10.006599791988265,,,,,,,
csched008,budgeted_portfolio,10,2,time_limit,time_limit,,173.0,,,,,10.006530457991175,,,,,,,
csched008,instance_aware_portfolio,10,2,time_limit,time_limit,,173.0,,,,,10.006530457991175,,,,,,,
csched008,multi_feature_portfolio,10,2,time_limit,time_limit,,173.0,,,,,10.006530457991175,,,,,,,
csched008,budgeted_portfolio,60,0,node_limit,node_limit,,173.0,,,,,20.604710790968966,,,,,,,
csched008,instance_aware_portfolio,60,0,node_limit,node_limit,,173.0,,,,,20.604710790968966,,,,,,,
csched008,multi_feature_portfolio,60,0,node_limit,node_limit,,173.0,,,,,20.604710790968966,,,,,,,
csched008,budgeted_portfolio,60,1,node_limit,node_limit,189.0,173.0,0.09248554913294797,,,15.169954832992516,21.154573957959656,,,,,,,
csched008,instance_aware_portfolio,60,1,node_limit,node_limit,189.0,173.0,0.09248554913294797,,,15.169954832992516,21.154573957959656,,,,,,,
csched008,multi_feature_portfolio,60,1,node_limit,node_limit,189.0,173.0,0.09248554913294797,,,15.169954832992516,21.154573957959656,,,,,,,
csched008,budgeted_portfolio,60,2,node_limit,node_limit,185.0,173.0,0.06936416184971098,,,12.187449750024825,21.06716212502215,,,,,,,
csched008,instance_aware_portfolio,60,2,node_limit,node_limit,185.0,173.0,0.06936416184971098,,,12.187449750024825,21.06716212502215,,,,,,,
csched008,multi_feature_portfolio,60,2,node_limit,node_limit,185.0,173.0,0.06936416184971098,,,12.187449750024825,21.06716212502215,,,,,,,
csched008,budgeted_portfolio,300,0,node_limit,node_limit,186.0,173.0,0.07514450867052024,,,13.200384166033473,20.498233625025023,,,,,,,
csched008,instance_aware_portfolio,300,0,node_limit,node_limit,186.0,173.0,0.07514450867052024,,,13.200384166033473,20.498233625025023,,,,,,,
csched008,multi_feature_portfolio,300,0,node_limit,node_limit,186.0,173.0,0.07514450867052024,,,13.200384166033473,20.498233625025023,,,,,,,
csched008,budgeted_portfolio,300,1,node_limit,node_limit,,173.0,,,,,20.309346791007556,,,,,,,
csched008,instance_aware_portfolio,300,1,node_limit,node_limit,,173.0,,,,,20.309346791007556,,,,,,,
csched008,multi_feature_portfolio,300,1,node_limit,node_limit,,173.0,,,,,20.309346791007556,,,,,,,
csched008,budgeted_portfolio,300,2,node_limit,node_limit,189.99999999999994,173.0,0.0982658959537569,,,10.509499415988103,19.352333375019953,,,,,,,
csched008,instance_aware_portfolio,300,2,node_limit,node_limit,189.99999999999994,173.0,0.0982658959537569,,,10.509499415988103,19.352333375019953,,,,,,,
csched008,multi_feature_portfolio,300,2,node_limit,node_limit,189.99999999999994,173.0,0.0982658959537569,,,10.509499415988103,19.352333375019953,,,,,,,
csched008,budgeted_portfolio,900,0,node_limit,node_limit,186.0,173.0,0.07514450867052024,,,13.191234958008863,20.47655833302997,,,,,,,
csched008,instance_aware_portfolio,900,0,node_limit,node_limit,186.0,173.0,0.07514450867052024,,,13.191234958008863,20.47655833302997,,,,,,,
csched008,multi_feature_portfolio,900,0,node_limit,node_limit,186.0,173.0,0.07514450867052024,,,13.191234958008863,20.47655833302997,,,,,,,
csched008,budgeted_portfolio,900,1,node_limit,node_limit,,173.0,,,,,20.337784709001426,,,,,,,
csched008,instance_aware_portfolio,900,1,node_limit,node_limit,,173.0,,,,,20.337784709001426,,,,,,,
csched008,multi_feature_portfolio,900,1,node_limit,node_limit,,173.0,,,,,20.337784709001426,,,,,,,
csched008,budgeted_portfolio,900,2,node_limit,node_limit,189.99999999999994,173.0,0.0982658959537569,,,10.493016041000374,19.469485500012524,,,,,,,
csched008,instance_aware_portfolio,900,2,node_limit,node_limit,189.99999999999994,173.0,0.0982658959537569,,,10.493016041000374,19.469485500012524,,,,,,,
csched008,multi_feature_portfolio,900,2,node_limit,node_limit,189.99999999999994,173.0,0.0982658959537569,,,10.493016041000374,19.469485500012524,,,,,,,
drayage-100-23,budgeted_portfolio,10,0,time_limit,time_limit,103333.87407302858,103333.87407,2.930862438300302e-11,,,0.47789283300517127,10.061578333028592,,,,,,,
drayage-100-23,instance_aware_portfolio,10,0,time_limit,time_limit,103333.87407302858,103333.87407,2.930862438300302e-11,,,0.47789283300517127,10.061578333028592,,,,,,,
drayage-100-23,multi_feature_portfolio,10,0,time_limit,time_limit,103333.87407302858,103333.87407,2.930862438300302e-11,,,0.47789283300517127,10.061578333028592,,,,,,,
drayage-100-23,budgeted_portfolio,10,1,time_limit,time_limit,103333.87407302858,103333.87407,2.930862438300302e-11,,,0.46646841696929187,10.041043041972443,,,,,,,
drayage-100-23,instance_aware_portfolio,10,1,time_limit,time_limit,103333.87407302858,103333.87407,2.930862438300302e-11,,,0.46646841696929187,10.041043041972443,,,,,,,
drayage-100-23,multi_feature_portfolio,10,1,time_limit,time_limit,103333.87407302858,103333.87407,2.930862438300302e-11,,,0.46646841696929187,10.041043041972443,,,,,,,
drayage-100-23,budgeted_portfolio,10,2,time_limit,time_limit,103333.87407302858,103333.87407,2.930862438300302e-11,,,0.46612454095156863,10.074243707989808,,,,,,,
drayage-100-23,instance_aware_portfolio,10,2,time_limit,time_limit,103333.87407302858,103333.87407,2.930862438300302e-11,,,0.46612454095156863,10.074243707989808,,,,,,,
drayage-100-23,multi_feature_portfolio,10,2,time_limit,time_limit,103333.87407302858,103333.87407,2.930862438300302e-11,,,0.46612454095156863,10.074243707989808,,,,,,,
drayage-100-23,budgeted_portfolio,60,0,node_limit,node_limit,103333.87407302858,103333.87407,2.930862438300302e-11,,,0.4728383749607019,37.42551904194988,,,,,,,
drayage-100-23,instance_aware_portfolio,60,0,node_limit,node_limit,103333.87407302858,103333.87407,2.930862438300302e-11,,,0.4728383749607019,37.42551904194988,,,,,,,
drayage-100-23,multi_feature_portfolio,60,0,node_limit,node_limit,103333.87407302858,103333.87407,2.930862438300302e-11,,,0.4728383749607019,37.42551904194988,,,,,,,
drayage-100-23,budgeted_portfolio,60,1,node_limit,node_limit,103333.87407302858,103333.87407,2.930862438300302e-11,,,0.4711807079729624,37.92217862495454,,,,,,,
drayage-100-23,instance_aware_portfolio,60,1,node_limit,node_limit,103333.87407302858,103333.87407,2.930862438300302e-11,,,0.4711807079729624,37.92217862495454,,,,,,,
drayage-100-23,multi_feature_portfolio,60,1,node_limit,node_limit,103333.87407302858,103333.87407,2.930862438300302e-11,,,0.4711807079729624,37.92217862495454,,,,,,,
drayage-100-23,budgeted_portfolio,60,2,node_limit,node_limit,103333.87407302858,103333.87407,2.930862438300302e-11,,,0.47283412504475564,37.661742875003256,,,,,,,
drayage-100-23,instance_aware_portfolio,60,2,node_limit,node_limit,103333.87407302858,103333.87407,2.930862438300302e-11,,,0.47283412504475564,37.661742875003256,,,,,,,
drayage-100-23,multi_feature_portfolio,60,2,node_limit,node_limit,103333.87407302858,103333.87407,2.930862438300302e-11,,,0.47283412504475564,37.661742875003256,,,,,,,
drayage-100-23,budgeted_portfolio,300,0,node_limit,node_limit,103333.87407302858,103333.87407,2.930862438300302e-11,,,0.4703920409665443,39.19790400000056,,,,,,,
drayage-100-23,instance_aware_portfolio,300,0,node_limit,node_limit,103333.87407302858,103333.87407,2.930862438300302e-11,,,0.4703920409665443,39.19790400000056,,,,,,,
drayage-100-23,multi_feature_portfolio,300,0,node_limit,node_limit,103333.87407302858,103333.87407,2.930862438300302e-11,,,0.4703920409665443,39.19790400000056,,,,,,,
drayage-100-23,budgeted_portfolio,300,1,node_limit,node_limit,103333.87407302858,103333.87407,2.930862438300302e-11,,,0.4597094159689732,38.32789504097309,,,,,,,
drayage-100-23,instance_aware_portfolio,300,1,node_limit,node_limit,103333.87407302858,103333.87407,2.930862438300302e-11,,,0.4597094159689732,38.32789504097309,,,,,,,
drayage-100-23,multi_feature_portfolio,300,1,node_limit,node_limit,103333.87407302858,103333.87407,2.930862438300302e-11,,,0.4597094159689732,38.32789504097309,,,,,,,
drayage-100-23,budgeted_portfolio,300,2,node_limit,node_limit,103333.87407302858,103333.87407,2.930862438300302e-11,,,0.4666400409769267,39.3758713749703,,,,,,,
drayage-100-23,instance_aware_portfolio,300,2,node_limit,node_limit,103333.87407302858,103333.87407,2.930862438300302e-11,,,0.4666400409769267,39.3758713749703,,,,,,,
drayage-100-23,multi_feature_portfolio,300,2,node_limit,node_limit,103333.87407302858,103333.87407,2.930862438300302e-11,,,0.4666400409769267,39.3758713749703,,,,,,,
drayage-100-23,budgeted_portfolio,900,0,node_limit,node_limit,103333.87407302858,103333.87407,2.930862438300302e-11,,,0.469603042001836,38.916595624992624,,,,,,,
drayage-100-23,instance_aware_portfolio,900,0,node_limit,node_limit,103333.87407302858,103333.87407,2.930862438300302e-11,,,0.469603042001836,38.916595624992624,,,,,,,
drayage-100-23,multi_feature_portfolio,900,0,node_limit,node_limit,103333.87407302858,103333.87407,2.930862438300302e-11,,,0.469603042001836,38.916595624992624,,,,,,,
drayage-100-23,budgeted_portfolio,900,1,node_limit,node_limit,103333.87407302858,103333.87407,2.930862438300302e-11,,,0.47731066698906943,38.52932191698346,,,,,,,
drayage-100-23,instance_aware_portfolio,900,1,node_limit,node_limit,103333.87407302858,103333.87407,2.930862438300302e-11,,,0.47731066698906943,38.52932191698346,,,,,,,
drayage-100-23,multi_feature_portfolio,900,1,node_limit,node_limit,103333.87407302858,103333.87407,2.930862438300302e-11,,,0.47731066698906943,38.52932191698346,,,,,,,
drayage-100-23,budgeted_portfolio,900,2,node_limit,node_limit,103333.87407302858,103333.87407,2.930862438300302e-11,,,0.4652295839623548,39.26579791697441,,,,,,,
drayage-100-23,instance_aware_portfolio,900,2,node_limit,node_limit,103333.87407302858,103333.87407,2.930862438300302e-11,,,0.4652295839623548,39.26579791697441,,,,,,,
drayage-100-23,multi_feature_portfolio,900,2,node_limit,node_limit,103333.87407302858,103333.87407,2.930862438300302e-11,,,0.4652295839623548,39.26579791697441,,,,,,,
drayage-25-23,budgeted_portfolio,10,0,time_limit,time_limit,106589.81786727905,101282.647018,0.052399606502541905,,,0.4749592500156723,10.050904500007164,,,,,,,
drayage-25-23,instance_aware_portfolio,10,0,time_limit,time_limit,106589.81786727905,101282.647018,0.052399606502541905,,,0.4749592500156723,10.050904500007164,,,,,,,
drayage-25-23,multi_feature_portfolio,10,0,time_limit,time_limit,106589.81786727905,101282.647018,0.052399606502541905,,,0.4749592500156723,10.050904500007164,,,,,,,
drayage-25-23,budgeted_portfolio,10,1,time_limit,time_limit,106481.56122207642,101282.647018,0.05133074971028807,,,0.47345774999121204,10.02018783398671,,,,,,,
drayage-25-23,instance_aware_portfolio,10,1,time_limit,time_limit,106481.56122207642,101282.647018,0.05133074971028807,,,0.47345774999121204,10.02018783398671,,,,,,,
drayage-25-23,multi_feature_portfolio,10,1,time_limit,time_limit,106481.56122207642,101282.647018,0.05133074971028807,,,0.47345774999121204,10.02018783398671,,,,,,,
drayage-25-23,budgeted_portfolio,10,2,time_limit,time_limit,106589.81786727905,101282.647018,0.052399606502541905,,,0.4846114999963902,10.014098958985414,,,,,,,
drayage-25-23,instance_aware_portfolio,10,2,time_limit,time_limit,106589.81786727905,101282.647018,0.052399606502541905,,,0.4846114999963902,10.014098958985414,,,,,,,
drayage-25-23,multi_feature_portfolio,10,2,time_limit,time_limit,106589.81786727905,101282.647018,0.052399606502541905,,,0.4846114999963902,10.014098958985414,,,,,,,
drayage-25-23,budgeted_portfolio,60,0,node_limit,node_limit,106589.81786727905,101282.647018,0.052399606502541905,,,0.4699609170202166,35.7437882089871,,,,,,,
drayage-25-23,instance_aware_portfolio,60,0,node_limit,node_limit,106589.81786727905,101282.647018,0.052399606502541905,,,0.4699609170202166,35.7437882089871,,,,,,,
drayage-25-23,multi_feature_portfolio,60,0,node_limit,node_limit,106589.81786727905,101282.647018,0.052399606502541905,,,0.4699609170202166,35.7437882089871,,,,,,,
drayage-25-23,budgeted_portfolio,60,1,node_limit,node_limit,105578.04691314697,101282.647018,0.04241002799209611,,,0.47999833401991054,34.88621487503406,,,,,,,
drayage-25-23,instance_aware_portfolio,60,1,node_limit,node_limit,105578.04691314697,101282.647018,0.04241002799209611,,,0.47999833401991054,34.88621487503406,,,,,,,
drayage-25-23,multi_feature_portfolio,60,1,node_limit,node_limit,105578.04691314697,101282.647018,0.04241002799209611,,,0.47999833401991054,34.88621487503406,,,,,,,
drayage-25-23,budgeted_portfolio,60,2,node_limit,node_limit,106471.70248031618,101282.647018,0.05123341080722319,,,0.4812480410328135,36.89671012503095,,,,,,,
drayage-25-23,instance_aware_portfolio,60,2,node_limit,node_limit,106471.70248031618,101282.647018,0.05123341080722319,,,0.4812480410328135,36.89671012503095,,,,,,,
drayage-25-23,multi_feature_portfolio,60,2,node_limit,node_limit,106471.70248031618,101282.647018,0.05123341080722319,,,0.4812480410328135,36.89671012503095,,,,,,,
drayage-25-23,budgeted_portfolio,300,0,node_limit,node_limit,102111.58990859985,101282.647018,0.008184451285643532,,,0.4775156250107102,36.49940033402527,,,,,,,
drayage-25-23,instance_aware_portfolio,300,0,node_limit,node_limit,102111.58990859985,101282.647018,0.008184451285643532,,,0.4775156250107102,36.49940033402527,,,,,,,
drayage-25-23,multi_feature_portfolio,300,0,node_limit,node_limit,102111.58990859985,101282.647018,0.008184451285643532,,,0.4775156250107102,36.49940033402527,,,,,,,
drayage-25-23,budgeted_portfolio,300,1,node_limit,node_limit,106397.13106155397,101282.647018,0.050497140370403405,,,0.4760412079631351,37.00251829100307,,,,,,,
drayage-25-23,instance_aware_portfolio,300,1,node_limit,node_limit,106397.13106155397,101282.647018,0.050497140370403405,,,0.4760412079631351,37.00251829100307,,,,,,,
drayage-25-23,multi_feature_portfolio,300,1,node_limit,node_limit,106397.13106155397,101282.647018,0.050497140370403405,,,0.4760412079631351,37.00251829100307,,,,,,,
drayage-25-23,budgeted_portfolio,300,2,node_limit,node_limit,104674.27362442018,101282.647018,0.033486749273223634,,,0.4780908749671653,36.87315233395202,,,,,,,
drayage-25-23,instance_aware_portfolio,300,2,node_limit,node_limit,104674.27362442018,101282.647018,0.033486749273223634,,,0.4780908749671653,36.87315233395202,,,,,,,
drayage-25-23,multi_feature_portfolio,300,2,node_limit,node_limit,104674.27362442018,101282.647018,0.033486749273223634,,,0.4780908749671653,36.87315233395202,,,,,,,
drayage-25-23,budgeted_portfolio,900,0,node_limit,node_limit,102111.58990859985,101282.647018,0.008184451285643532,,,0.46719699999084696,36.64161624998087,,,,,,,
drayage-25-23,instance_aware_portfolio,900,0,node_limit,node_limit,102111.58990859985,101282.647018,0.008184451285643532,,,0.46719699999084696,36.64161624998087,,,,,,,
drayage-25-23,multi_feature_portfolio,900,0,node_limit,node_limit,102111.58990859985,101282.647018,0.008184451285643532,,,0.46719699999084696,36.64161624998087,,,,,,,
drayage-25-23,budgeted_portfolio,900,1,node_limit,node_limit,105578.04691314697,101282.647018,0.04241002799209611,,,0.47122233296977356,37.12960566696711,,,,,,,
drayage-25-23,instance_aware_portfolio,900,1,node_limit,node_limit,105578.04691314697,101282.647018,0.04241002799209611,,,0.47122233296977356,37.12960566696711,,,,,,,
drayage-25-23,multi_feature_portfolio,900,1,node_limit,node_limit,105578.04691314697,101282.647018,0.04241002799209611,,,0.47122233296977356,37.12960566696711,,,,,,,
drayage-25-23,budgeted_portfolio,900,2,node_limit,node_limit,106589.81786727905,101282.647018,0.052399606502541905,,,0.47415091696893796,37.2019706669962,,,,,,,
drayage-25-23,instance_aware_portfolio,900,2,node_limit,node_limit,106589.81786727905,101282.647018,0.052399606502541905,,,0.47415091696893796,37.2019706669962,,,,,,,
drayage-25-23,multi_feature_portfolio,900,2,node_limit,node_limit,106589.81786727905,101282.647018,0.052399606502541905,,,0.47415091696893796,37.2019706669962,,,,,,,
germanrr,budgeted_portfolio,10,0,time_limit,time_limit,,47095869.649,,,,,10.01082570903236,,,,,,,
germanrr,instance_aware_portfolio,10,0,time_limit,time_limit,,47095869.649,,,,,10.01082570903236,,,,,,,
germanrr,multi_feature_portfolio,10,0,time_limit,time_limit,,47095869.649,,,,,10.01082570903236,,,,,,,
germanrr,budgeted_portfolio,10,1,time_limit,time_limit,,47095869.649,,,,,10.003681125002913,,,,,,,
germanrr,instance_aware_portfolio,10,1,time_limit,time_limit,,47095869.649,,,,,10.003681125002913,,,,,,,
germanrr,multi_feature_portfolio,10,1,time_limit,time_limit,,47095869.649,,,,,10.003681125002913,,,,,,,
germanrr,budgeted_portfolio,10,2,time_limit,time_limit,,47095869.649,,,,,10.001158208004199,,,,,,,
germanrr,instance_aware_portfolio,10,2,time_limit,time_limit,,47095869.649,,,,,10.001158208004199,,,,,,,
germanrr,multi_feature_portfolio,10,2,time_limit,time_limit,,47095869.649,,,,,10.001158208004199,,,,,,,
germanrr,budgeted_portfolio,60,0,time_limit,time_limit,,47095869.649,,,,,60.0013534159516,,,,,,,
germanrr,instance_aware_portfolio,60,0,time_limit,time_limit,,47095869.649,,,,,60.0013534159516,,,,,,,
germanrr,multi_feature_portfolio,60,0,time_limit,time_limit,,47095869.649,,,,,60.0013534159516,,,,,,,
germanrr,budgeted_portfolio,60,1,time_limit,time_limit,,47095869.649,,,,,60.00368225004058,,,,,,,
germanrr,instance_aware_portfolio,60,1,time_limit,time_limit,,47095869.649,,,,,60.00368225004058,,,,,,,
germanrr,multi_feature_portfolio,60,1,time_limit,time_limit,,47095869.649,,,,,60.00368225004058,,,,,,,
germanrr,budgeted_portfolio,60,2,time_limit,time_limit,,47095869.649,,,,,60.00153633399168,,,,,,,
germanrr,instance_aware_portfolio,60,2,time_limit,time_limit,,47095869.649,,,,,60.00153633399168,,,,,,,
germanrr,multi_feature_portfolio,60,2,time_limit,time_limit,,47095869.649,,,,,60.00153633399168,,,,,,,
germanrr,budgeted_portfolio,300,0,node_limit,node_limit,,47095869.649,,,,,78.71224862500094,,,,,,,
germanrr,instance_aware_portfolio,300,0,node_limit,node_limit,,47095869.649,,,,,78.71224862500094,,,,,,,
germanrr,multi_feature_portfolio,300,0,node_limit,node_limit,,47095869.649,,,,,78.71224862500094,,,,,,,
germanrr,budgeted_portfolio,300,1,node_limit,node_limit,,47095869.649,,,,,79.06939695798792,,,,,,,
germanrr,instance_aware_portfolio,300,1,node_limit,node_limit,,47095869.649,,,,,79.06939695798792,,,,,,,
germanrr,multi_feature_portfolio,300,1,node_limit,node_limit,,47095869.649,,,,,79.06939695798792,,,,,,,
germanrr,budgeted_portfolio,300,2,node_limit,node_limit,,47095869.649,,,,,80.52318275003927,,,,,,,
germanrr,instance_aware_portfolio,300,2,node_limit,node_limit,,47095869.649,,,,,80.52318275003927,,,,,,,
germanrr,multi_feature_portfolio,300,2,node_limit,node_limit,,47095869.649,,,,,80.52318275003927,,,,,,,
germanrr,budgeted_portfolio,900,0,node_limit,node_limit,,47095869.649,,,,,80.53029108297778,,,,,,,
germanrr,instance_aware_portfolio,900,0,node_limit,node_limit,,47095869.649,,,,,80.53029108297778,,,,,,,
germanrr,multi_feature_portfolio,900,0,node_limit,node_limit,,47095869.649,,,,,80.53029108297778,,,,,,,
germanrr,budgeted_portfolio,900,1,node_limit,node_limit,,47095869.649,,,,,81.75241908297176,,,,,,,
germanrr,instance_aware_portfolio,900,1,node_limit,node_limit,,47095869.649,,,,,81.75241908297176,,,,,,,
germanrr,multi_feature_portfolio,900,1,node_limit,node_limit,,47095869.649,,,,,81.75241908297176,,,,,,,
germanrr,budgeted_portfolio,900,2,node_limit,node_limit,,47095869.649,,,,,80.51174958300544,,,,,,,
germanrr,instance_aware_portfolio,900,2,node_limit,node_limit,,47095869.649,,,,,80.51174958300544,,,,,,,
germanrr,multi_feature_portfolio,900,2,node_limit,node_limit,,47095869.649,,,,,80.51174958300544,,,,,,,
gfd-schedulen180f7d50m30k18,budgeted_portfolio,10,0,solver_status_108,root_lp_timeout,,1.0,,,,,10.17886104201898,,,,,,,
gfd-schedulen180f7d50m30k18,instance_aware_portfolio,10,0,solver_status_108,root_lp_timeout,,1.0,,,,,10.17886104201898,,,,,,,
gfd-schedulen180f7d50m30k18,multi_feature_portfolio,10,0,solver_status_108,root_lp_timeout,,1.0,,,,,10.176472624996677,,,,,,,
gfd-schedulen180f7d50m30k18,budgeted_portfolio,10,1,solver_status_108,root_lp_timeout,,1.0,,,,,10.22222395800054,,,,,,,
gfd-schedulen180f7d50m30k18,instance_aware_portfolio,10,1,solver_status_108,root_lp_timeout,,1.0,,,,,10.22222395800054,,,,,,,
gfd-schedulen180f7d50m30k18,multi_feature_portfolio,10,1,solver_status_108,root_lp_timeout,,1.0,,,,,10.186646417016163,,,,,,,
gfd-schedulen180f7d50m30k18,budgeted_portfolio,10,2,solver_status_108,root_lp_timeout,,1.0,,,,,10.185766790993512,,,,,,,
gfd-schedulen180f7d50m30k18,instance_aware_portfolio,10,2,solver_status_108,root_lp_timeout,,1.0,,,,,10.185766790993512,,,,,,,
gfd-schedulen180f7d50m30k18,multi_feature_portfolio,10,2,solver_status_108,root_lp_timeout,,1.0,,,,,10.197818124957848,,,,,,,
gfd-schedulen180f7d50m30k18,budgeted_portfolio,60,0,time_limit,time_limit,,1.0,,,,,60.27566995797679,,,,,,,
gfd-schedulen180f7d50m30k18,instance_aware_portfolio,60,0,time_limit,time_limit,,1.0,,,,,60.360074374999385,,,,,,,
gfd-schedulen180f7d50m30k18,multi_feature_portfolio,60,0,time_limit,time_limit,,1.0,,,,,60.360074374999385,,,,,,,
gfd-schedulen180f7d50m30k18,budgeted_portfolio,60,1,time_limit,time_limit,,1.0,,,,,60.210910958005115,,,,,,,
gfd-schedulen180f7d50m30k18,instance_aware_portfolio,60,1,time_limit,time_limit,,1.0,,,,,60.27431033400353,,,,,,,
gfd-schedulen180f7d50m30k18,multi_feature_portfolio,60,1,time_limit,time_limit,,1.0,,,,,60.27431033400353,,,,,,,
gfd-schedulen180f7d50m30k18,budgeted_portfolio,60,2,time_limit,time_limit,,1.0,,,,,844.7566731249681,,,,,,,
gfd-schedulen180f7d50m30k18,instance_aware_portfolio,60,2,time_limit,time_limit,,1.0,,,,,793.7979666250176,,,,,,,
gfd-schedulen180f7d50m30k18,multi_feature_portfolio,60,2,time_limit,time_limit,,1.0,,,,,793.7979666250176,,,,,,,
gfd-schedulen180f7d50m30k18,budgeted_portfolio,300,0,time_limit,time_limit,,1.0,,,,,300.06335745804245,,,,,,,
gfd-schedulen180f7d50m30k18,instance_aware_portfolio,300,0,time_limit,time_limit,,1.0,,,,,300.06335745804245,,,,,,,
gfd-schedulen180f7d50m30k18,multi_feature_portfolio,300,0,time_limit,time_limit,,1.0,,,,,300.06335745804245,,,,,,,
gfd-schedulen180f7d50m30k18,budgeted_portfolio,300,1,time_limit,time_limit,,1.0,,,,,300.2553429999971,,,,,,,
gfd-schedulen180f7d50m30k18,instance_aware_portfolio,300,1,time_limit,time_limit,,1.0,,,,,300.2553429999971,,,,,,,
gfd-schedulen180f7d50m30k18,multi_feature_portfolio,300,1,time_limit,time_limit,,1.0,,,,,300.2553429999971,,,,,,,
gfd-schedulen180f7d50m30k18,budgeted_portfolio,300,2,time_limit,time_limit,,1.0,,,,,301.6967560839839,,,,,,,
gfd-schedulen180f7d50m30k18,instance_aware_portfolio,300,2,time_limit,time_limit,,1.0,,,,,301.6967560839839,,,,,,,
gfd-schedulen180f7d50m30k18,multi_feature_portfolio,300,2,time_limit,time_limit,,1.0,,,,,301.6967560839839,,,,,,,
gfd-schedulen180f7d50m30k18,budgeted_portfolio,900,0,time_limit,time_limit,,1.0,,,,,900.1303475829773,,,,,,,
gfd-schedulen180f7d50m30k18,instance_aware_portfolio,900,0,time_limit,time_limit,,1.0,,,,,900.1303475829773,,,,,,,
gfd-schedulen180f7d50m30k18,multi_feature_portfolio,900,0,time_limit,time_limit,,1.0,,,,,900.1303475829773,,,,,,,
gfd-schedulen180f7d50m30k18,budgeted_portfolio,900,1,time_limit,time_limit,,1.0,,,,,900.1317070410005,,,,,,,
gfd-schedulen180f7d50m30k18,instance_aware_portfolio,900,1,time_limit,time_limit,,1.0,,,,,900.1317070410005,,,,,,,
gfd-schedulen180f7d50m30k18,multi_feature_portfolio,900,1,time_limit,time_limit,,1.0,,,,,900.1317070410005,,,,,,,
gfd-schedulen180f7d50m30k18,budgeted_portfolio,900,2,time_limit,time_limit,,1.0,,,,,900.069214624993,,,,,,,
gfd-schedulen180f7d50m30k18,instance_aware_portfolio,900,2,time_limit,time_limit,,1.0,,,,,900.069214624993,,,,,,,
gfd-schedulen180f7d50m30k18,multi_feature_portfolio,900,2,time_limit,time_limit,,1.0,,,,,900.069214624993,,,,,,,
irp,budgeted_portfolio,10,0,time_limit,time_limit,12309.415608,12159.49283539698,0.012329689620490152,,,0.22361024998826906,10.001356124994345,,,,,,,
irp,instance_aware_portfolio,10,0,time_limit,time_limit,12309.415608,12159.49283539698,0.012329689620490152,,,0.22361024998826906,10.001356124994345,,,,,,,
irp,multi_feature_portfolio,10,0,time_limit,time_limit,12309.415608,12159.49283539698,0.012329689620490152,,,0.22361024998826906,10.001356124994345,,,,,,,
irp,budgeted_portfolio,10,1,time_limit,time_limit,12161.152748,12159.49283539698,0.000136511664219047,,,0.218666166998446,10.003421708999667,,,,,,,
irp,instance_aware_portfolio,10,1,time_limit,time_limit,12161.152748,12159.49283539698,0.000136511664219047,,,0.218666166998446,10.003421708999667,,,,,,,
irp,multi_feature_portfolio,10,1,time_limit,time_limit,12161.152748,12159.49283539698,0.000136511664219047,,,0.218666166998446,10.003421708999667,,,,,,,
irp,budgeted_portfolio,10,2,time_limit,time_limit,12191.909912,12159.49283539698,0.0026659892021688924,,,0.21816808299627155,10.051127583021298,,,,,,,
irp,instance_aware_portfolio,10,2,time_limit,time_limit,12191.909912,12159.49283539698,0.0026659892021688924,,,0.21816808299627155,10.051127583021298,,,,,,,
irp,multi_feature_portfolio,10,2,time_limit,time_limit,12191.909912,12159.49283539698,0.0026659892021688924,,,0.21816808299627155,10.051127583021298,,,,,,,
irp,budgeted_portfolio,60,0,node_limit,node_limit,12309.415608,12159.49283539698,0.012329689620490152,,,0.22749204200226814,44.9862260419759,,,,,,,
irp,instance_aware_portfolio,60,0,node_limit,node_limit,12309.415608,12159.49283539698,0.012329689620490152,,,0.22749204200226814,44.9862260419759,,,,,,,
irp,multi_feature_portfolio,60,0,node_limit,node_limit,12309.415608,12159.49283539698,0.012329689620490152,,,0.22749204200226814,44.9862260419759,,,,,,,
irp,budgeted_portfolio,60,1,node_limit,node_limit,12195.398792999998,12159.49283539698,0.002952915725110949,,,0.2271877919556573,42.95097495795926,,,,,,,
irp,instance_aware_portfolio,60,1,node_limit,node_limit,12195.398792999998,12159.49283539698,0.002952915725110949,,,0.2271877919556573,42.95097495795926,,,,,,,
irp,multi_feature_portfolio,60,1,node_limit,node_limit,12195.398792999998,12159.49283539698,0.002952915725110949,,,0.2271877919556573,42.95097495795926,,,,,,,
irp,budgeted_portfolio,60,2,node_limit,node_limit,12190.847901000001,12159.49283539698,0.002578649128501791,,,0.22520475002238527,42.85303175001172,,,,,,,
irp,instance_aware_portfolio,60,2,node_limit,node_limit,12190.847901000001,12159.49283539698,0.002578649128501791,,,0.22520475002238527,42.85303175001172,,,,,,,
irp,multi_feature_portfolio,60,2,node_limit,node_limit,12190.847901000001,12159.49283539698,0.002578649128501791,,,0.22520475002238527,42.85303175001172,,,,,,,
irp,budgeted_portfolio,300,0,node_limit,node_limit,12191.909912,12159.49283539698,0.0026659892021688924,,,0.2263675419962965,47.8219616250135,,,,,,,
irp,instance_aware_portfolio,300,0,node_limit,node_limit,12191.909912,12159.49283539698,0.0026659892021688924,,,0.2263675419962965,47.8219616250135,,,,,,,
irp,multi_feature_portfolio,300,0,node_limit,node_limit,12191.909912,12159.49283539698,0.0026659892021688924,,,0.2263675419962965,47.8219616250135,,,,,,,
irp,budgeted_portfolio,300,1,node_limit,node_limit,12191.909912000001,12159.49283539698,0.002665989202169042,,,0.22999429097399116,47.4441934999777,,,,,,,
irp,instance_aware_portfolio,300,1,node_limit,node_limit,12191.909912000001,12159.49283539698,0.002665989202169042,,,0.22999429097399116,47.4441934999777,,,,,,,
irp,multi_feature_portfolio,300,1,node_limit,node_limit,12191.909912000001,12159.49283539698,0.002665989202169042,,,0.22999429097399116,47.4441934999777,,,,,,,
irp,budgeted_portfolio,300,2,node_limit,node_limit,12191.909912,12159.49283539698,0.0026659892021688924,,,0.2217362920055166,45.159397916984744,,,,,,,
irp,instance_aware_portfolio,300,2,node_limit,node_limit,12191.909912,12159.49283539698,0.0026659892021688924,,,0.2217362920055166,45.159397916984744,,,,,,,
irp,multi_feature_portfolio,300,2,node_limit,node_limit,12191.909912,12159.49283539698,0.0026659892021688924,,,0.2217362920055166,45.159397916984744,,,,,,,
irp,budgeted_portfolio,900,0,node_limit,node_limit,12191.909912000001,12159.49283539698,0.002665989202169042,,,0.23745066701667383,47.15127512504114,,,,,,,
irp,instance_aware_portfolio,900,0,node_limit,node_limit,12191.909912000001,12159.49283539698,0.002665989202169042,,,0.23745066701667383,47.15127512504114,,,,,,,
irp,multi_feature_portfolio,900,0,node_limit,node_limit,12191.909912000001,12159.49283539698,0.002665989202169042,,,0.23745066701667383,47.15127512504114,,,,,,,
irp,budgeted_portfolio,900,1,node_limit,node_limit,12191.909912000001,12159.49283539698,0.002665989202169042,,,0.22911149996798486,47.774607667000964,,,,,,,
irp,instance_aware_portfolio,900,1,node_limit,node_limit,12191.909912000001,12159.49283539698,0.002665989202169042,,,0.22911149996798486,47.774607667000964,,,,,,,
irp,multi_feature_portfolio,900,1,node_limit,node_limit,12191.909912000001,12159.49283539698,0.002665989202169042,,,0.22911149996798486,47.774607667000964,,,,,,,
irp,budgeted_portfolio,900,2,node_limit,node_limit,12191.909912,12159.49283539698,0.0026659892021688924,,,0.22657604096457362,47.421288915968034,,,,,,,
irp,instance_aware_portfolio,900,2,node_limit,node_limit,12191.909912,12159.49283539698,0.0026659892021688924,,,0.22657604096457362,47.421288915968034,,,,,,,
irp,multi_feature_portfolio,900,2,node_limit,node_limit,12191.909912,12159.49283539698,0.0026659892021688924,,,0.22657604096457362,47.421288915968034,,,,,,,
lectsched-5-obj,budgeted_portfolio,10,0,time_limit,time_limit,,24.0,,,,,10.007964292017277,,,,,,,
lectsched-5-obj,instance_aware_portfolio,10,0,time_limit,time_limit,,24.0,,,,,10.014060790999793,,,,,,,
lectsched-5-obj,multi_feature_portfolio,10,0,time_limit,time_limit,,24.0,,,,,10.014060790999793,,,,,,,
lectsched-5-obj,budgeted_portfolio,10,1,time_limit,time_limit,,24.0,,,,,10.003923167008907,,,,,,,
lectsched-5-obj,instance_aware_portfolio,10,1,time_limit,time_limit,,24.0,,,,,10.006105125008617,,,,,,,
lectsched-5-obj,multi_feature_portfolio,10,1,time_limit,time_limit,,24.0,,,,,10.006105125008617,,,,,,,
lectsched-5-obj,budgeted_portfolio,10,2,time_limit,time_limit,,24.0,,,,,10.067140124971047,,,,,,,
lectsched-5-obj,instance_aware_portfolio,10,2,time_limit,time_limit,,24.0,,,,,10.009550416027196,,,,,,,
lectsched-5-obj,multi_feature_portfolio,10,2,time_limit,time_limit,,24.0,,,,,10.009550416027196,,,,,,,
lectsched-5-obj,budgeted_portfolio,60,0,node_limit,node_limit,,24.0,,,,,45.0432833750383,,,,,,,
lectsched-5-obj,instance_aware_portfolio,60,0,time_limit,time_limit,,24.0,,,,,60.207303333038,,,,,,,
lectsched-5-obj,multi_feature_portfolio,60,0,time_limit,time_limit,,24.0,,,,,60.207303333038,,,,,,,
lectsched-5-obj,budgeted_portfolio,60,1,node_limit,node_limit,,24.0,,,,,48.384906416002195,,,,,,,
lectsched-5-obj,instance_aware_portfolio,60,1,time_limit,time_limit,,24.0,,,,,60.001997208979446,,,,,,,
lectsched-5-obj,multi_feature_portfolio,60,1,time_limit,time_limit,,24.0,,,,,60.001997208979446,,,,,,,
lectsched-5-obj,budgeted_portfolio,60,2,node_limit,node_limit,,24.0,,,,,47.99632408400066,,,,,,,
lectsched-5-obj,instance_aware_portfolio,60,2,time_limit,time_limit,,24.0,,,,,60.20043045800412,,,,,,,
lectsched-5-obj,multi_feature_portfolio,60,2,time_limit,time_limit,,24.0,,,,,60.20043045800412,,,,,,,
lectsched-5-obj,budgeted_portfolio,300,0,node_limit,node_limit,,24.0,,,,,60.349900874949526,,,,,,,
lectsched-5-obj,instance_aware_portfolio,300,0,node_limit,node_limit,,24.0,,,,,60.349900874949526,,,,,,,
lectsched-5-obj,multi_feature_portfolio,300,0,node_limit,node_limit,,24.0,,,,,60.349900874949526,,,,,,,
lectsched-5-obj,budgeted_portfolio,300,1,node_limit,node_limit,,24.0,,,,,71.44548799999757,,,,,,,
lectsched-5-obj,instance_aware_portfolio,300,1,node_limit,node_limit,,24.0,,,,,71.44548799999757,,,,,,,
lectsched-5-obj,multi_feature_portfolio,300,1,node_limit,node_limit,,24.0,,,,,71.44548799999757,,,,,,,
lectsched-5-obj,budgeted_portfolio,300,2,node_limit,node_limit,,24.0,,,,,65.78049604099942,,,,,,,
lectsched-5-obj,instance_aware_portfolio,300,2,node_limit,node_limit,,24.0,,,,,65.78049604099942,,,,,,,
lectsched-5-obj,multi_feature_portfolio,300,2,node_limit,node_limit,,24.0,,,,,65.78049604099942,,,,,,,
lectsched-5-obj,budgeted_portfolio,900,0,node_limit,node_limit,,24.0,,,,,60.452147124975454,,,,,,,
lectsched-5-obj,instance_aware_portfolio,900,0,node_limit,node_limit,,24.0,,,,,60.452147124975454,,,,,,,
lectsched-5-obj,multi_feature_portfolio,900,0,node_limit,node_limit,,24.0,,,,,60.452147124975454,,,,,,,
lectsched-5-obj,budgeted_portfolio,900,1,node_limit,node_limit,,24.0,,,,,71.552244874998,,,,,,,
lectsched-5-obj,instance_aware_portfolio,900,1,node_limit,node_limit,,24.0,,,,,71.552244874998,,,,,,,
lectsched-5-obj,multi_feature_portfolio,900,1,node_limit,node_limit,,24.0,,,,,71.552244874998,,,,,,,
lectsched-5-obj,budgeted_portfolio,900,2,node_limit,node_limit,,24.0,,,,,65.40815258299699,,,,,,,
lectsched-5-obj,instance_aware_portfolio,900,2,node_limit,node_limit,,24.0,,,,,65.40815258299699,,,,,,,
lectsched-5-obj,multi_feature_portfolio,900,2,node_limit,node_limit,,24.0,,,,,65.40815258299699,,,,,,,
mcsched,budgeted_portfolio,10,0,time_limit,time_limit,222828.0,211913.0,0.051506986357609016,,,0.1628394169965759,10.010510125022847,,,,,,,
mcsched,instance_aware_portfolio,10,0,time_limit,time_limit,222828.0,211913.0,0.051506986357609016,,,0.1628394169965759,10.010510125022847,,,,,,,
mcsched,multi_feature_portfolio,10,0,time_limit,time_limit,222828.0,211913.0,0.051506986357609016,,,0.1628394169965759,10.010510125022847,,,,,,,
mcsched,budgeted_portfolio,10,1,time_limit,time_limit,221876.0,211913.0,0.04701457673667968,,,0.1659158340189606,10.009887125052046,,,,,,,
mcsched,instance_aware_portfolio,10,1,time_limit,time_limit,221876.0,211913.0,0.04701457673667968,,,0.1659158340189606,10.009887125052046,,,,,,,
mcsched,multi_feature_portfolio,10,1,time_limit,time_limit,221876.0,211913.0,0.04701457673667968,,,0.1659158340189606,10.009887125052046,,,,,,,
mcsched,budgeted_portfolio,10,2,time_limit,time_limit,229901.0,211913.0,0.08488389103075318,,,0.16556808300083503,10.002765082987025,,,,,,,
mcsched,instance_aware_portfolio,10,2,time_limit,time_limit,229901.0,211913.0,0.08488389103075318,,,0.16556808300083503,10.002765082987025,,,,,,,
mcsched,multi_feature_portfolio,10,2,time_limit,time_limit,229901.0,211913.0,0.08488389103075318,,,0.16556808300083503,10.002765082987025,,,,,,,
mcsched,budgeted_portfolio,60,1,node_limit,node_limit,218807.0,211913.0,0.032532218410385394,,,0.16639470803784207,23.161961625039112,,,,,,,
mcsched,instance_aware_portfolio,60,1,node_limit,node_limit,218807.0,211913.0,0.032532218410385394,,,0.16639470803784207,23.161961625039112,,,,,,,
mcsched,multi_feature_portfolio,60,1,node_limit,node_limit,218807.0,211913.0,0.032532218410385394,,,0.16639470803784207,23.161961625039112,,,,,,,
mcsched,budgeted_portfolio,60,2,node_limit,node_limit,217901.0,211913.0,0.028256879002232047,,,0.16486437496496364,23.176672874949872,,,,,,,
mcsched,instance_aware_portfolio,60,2,node_limit,node_limit,217901.0,211913.0,0.028256879002232047,,,0.16486437496496364,23.176672874949872,,,,,,,
mcsched,multi_feature_portfolio,60,2,node_limit,node_limit,217901.0,211913.0,0.028256879002232047,,,0.16486437496496364,23.176672874949872,,,,,,,
mcsched,budgeted_portfolio,300,0,node_limit,node_limit,220765.0,211913.0,0.04177185920637243,,,0.16625412501161918,17.210830083000474,,,,,,,
mcsched,instance_aware_portfolio,300,0,node_limit,node_limit,220765.0,211913.0,0.04177185920637243,,,0.16625412501161918,17.210830083000474,,,,,,,
mcsched,multi_feature_portfolio,300,0,node_limit,node_limit,220765.0,211913.0,0.04177185920637243,,,0.16625412501161918,17.210830083000474,,,,,,,
mcsched,budgeted_portfolio,300,1,node_limit,node_limit,220765.0,211913.0,0.04177185920637243,,,0.16640687495237216,16.94980929099256,,,,,,,
mcsched,instance_aware_portfolio,300,1,node_limit,node_limit,220765.0,211913.0,0.04177185920637243,,,0.16640687495237216,16.94980929099256,,,,,,,
mcsched,multi_feature_portfolio,300,1,node_limit,node_limit,220765.0,211913.0,0.04177185920637243,,,0.16640687495237216,16.94980929099256,,,,,,,
mcsched,budgeted_portfolio,300,2,node_limit,node_limit,220765.0,211913.0,0.04177185920637243,,,0.16561741702025756,17.332569209043868,,,,,,,
mcsched,instance_aware_portfolio,300,2,node_limit,node_limit,220765.0,211913.0,0.04177185920637243,,,0.16561741702025756,17.332569209043868,,,,,,,
mcsched,multi_feature_portfolio,300,2,node_limit,node_limit,220765.0,211913.0,0.04177185920637243,,,0.16561741702025756,17.332569209043868,,,,,,,
mcsched,budgeted_portfolio,900,0,node_limit,node_limit,220765.0,211913.0,0.04177185920637243,,,0.16578999999910593,17.299327999993693,,,,,,,
mcsched,instance_aware_portfolio,900,0,node_limit,node_limit,220765.0,211913.0,0.04177185920637243,,,0.16578999999910593,17.299327999993693,,,,,,,
mcsched,multi_feature_portfolio,900,0,node_limit,node_limit,220765.0,211913.0,0.04177185920637243,,,0.16578999999910593,17.299327999993693,,,,,,,
mcsched,budgeted_portfolio,900,1,node_limit,node_limit,220765.0,211913.0,0.04177185920637243,,,0.16618879098678008,17.523779708018992,,,,,,,
mcsched,instance_aware_portfolio,900,1,node_limit,node_limit,220765.0,211913.0,0.04177185920637243,,,0.16618879098678008,17.523779708018992,,,,,,,
mcsched,multi_feature_portfolio,900,1,node_limit,node_limit,220765.0,211913.0,0.04177185920637243,,,0.16618879098678008,17.523779708018992,,,,,,,
mcsched,budgeted_portfolio,900,2,node_limit,node_limit,220765.0,211913.0,0.04177185920637243,,,0.1669510419596918,17.649292124959175,,,,,,,
mcsched,instance_aware_portfolio,900,2,node_limit,node_limit,220765.0,211913.0,0.04177185920637243,,,0.1669510419596918,17.649292124959175,,,,,,,
mcsched,multi_feature_portfolio,900,2,node_limit,node_limit,220765.0,211913.0,0.04177185920637243,,,0.1669510419596918,17.649292124959175,,,,,,,
rail01,budgeted_portfolio,10,0,solver_status_108,root_lp_timeout,,-70.5699643,,,,,10.010541957977694,,,,,,,
rail01,instance_aware_portfolio,10,0,solver_status_108,root_lp_timeout,,-70.5699643,,,,,10.010541957977694,,,,,,,
rail01,multi_feature_portfolio,10,0,solver_status_108,root_lp_timeout,,-70.5699643,,,,,10.009457084001042,,,,,,,
rail01,budgeted_portfolio,10,1,solver_status_108,root_lp_timeout,,-70.5699643,,,,,10.00830262497766,,,,,,,
rail01,instance_aware_portfolio,10,1,solver_status_108,root_lp_timeout,,-70.5699643,,,,,10.00830262497766,,,,,,,
rail01,multi_feature_portfolio,10,1,solver_status_108,root_lp_timeout,,-70.5699643,,,,,10.010655833990313,,,,,,,
rail01,budgeted_portfolio,10,2,solver_status_108,root_lp_timeout,,-70.5699643,,,,,10.011129458027426,,,,,,,
rail01,instance_aware_portfolio,10,2,solver_status_108,root_lp_timeout,,-70.5699643,,,,,10.011129458027426,,,,,,,
rail01,multi_feature_portfolio,10,2,solver_status_108,root_lp_timeout,,-70.5699643,,,,,10.009770584001672,,,,,,,
rail01,budgeted_portfolio,60,0,time_limit,time_limit,,-70.5699643,,,,,60.01316212496022,,,,,,,
rail01,instance_aware_portfolio,60,0,time_limit,time_limit,,-70.5699643,,,,,60.010111875017174,,,,,,,
rail01,multi_feature_portfolio,60,0,time_limit,time_limit,,-70.5699643,,,,,60.010111875017174,,,,,,,
rail01,budgeted_portfolio,60,1,time_limit,time_limit,,-70.5699643,,,,,60.22560795798199,,,,,,,
rail01,instance_aware_portfolio,60,1,time_limit,time_limit,,-70.5699643,,,,,60.32206616696203,,,,,,,
rail01,multi_feature_portfolio,60,1,time_limit,time_limit,,-70.5699643,,,,,60.32206616696203,,,,,,,
rail01,budgeted_portfolio,60,2,time_limit,time_limit,,-70.5699643,,,,,60.011590000009164,,,,,,,
rail01,instance_aware_portfolio,60,2,time_limit,time_limit,,-70.5699643,,,,,60.013128541002516,,,,,,,
rail01,multi_feature_portfolio,60,2,time_limit,time_limit,,-70.5699643,,,,,60.013128541002516,,,,,,,
rail01,budgeted_portfolio,300,0,time_limit,time_limit,,-70.5699643,,,,,300.00735016702674,,,,,,,
rail01,instance_aware_portfolio,300,0,time_limit,time_limit,,-70.5699643,,,,,300.00735016702674,,,,,,,
rail01,multi_feature_portfolio,300,0,time_limit,time_limit,,-70.5699643,,,,,300.00735016702674,,,,,,,
rail01,budgeted_portfolio,300,1,time_limit,time_limit,,-70.5699643,,,,,300.01535399997374,,,,,,,
rail01,instance_aware_portfolio,300,1,time_limit,time_limit,,-70.5699643,,,,,300.01535399997374,,,,,,,
rail01,multi_feature_portfolio,300,1,time_limit,time_limit,,-70.5699643,,,,,300.01535399997374,,,,,,,
rail01,budgeted_portfolio,300,2,time_limit,time_limit,,-70.5699643,,,,,300.0164252920076,,,,,,,
rail01,instance_aware_portfolio,300,2,time_limit,time_limit,,-70.5699643,,,,,300.0164252920076,,,,,,,
rail01,multi_feature_portfolio,300,2,time_limit,time_limit,,-70.5699643,,,,,300.0164252920076,,,,,,,
rail01,budgeted_portfolio,900,0,time_limit,time_limit,,-70.5699643,,,,,900.0107212499715,,,,,,,
rail01,instance_aware_portfolio,900,0,time_limit,time_limit,,-70.5699643,,,,,900.0107212499715,,,,,,,
rail01,multi_feature_portfolio,900,0,time_limit,time_limit,,-70.5699643,,,,,900.0107212499715,,,,,,,
rail01,budgeted_portfolio,900,1,time_limit,time_limit,,-70.5699643,,,,,900.0134460830013,,,,,,,
rail01,instance_aware_portfolio,900,1,time_limit,time_limit,,-70.5699643,,,,,900.0134460830013,,,,,,,
rail01,multi_feature_portfolio,900,1,time_limit,time_limit,,-70.5699643,,,,,900.0134460830013,,,,,,,
rail01,budgeted_portfolio,900,2,time_limit,time_limit,,-70.5699643,,,,,900.0140457919915,,,,,,,
rail01,instance_aware_portfolio,900,2,time_limit,time_limit,,-70.5699643,,,,,900.0140457919915,,,,,,,
rail01,multi_feature_portfolio,900,2,time_limit,time_limit,,-70.5699643,,,,,900.0140457919915,,,,,,,
rail02,budgeted_portfolio,10,0,solver_status_108,root_lp_timeout,,-200.4499077,,,,,10.017210666963365,,,,,,,
rail02,instance_aware_portfolio,10,0,solver_status_108,root_lp_timeout,,-200.4499077,,,,,10.017210666963365,,,,,,,
rail02,multi_feature_portfolio,10,0,solver_status_108,root_lp_timeout,,-200.4499077,,,,,10.016919333022088,,,,,,,
rail02,budgeted_portfolio,10,1,solver_status_108,root_lp_timeout,,-200.4499077,,,,,10.01215983304428,,,,,,,
rail02,instance_aware_portfolio,10,1,solver_status_108,root_lp_timeout,,-200.4499077,,,,,10.01215983304428,,,,,,,
rail02,multi_feature_portfolio,10,1,solver_status_108,root_lp_timeout,,-200.4499077,,,,,10.01579724997282,,,,,,,
rail02,budgeted_portfolio,10,2,solver_status_108,root_lp_timeout,,-200.4499077,,,,,10.01680970902089,,,,,,,
rail02,instance_aware_portfolio,10,2,solver_status_108,root_lp_timeout,,-200.4499077,,,,,10.01680970902089,,,,,,,
rail02,multi_feature_portfolio,10,2,solver_status_108,root_lp_timeout,,-200.4499077,,,,,10.013777834014036,,,,,,,
rail02,budgeted_portfolio,60,0,solver_status_108,root_lp_timeout,,-200.4499077,,,,,60.02112270798534,,,,,,,
rail02,instance_aware_portfolio,60,0,solver_status_108,root_lp_timeout,,-200.4499077,,,,,60.02112270798534,,,,,,,
rail02,multi_feature_portfolio,60,0,solver_status_108,root_lp_timeout,,-200.4499077,,,,,60.025426291977055,,,,,,,
rail02,budgeted_portfolio,60,1,solver_status_108,root_lp_timeout,,-200.4499077,,,,,60.022182082990184,,,,,,,
rail02,instance_aware_portfolio,60,1,solver_status_108,root_lp_timeout,,-200.4499077,,,,,60.022182082990184,,,,,,,
rail02,multi_feature_portfolio,60,1,solver_status_108,root_lp_timeout,,-200.4499077,,,,,60.01979837502586,,,,,,,
rail02,budgeted_portfolio,60,2,solver_status_108,root_lp_timeout,,-200.4499077,,,,,60.02370104100555,,,,,,,
rail02,instance_aware_portfolio,60,2,solver_status_108,root_lp_timeout,,-200.4499077,,,,,60.02370104100555,,,,,,,
rail02,multi_feature_portfolio,60,2,solver_status_108,root_lp_timeout,,-200.4499077,,,,,60.020644333038945,,,,,,,
rail02,budgeted_portfolio,300,0,solver_status_108,root_lp_timeout,,-200.4499077,,,,,300.0183138750144,,,,,,,
rail02,instance_aware_portfolio,300,0,solver_status_108,root_lp_timeout,,-200.4499077,,,,,300.0183138750144,,,,,,,
rail02,multi_feature_portfolio,300,0,solver_status_108,root_lp_timeout,,-200.4499077,,,,,300.0183138750144,,,,,,,
rail02,budgeted_portfolio,300,1,solver_status_108,root_lp_timeout,,-200.4499077,,,,,300.0244956249953,,,,,,,
rail02,instance_aware_portfolio,300,1,solver_status_108,root_lp_timeout,,-200.4499077,,,,,300.0244956249953,,,,,,,
rail02,multi_feature_portfolio,300,1,solver_status_108,root_lp_timeout,,-200.4499077,,,,,300.0244956249953,,,,,,,
rail02,budgeted_portfolio,300,2,time_limit,time_limit,,-200.4499077,,,,,300.03481316700345,,,,,,,
rail02,instance_aware_portfolio,300,2,time_limit,time_limit,,-200.4499077,,,,,300.03481316700345,,,,,,,
rail02,multi_feature_portfolio,300,2,time_limit,time_limit,,-200.4499077,,,,,300.03481316700345,,,,,,,
rail02,budgeted_portfolio,900,0,time_limit,time_limit,,-200.4499077,,,,,900.0199933750555,,,,,,,
rail02,instance_aware_portfolio,900,0,time_limit,time_limit,,-200.4499077,,,,,900.0199933750555,,,,,,,
rail02,multi_feature_portfolio,900,0,time_limit,time_limit,,-200.4499077,,,,,900.0199933750555,,,,,,,
rail02,budgeted_portfolio,900,1,time_limit,time_limit,,-200.4499077,,,,,900.021014958038,,,,,,,
rail02,instance_aware_portfolio,900,1,time_limit,time_limit,,-200.4499077,,,,,900.021014958038,,,,,,,
rail02,multi_feature_portfolio,900,1,time_limit,time_limit,,-200.4499077,,,,,900.021014958038,,,,,,,
rail02,budgeted_portfolio,900,2,time_limit,time_limit,,-200.4499077,,,,,900.0195016670041,,,,,,,
rail02,instance_aware_portfolio,900,2,time_limit,time_limit,,-200.4499077,,,,,900.0195016670041,,,,,,,
rail02,multi_feature_portfolio,900,2,time_limit,time_limit,,-200.4499077,,,,,900.0195016670041,,,,,,,
rail507,budgeted_portfolio,10,0,time_limit,time_limit,750.0,174.0,3.310344827586207,,,2.8586163750151172,10.208479584020097,,,,,,,
rail507,instance_aware_portfolio,10,0,time_limit,time_limit,750.0,174.0,3.310344827586207,,,2.8586163750151172,10.208479584020097,,,,,,,
rail507,multi_feature_portfolio,10,0,time_limit,time_limit,750.0,174.0,3.310344827586207,,,2.8586163750151172,10.208479584020097,,,,,,,
rail507,budgeted_portfolio,10,1,time_limit,time_limit,753.0,174.0,3.3275862068965516,,,2.7007121249916963,10.00249199999962,,,,,,,
rail507,instance_aware_portfolio,10,1,time_limit,time_limit,753.0,174.0,3.3275862068965516,,,2.7007121249916963,10.00249199999962,,,,,,,
rail507,multi_feature_portfolio,10,1,time_limit,time_limit,753.0,174.0,3.3275862068965516,,,2.7007121249916963,10.00249199999962,,,,,,,
rail507,budgeted_portfolio,10,2,time_limit,time_limit,753.0,174.0,3.3275862068965516,,,2.900113957992289,10.410942499991506,,,,,,,
rail507,instance_aware_portfolio,10,2,time_limit,time_limit,753.0,174.0,3.3275862068965516,,,2.900113957992289,10.410942499991506,,,,,,,
rail507,multi_feature_portfolio,10,2,time_limit,time_limit,753.0,174.0,3.3275862068965516,,,2.900113957992289,10.410942499991506,,,,,,,
rail507,budgeted_portfolio,60,0,time_limit,time_limit,740.0,174.0,3.2528735632183907,,,2.946209290996194,60.08576629101299,,,,,,,
rail507,instance_aware_portfolio,60,0,time_limit,time_limit,740.0,174.0,3.2528735632183907,,,2.946209290996194,60.08576629101299,,,,,,,
rail507,multi_feature_portfolio,60,0,time_limit,time_limit,740.0,174.0,3.2528735632183907,,,2.946209290996194,60.08576629101299,,,,,,,
rail507,budgeted_portfolio,60,1,time_limit,time_limit,732.0,174.0,3.206896551724138,,,2.707464249979239,60.018608917016536,,,,,,,
rail507,instance_aware_portfolio,60,1,time_limit,time_limit,732.0,174.0,3.206896551724138,,,2.707464249979239,60.018608917016536,,,,,,,
rail507,multi_feature_portfolio,60,1,time_limit,time_limit,732.0,174.0,3.206896551724138,,,2.707464249979239,60.018608917016536,,,,,,,
rail507,budgeted_portfolio,60,2,time_limit,time_limit,741.0,174.0,3.2586206896551726,,,2.7899597919895314,60.00251458300045,,,,,,,
rail507,instance_aware_portfolio,60,2,time_limit,time_limit,741.0,174.0,3.2586206896551726,,,2.7899597919895314,60.00251458300045,,,,,,,
rail507,multi_feature_portfolio,60,2,time_limit,time_limit,741.0,174.0,3.2586206896551726,,,2.7899597919895314,60.00251458300045,,,,,,,
rail507,budgeted_portfolio,300,0,time_limit,time_limit,726.0,174.0,3.1724137931034484,,,2.810414874984417,300.01704229199095,,,,,,,
rail507,instance_aware_portfolio,300,0,time_limit,time_limit,726.0,174.0,3.1724137931034484,,,2.810414874984417,300.01704229199095,,,,,,,
rail507,multi_feature_portfolio,300,0,time_limit,time_limit,726.0,174.0,3.1724137931034484,,,2.810414874984417,300.01704229199095,,,,,,,
rail507,budgeted_portfolio,300,1,time_limit,time_limit,722.0,174.0,3.1494252873563218,,,2.512495083035901,300.2340733750025,,,,,,,
rail507,instance_aware_portfolio,300,1,time_limit,time_limit,722.0,174.0,3.1494252873563218,,,2.512495083035901,300.2340733750025,,,,,,,
rail507,multi_feature_portfolio,300,1,time_limit,time_limit,722.0,174.0,3.1494252873563218,,,2.512495083035901,300.2340733750025,,,,,,,
rail507,budgeted_portfolio,300,2,time_limit,time_limit,718.0,174.0,3.1264367816091956,,,2.644184250035323,300.0017875410267,,,,,,,
rail507,instance_aware_portfolio,300,2,time_limit,time_limit,718.0,174.0,3.1264367816091956,,,2.644184250035323,300.0017875410267,,,,,,,
rail507,multi_feature_portfolio,300,2,time_limit,time_limit,718.0,174.0,3.1264367816091956,,,2.644184250035323,300.0017875410267,,,,,,,
rail507,budgeted_portfolio,900,0,node_limit,node_limit,697.0,174.0,3.0057471264367814,,,2.7385627079638653,615.1883631660021,,,,,,,
rail507,instance_aware_portfolio,900,0,node_limit,node_limit,697.0,174.0,3.0057471264367814,,,2.7385627079638653,615.1883631660021,,,,,,,
rail507,multi_feature_portfolio,900,0,node_limit,node_limit,697.0,174.0,3.0057471264367814,,,2.7385627079638653,615.1883631660021,,,,,,,
rail507,budgeted_portfolio,900,1,node_limit,node_limit,714.0,174.0,3.103448275862069,,,2.514549958985299,622.4774510419811,,,,,,,
rail507,instance_aware_portfolio,900,1,node_limit,node_limit,714.0,174.0,3.103448275862069,,,2.514549958985299,622.4774510419811,,,,,,,
rail507,multi_feature_portfolio,900,1,node_limit,node_limit,714.0,174.0,3.103448275862069,,,2.514549958985299,622.4774510419811,,,,,,,
rail507,budgeted_portfolio,900,2,node_limit,node_limit,709.0,174.0,3.074712643678161,,,2.660663124988787,583.8717810409726,,,,,,,
rail507,instance_aware_portfolio,900,2,node_limit,node_limit,709.0,174.0,3.074712643678161,,,2.660663124988787,583.8717810409726,,,,,,,
rail507,multi_feature_portfolio,900,2,node_limit,node_limit,709.0,174.0,3.074712643678161,,,2.660663124988787,583.8717810409726,,,,,,,
savsched1,budgeted_portfolio,10,0,solver_status_107,root_lp_timeout,,3217.7,,,,,10.062889125023503,,,,,,,
savsched1,instance_aware_portfolio,10,0,solver_status_107,root_lp_timeout,,3217.7,,,,,10.062889125023503,,,,,,,
savsched1,multi_feature_portfolio,10,0,solver_status_107,root_lp_timeout,,3217.7,,,,,10.056197458005045,,,,,,,
savsched1,budgeted_portfolio,10,1,solver_status_107,root_lp_timeout,,3217.7,,,,,10.027953707962297,,,,,,,
savsched1,instance_aware_portfolio,10,1,solver_status_107,root_lp_timeout,,3217.7,,,,,10.027953707962297,,,,,,,
savsched1,multi_feature_portfolio,10,1,solver_status_107,root_lp_timeout,,3217.7,,,,,10.05976750003174,,,,,,,
savsched1,budgeted_portfolio,10,2,solver_status_107,root_lp_timeout,,3217.7,,,,,10.06446187500842,,,,,,,
savsched1,instance_aware_portfolio,10,2,solver_status_107,root_lp_timeout,,3217.7,,,,,10.06446187500842,,,,,,,
savsched1,multi_feature_portfolio,10,2,solver_status_107,root_lp_timeout,,3217.7,,,,,10.04818758298643,,,,,,,
savsched1,budgeted_portfolio,60,0,solver_status_107,root_lp_timeout,,3217.7,,,,,60.065515834023245,,,,,,,
savsched1,instance_aware_portfolio,60,0,solver_status_107,root_lp_timeout,,3217.7,,,,,60.065515834023245,,,,,,,
savsched1,multi_feature_portfolio,60,0,solver_status_107,root_lp_timeout,,3217.7,,,,,60.066188082972076,,,,,,,
savsched1,budgeted_portfolio,60,1,solver_status_107,root_lp_timeout,,3217.7,,,,,60.06359362503281,,,,,,,
savsched1,instance_aware_portfolio,60,1,solver_status_107,root_lp_timeout,,3217.7,,,,,60.06359362503281,,,,,,,
savsched1,multi_feature_portfolio,60,1,solver_status_107,root_lp_timeout,,3217.7,,,,,60.04551016696496,,,,,,,
savsched1,budgeted_portfolio,60,2,time_limit,time_limit,,3217.7,,,,,60.10378220799612,,,,,,,
savsched1,instance_aware_portfolio,60,2,time_limit,time_limit,,3217.7,,,,,60.1221723749768,,,,,,,
savsched1,multi_feature_portfolio,60,2,time_limit,time_limit,,3217.7,,,,,60.1221723749768,,,,,,,
savsched1,budgeted_portfolio,300,0,time_limit,time_limit,,3217.7,,,,,300.12741754204035,,,,,,,
savsched1,instance_aware_portfolio,300,0,time_limit,time_limit,,3217.7,,,,,300.12741754204035,,,,,,,
savsched1,multi_feature_portfolio,300,0,time_limit,time_limit,,3217.7,,,,,300.12741754204035,,,,,,,
savsched1,budgeted_portfolio,300,1,time_limit,time_limit,,3217.7,,,,,300.1528405830031,,,,,,,
savsched1,instance_aware_portfolio,300,1,time_limit,time_limit,,3217.7,,,,,300.1528405830031,,,,,,,
savsched1,multi_feature_portfolio,300,1,time_limit,time_limit,,3217.7,,,,,300.1528405830031,,,,,,,
savsched1,budgeted_portfolio,300,2,time_limit,time_limit,,3217.7,,,,,300.04749116604216,,,,,,,
savsched1,instance_aware_portfolio,300,2,time_limit,time_limit,,3217.7,,,,,300.04749116604216,,,,,,,
savsched1,multi_feature_portfolio,300,2,time_limit,time_limit,,3217.7,,,,,300.04749116604216,,,,,,,
savsched1,budgeted_portfolio,900,0,time_limit,time_limit,,3217.7,,,,,900.1643382920302,,,,,,,
savsched1,instance_aware_portfolio,900,0,time_limit,time_limit,,3217.7,,,,,900.1643382920302,,,,,,,
savsched1,multi_feature_portfolio,900,0,time_limit,time_limit,,3217.7,,,,,900.1643382920302,,,,,,,
savsched1,budgeted_portfolio,900,1,time_limit,time_limit,,3217.7,,,,,900.1557666670415,,,,,,,
savsched1,instance_aware_portfolio,900,1,time_limit,time_limit,,3217.7,,,,,900.1557666670415,,,,,,,
savsched1,multi_feature_portfolio,900,1,time_limit,time_limit,,3217.7,,,,,900.1557666670415,,,,,,,
savsched1,budgeted_portfolio,900,2,time_limit,time_limit,,3217.7,,,,,900.1399115410168,,,,,,,
savsched1,instance_aware_portfolio,900,2,time_limit,time_limit,,3217.7,,,,,900.1399115410168,,,,,,,
savsched1,multi_feature_portfolio,900,2,time_limit,time_limit,,3217.7,,,,,900.1399115410168,,,,,,,
